# Vía Expresa Elevada — proyecto de EPT
# 1 unidad = 1 metro · el terreno mide 210 x 58 m
mtllib via-expresa.mtl

v -105.000 -1.200 -33.000 0.34 0.27 0.2
v -81.667 -1.200 -33.000 0.34 0.27 0.2
v -81.667 -1.200 -13.667 0.34 0.27 0.2
v -105.000 -1.200 -13.667 0.34 0.27 0.2
v -105.000 0.000 -33.000 0.34 0.27 0.2
v -81.667 0.000 -33.000 0.34 0.27 0.2
v -81.667 0.000 -13.667 0.34 0.27 0.2
v -105.000 0.000 -13.667 0.34 0.27 0.2
v -105.000 -1.200 -13.667 0.34 0.27 0.2
v -81.667 -1.200 -13.667 0.34 0.27 0.2
v -81.667 -1.200 5.667 0.34 0.27 0.2
v -105.000 -1.200 5.667 0.34 0.27 0.2
v -105.000 0.000 -13.667 0.34 0.27 0.2
v -81.667 0.000 -13.667 0.34 0.27 0.2
v -81.667 0.000 5.667 0.34 0.27 0.2
v -105.000 0.000 5.667 0.34 0.27 0.2
v -105.000 -1.200 5.667 0.34 0.27 0.2
v -81.667 -1.200 5.667 0.34 0.27 0.2
v -81.667 -1.200 25.000 0.34 0.27 0.2
v -105.000 -1.200 25.000 0.34 0.27 0.2
v -105.000 0.000 5.667 0.34 0.27 0.2
v -81.667 0.000 5.667 0.34 0.27 0.2
v -81.667 0.000 25.000 0.34 0.27 0.2
v -105.000 0.000 25.000 0.34 0.27 0.2
v -81.667 -1.200 -33.000 0.34 0.27 0.2
v -58.333 -1.200 -33.000 0.34 0.27 0.2
v -58.333 -1.200 -13.667 0.34 0.27 0.2
v -81.667 -1.200 -13.667 0.34 0.27 0.2
v -81.667 0.000 -33.000 0.34 0.27 0.2
v -58.333 0.000 -33.000 0.34 0.27 0.2
v -58.333 0.000 -13.667 0.34 0.27 0.2
v -81.667 0.000 -13.667 0.34 0.27 0.2
v -81.667 -1.200 -13.667 0.34 0.27 0.2
v -58.333 -1.200 -13.667 0.34 0.27 0.2
v -58.333 -1.200 5.667 0.34 0.27 0.2
v -81.667 -1.200 5.667 0.34 0.27 0.2
v -81.667 0.000 -13.667 0.34 0.27 0.2
v -58.333 0.000 -13.667 0.34 0.27 0.2
v -58.333 0.000 5.667 0.34 0.27 0.2
v -81.667 0.000 5.667 0.34 0.27 0.2
v -81.667 -1.200 5.667 0.34 0.27 0.2
v -58.333 -1.200 5.667 0.34 0.27 0.2
v -58.333 -1.200 25.000 0.34 0.27 0.2
v -81.667 -1.200 25.000 0.34 0.27 0.2
v -81.667 0.000 5.667 0.34 0.27 0.2
v -58.333 0.000 5.667 0.34 0.27 0.2
v -58.333 0.000 25.000 0.34 0.27 0.2
v -81.667 0.000 25.000 0.34 0.27 0.2
v -58.333 -1.200 -33.000 0.34 0.27 0.2
v -35.000 -1.200 -33.000 0.34 0.27 0.2
v -35.000 -1.200 -13.667 0.34 0.27 0.2
v -58.333 -1.200 -13.667 0.34 0.27 0.2
v -58.333 0.000 -33.000 0.34 0.27 0.2
v -35.000 0.000 -33.000 0.34 0.27 0.2
v -35.000 0.000 -13.667 0.34 0.27 0.2
v -58.333 0.000 -13.667 0.34 0.27 0.2
v -58.333 -1.200 -13.667 0.34 0.27 0.2
v -35.000 -1.200 -13.667 0.34 0.27 0.2
v -35.000 -1.200 5.667 0.34 0.27 0.2
v -58.333 -1.200 5.667 0.34 0.27 0.2
v -58.333 0.000 -13.667 0.34 0.27 0.2
v -35.000 0.000 -13.667 0.34 0.27 0.2
v -35.000 0.000 5.667 0.34 0.27 0.2
v -58.333 0.000 5.667 0.34 0.27 0.2
v -58.333 -1.200 5.667 0.34 0.27 0.2
v -35.000 -1.200 5.667 0.34 0.27 0.2
v -35.000 -1.200 25.000 0.34 0.27 0.2
v -58.333 -1.200 25.000 0.34 0.27 0.2
v -58.333 0.000 5.667 0.34 0.27 0.2
v -35.000 0.000 5.667 0.34 0.27 0.2
v -35.000 0.000 25.000 0.34 0.27 0.2
v -58.333 0.000 25.000 0.34 0.27 0.2
v -35.000 -1.200 -33.000 0.34 0.27 0.2
v -11.667 -1.200 -33.000 0.34 0.27 0.2
v -11.667 -1.200 -13.667 0.34 0.27 0.2
v -35.000 -1.200 -13.667 0.34 0.27 0.2
v -35.000 0.000 -33.000 0.34 0.27 0.2
v -11.667 0.000 -33.000 0.34 0.27 0.2
v -11.667 0.000 -13.667 0.34 0.27 0.2
v -35.000 0.000 -13.667 0.34 0.27 0.2
v -35.000 -1.200 -13.667 0.34 0.27 0.2
v -11.667 -1.200 -13.667 0.34 0.27 0.2
v -11.667 -1.200 5.667 0.34 0.27 0.2
v -35.000 -1.200 5.667 0.34 0.27 0.2
v -35.000 0.000 -13.667 0.34 0.27 0.2
v -11.667 0.000 -13.667 0.34 0.27 0.2
v -11.667 0.000 5.667 0.34 0.27 0.2
v -35.000 0.000 5.667 0.34 0.27 0.2
v -35.000 -1.200 5.667 0.34 0.27 0.2
v -11.667 -1.200 5.667 0.34 0.27 0.2
v -11.667 -1.200 25.000 0.34 0.27 0.2
v -35.000 -1.200 25.000 0.34 0.27 0.2
v -35.000 0.000 5.667 0.34 0.27 0.2
v -11.667 0.000 5.667 0.34 0.27 0.2
v -11.667 0.000 25.000 0.34 0.27 0.2
v -35.000 0.000 25.000 0.34 0.27 0.2
v -11.667 -1.200 -33.000 0.34 0.27 0.2
v 11.667 -1.200 -33.000 0.34 0.27 0.2
v 11.667 -1.200 -13.667 0.34 0.27 0.2
v -11.667 -1.200 -13.667 0.34 0.27 0.2
v -11.667 0.000 -33.000 0.34 0.27 0.2
v 11.667 0.000 -33.000 0.34 0.27 0.2
v 11.667 0.000 -13.667 0.34 0.27 0.2
v -11.667 0.000 -13.667 0.34 0.27 0.2
v -11.667 -1.200 -13.667 0.34 0.27 0.2
v 11.667 -1.200 -13.667 0.34 0.27 0.2
v 11.667 -1.200 5.667 0.34 0.27 0.2
v -11.667 -1.200 5.667 0.34 0.27 0.2
v -11.667 0.000 -13.667 0.34 0.27 0.2
v 11.667 0.000 -13.667 0.34 0.27 0.2
v 11.667 0.000 5.667 0.34 0.27 0.2
v -11.667 0.000 5.667 0.34 0.27 0.2
v -11.667 -1.200 5.667 0.34 0.27 0.2
v 11.667 -1.200 5.667 0.34 0.27 0.2
v 11.667 -1.200 25.000 0.34 0.27 0.2
v -11.667 -1.200 25.000 0.34 0.27 0.2
v -11.667 0.000 5.667 0.34 0.27 0.2
v 11.667 0.000 5.667 0.34 0.27 0.2
v 11.667 0.000 25.000 0.34 0.27 0.2
v -11.667 0.000 25.000 0.34 0.27 0.2
v 11.667 -1.200 -33.000 0.34 0.27 0.2
v 35.000 -1.200 -33.000 0.34 0.27 0.2
v 35.000 -1.200 -13.667 0.34 0.27 0.2
v 11.667 -1.200 -13.667 0.34 0.27 0.2
v 11.667 0.000 -33.000 0.34 0.27 0.2
v 35.000 0.000 -33.000 0.34 0.27 0.2
v 35.000 0.000 -13.667 0.34 0.27 0.2
v 11.667 0.000 -13.667 0.34 0.27 0.2
v 11.667 -1.200 -13.667 0.34 0.27 0.2
v 35.000 -1.200 -13.667 0.34 0.27 0.2
v 35.000 -1.200 5.667 0.34 0.27 0.2
v 11.667 -1.200 5.667 0.34 0.27 0.2
v 11.667 0.000 -13.667 0.34 0.27 0.2
v 35.000 0.000 -13.667 0.34 0.27 0.2
v 35.000 0.000 5.667 0.34 0.27 0.2
v 11.667 0.000 5.667 0.34 0.27 0.2
v 11.667 -1.200 5.667 0.34 0.27 0.2
v 35.000 -1.200 5.667 0.34 0.27 0.2
v 35.000 -1.200 25.000 0.34 0.27 0.2
v 11.667 -1.200 25.000 0.34 0.27 0.2
v 11.667 0.000 5.667 0.34 0.27 0.2
v 35.000 0.000 5.667 0.34 0.27 0.2
v 35.000 0.000 25.000 0.34 0.27 0.2
v 11.667 0.000 25.000 0.34 0.27 0.2
v 35.000 -1.200 -33.000 0.34 0.27 0.2
v 58.333 -1.200 -33.000 0.34 0.27 0.2
v 58.333 -1.200 -13.667 0.34 0.27 0.2
v 35.000 -1.200 -13.667 0.34 0.27 0.2
v 35.000 0.000 -33.000 0.34 0.27 0.2
v 58.333 0.000 -33.000 0.34 0.27 0.2
v 58.333 0.000 -13.667 0.34 0.27 0.2
v 35.000 0.000 -13.667 0.34 0.27 0.2
v 35.000 -1.200 -13.667 0.34 0.27 0.2
v 58.333 -1.200 -13.667 0.34 0.27 0.2
v 58.333 -1.200 5.667 0.34 0.27 0.2
v 35.000 -1.200 5.667 0.34 0.27 0.2
v 35.000 0.000 -13.667 0.34 0.27 0.2
v 58.333 0.000 -13.667 0.34 0.27 0.2
v 58.333 0.000 5.667 0.34 0.27 0.2
v 35.000 0.000 5.667 0.34 0.27 0.2
v 35.000 -1.200 5.667 0.34 0.27 0.2
v 58.333 -1.200 5.667 0.34 0.27 0.2
v 58.333 -1.200 25.000 0.34 0.27 0.2
v 35.000 -1.200 25.000 0.34 0.27 0.2
v 35.000 0.000 5.667 0.34 0.27 0.2
v 58.333 0.000 5.667 0.34 0.27 0.2
v 58.333 0.000 25.000 0.34 0.27 0.2
v 35.000 0.000 25.000 0.34 0.27 0.2
v 58.333 -1.200 -33.000 0.34 0.27 0.2
v 81.667 -1.200 -33.000 0.34 0.27 0.2
v 81.667 -1.200 -13.667 0.34 0.27 0.2
v 58.333 -1.200 -13.667 0.34 0.27 0.2
v 58.333 0.000 -33.000 0.34 0.27 0.2
v 81.667 0.000 -33.000 0.34 0.27 0.2
v 81.667 0.000 -13.667 0.34 0.27 0.2
v 58.333 0.000 -13.667 0.34 0.27 0.2
v 58.333 -1.200 -13.667 0.34 0.27 0.2
v 81.667 -1.200 -13.667 0.34 0.27 0.2
v 81.667 -1.200 5.667 0.34 0.27 0.2
v 58.333 -1.200 5.667 0.34 0.27 0.2
v 58.333 0.000 -13.667 0.34 0.27 0.2
v 81.667 0.000 -13.667 0.34 0.27 0.2
v 81.667 0.000 5.667 0.34 0.27 0.2
v 58.333 0.000 5.667 0.34 0.27 0.2
v 58.333 -1.200 5.667 0.34 0.27 0.2
v 81.667 -1.200 5.667 0.34 0.27 0.2
v 81.667 -1.200 25.000 0.34 0.27 0.2
v 58.333 -1.200 25.000 0.34 0.27 0.2
v 58.333 0.000 5.667 0.34 0.27 0.2
v 81.667 0.000 5.667 0.34 0.27 0.2
v 81.667 0.000 25.000 0.34 0.27 0.2
v 58.333 0.000 25.000 0.34 0.27 0.2
v 81.667 -1.200 -33.000 0.34 0.27 0.2
v 105.000 -1.200 -33.000 0.34 0.27 0.2
v 105.000 -1.200 -13.667 0.34 0.27 0.2
v 81.667 -1.200 -13.667 0.34 0.27 0.2
v 81.667 0.000 -33.000 0.34 0.27 0.2
v 105.000 0.000 -33.000 0.34 0.27 0.2
v 105.000 0.000 -13.667 0.34 0.27 0.2
v 81.667 0.000 -13.667 0.34 0.27 0.2
v 81.667 -1.200 -13.667 0.34 0.27 0.2
v 105.000 -1.200 -13.667 0.34 0.27 0.2
v 105.000 -1.200 5.667 0.34 0.27 0.2
v 81.667 -1.200 5.667 0.34 0.27 0.2
v 81.667 0.000 -13.667 0.34 0.27 0.2
v 105.000 0.000 -13.667 0.34 0.27 0.2
v 105.000 0.000 5.667 0.34 0.27 0.2
v 81.667 0.000 5.667 0.34 0.27 0.2
v 81.667 -1.200 5.667 0.34 0.27 0.2
v 105.000 -1.200 5.667 0.34 0.27 0.2
v 105.000 -1.200 25.000 0.34 0.27 0.2
v 81.667 -1.200 25.000 0.34 0.27 0.2
v 81.667 0.000 5.667 0.34 0.27 0.2
v 105.000 0.000 5.667 0.34 0.27 0.2
v 105.000 0.000 25.000 0.34 0.27 0.2
v 81.667 0.000 25.000 0.34 0.27 0.2
v -105.000 0.000 -33.000 0.42 0.58 0.28
v -81.667 0.000 -33.000 0.42 0.58 0.28
v -81.667 0.000 -13.667 0.42 0.58 0.28
v -105.000 0.000 -13.667 0.42 0.58 0.28
v -105.000 0.150 -33.000 0.42 0.58 0.28
v -81.667 0.150 -33.000 0.42 0.58 0.28
v -81.667 0.150 -13.667 0.42 0.58 0.28
v -105.000 0.150 -13.667 0.42 0.58 0.28
v -105.000 0.000 -13.667 0.42 0.58 0.28
v -81.667 0.000 -13.667 0.42 0.58 0.28
v -81.667 0.000 5.667 0.42 0.58 0.28
v -105.000 0.000 5.667 0.42 0.58 0.28
v -105.000 0.150 -13.667 0.42 0.58 0.28
v -81.667 0.150 -13.667 0.42 0.58 0.28
v -81.667 0.150 5.667 0.42 0.58 0.28
v -105.000 0.150 5.667 0.42 0.58 0.28
v -105.000 0.000 5.667 0.42 0.58 0.28
v -81.667 0.000 5.667 0.42 0.58 0.28
v -81.667 0.000 25.000 0.42 0.58 0.28
v -105.000 0.000 25.000 0.42 0.58 0.28
v -105.000 0.150 5.667 0.42 0.58 0.28
v -81.667 0.150 5.667 0.42 0.58 0.28
v -81.667 0.150 25.000 0.42 0.58 0.28
v -105.000 0.150 25.000 0.42 0.58 0.28
v -81.667 0.000 -33.000 0.42 0.58 0.28
v -58.333 0.000 -33.000 0.42 0.58 0.28
v -58.333 0.000 -13.667 0.42 0.58 0.28
v -81.667 0.000 -13.667 0.42 0.58 0.28
v -81.667 0.150 -33.000 0.42 0.58 0.28
v -58.333 0.150 -33.000 0.42 0.58 0.28
v -58.333 0.150 -13.667 0.42 0.58 0.28
v -81.667 0.150 -13.667 0.42 0.58 0.28
v -81.667 0.000 -13.667 0.42 0.58 0.28
v -58.333 0.000 -13.667 0.42 0.58 0.28
v -58.333 0.000 5.667 0.42 0.58 0.28
v -81.667 0.000 5.667 0.42 0.58 0.28
v -81.667 0.150 -13.667 0.42 0.58 0.28
v -58.333 0.150 -13.667 0.42 0.58 0.28
v -58.333 0.150 5.667 0.42 0.58 0.28
v -81.667 0.150 5.667 0.42 0.58 0.28
v -81.667 0.000 5.667 0.42 0.58 0.28
v -58.333 0.000 5.667 0.42 0.58 0.28
v -58.333 0.000 25.000 0.42 0.58 0.28
v -81.667 0.000 25.000 0.42 0.58 0.28
v -81.667 0.150 5.667 0.42 0.58 0.28
v -58.333 0.150 5.667 0.42 0.58 0.28
v -58.333 0.150 25.000 0.42 0.58 0.28
v -81.667 0.150 25.000 0.42 0.58 0.28
v -58.333 0.000 -33.000 0.42 0.58 0.28
v -35.000 0.000 -33.000 0.42 0.58 0.28
v -35.000 0.000 -13.667 0.42 0.58 0.28
v -58.333 0.000 -13.667 0.42 0.58 0.28
v -58.333 0.150 -33.000 0.42 0.58 0.28
v -35.000 0.150 -33.000 0.42 0.58 0.28
v -35.000 0.150 -13.667 0.42 0.58 0.28
v -58.333 0.150 -13.667 0.42 0.58 0.28
v -58.333 0.000 -13.667 0.42 0.58 0.28
v -35.000 0.000 -13.667 0.42 0.58 0.28
v -35.000 0.000 5.667 0.42 0.58 0.28
v -58.333 0.000 5.667 0.42 0.58 0.28
v -58.333 0.150 -13.667 0.42 0.58 0.28
v -35.000 0.150 -13.667 0.42 0.58 0.28
v -35.000 0.150 5.667 0.42 0.58 0.28
v -58.333 0.150 5.667 0.42 0.58 0.28
v -58.333 0.000 5.667 0.42 0.58 0.28
v -35.000 0.000 5.667 0.42 0.58 0.28
v -35.000 0.000 25.000 0.42 0.58 0.28
v -58.333 0.000 25.000 0.42 0.58 0.28
v -58.333 0.150 5.667 0.42 0.58 0.28
v -35.000 0.150 5.667 0.42 0.58 0.28
v -35.000 0.150 25.000 0.42 0.58 0.28
v -58.333 0.150 25.000 0.42 0.58 0.28
v -35.000 0.000 -33.000 0.42 0.58 0.28
v -11.667 0.000 -33.000 0.42 0.58 0.28
v -11.667 0.000 -13.667 0.42 0.58 0.28
v -35.000 0.000 -13.667 0.42 0.58 0.28
v -35.000 0.150 -33.000 0.42 0.58 0.28
v -11.667 0.150 -33.000 0.42 0.58 0.28
v -11.667 0.150 -13.667 0.42 0.58 0.28
v -35.000 0.150 -13.667 0.42 0.58 0.28
v -35.000 0.000 -13.667 0.42 0.58 0.28
v -11.667 0.000 -13.667 0.42 0.58 0.28
v -11.667 0.000 5.667 0.42 0.58 0.28
v -35.000 0.000 5.667 0.42 0.58 0.28
v -35.000 0.150 -13.667 0.42 0.58 0.28
v -11.667 0.150 -13.667 0.42 0.58 0.28
v -11.667 0.150 5.667 0.42 0.58 0.28
v -35.000 0.150 5.667 0.42 0.58 0.28
v -35.000 0.000 5.667 0.42 0.58 0.28
v -11.667 0.000 5.667 0.42 0.58 0.28
v -11.667 0.000 25.000 0.42 0.58 0.28
v -35.000 0.000 25.000 0.42 0.58 0.28
v -35.000 0.150 5.667 0.42 0.58 0.28
v -11.667 0.150 5.667 0.42 0.58 0.28
v -11.667 0.150 25.000 0.42 0.58 0.28
v -35.000 0.150 25.000 0.42 0.58 0.28
v -11.667 0.000 -33.000 0.42 0.58 0.28
v 11.667 0.000 -33.000 0.42 0.58 0.28
v 11.667 0.000 -13.667 0.42 0.58 0.28
v -11.667 0.000 -13.667 0.42 0.58 0.28
v -11.667 0.150 -33.000 0.42 0.58 0.28
v 11.667 0.150 -33.000 0.42 0.58 0.28
v 11.667 0.150 -13.667 0.42 0.58 0.28
v -11.667 0.150 -13.667 0.42 0.58 0.28
v -11.667 0.000 -13.667 0.42 0.58 0.28
v 11.667 0.000 -13.667 0.42 0.58 0.28
v 11.667 0.000 5.667 0.42 0.58 0.28
v -11.667 0.000 5.667 0.42 0.58 0.28
v -11.667 0.150 -13.667 0.42 0.58 0.28
v 11.667 0.150 -13.667 0.42 0.58 0.28
v 11.667 0.150 5.667 0.42 0.58 0.28
v -11.667 0.150 5.667 0.42 0.58 0.28
v -11.667 0.000 5.667 0.42 0.58 0.28
v 11.667 0.000 5.667 0.42 0.58 0.28
v 11.667 0.000 25.000 0.42 0.58 0.28
v -11.667 0.000 25.000 0.42 0.58 0.28
v -11.667 0.150 5.667 0.42 0.58 0.28
v 11.667 0.150 5.667 0.42 0.58 0.28
v 11.667 0.150 25.000 0.42 0.58 0.28
v -11.667 0.150 25.000 0.42 0.58 0.28
v 11.667 0.000 -33.000 0.42 0.58 0.28
v 35.000 0.000 -33.000 0.42 0.58 0.28
v 35.000 0.000 -13.667 0.42 0.58 0.28
v 11.667 0.000 -13.667 0.42 0.58 0.28
v 11.667 0.150 -33.000 0.42 0.58 0.28
v 35.000 0.150 -33.000 0.42 0.58 0.28
v 35.000 0.150 -13.667 0.42 0.58 0.28
v 11.667 0.150 -13.667 0.42 0.58 0.28
v 11.667 0.000 -13.667 0.42 0.58 0.28
v 35.000 0.000 -13.667 0.42 0.58 0.28
v 35.000 0.000 5.667 0.42 0.58 0.28
v 11.667 0.000 5.667 0.42 0.58 0.28
v 11.667 0.150 -13.667 0.42 0.58 0.28
v 35.000 0.150 -13.667 0.42 0.58 0.28
v 35.000 0.150 5.667 0.42 0.58 0.28
v 11.667 0.150 5.667 0.42 0.58 0.28
v 11.667 0.000 5.667 0.42 0.58 0.28
v 35.000 0.000 5.667 0.42 0.58 0.28
v 35.000 0.000 25.000 0.42 0.58 0.28
v 11.667 0.000 25.000 0.42 0.58 0.28
v 11.667 0.150 5.667 0.42 0.58 0.28
v 35.000 0.150 5.667 0.42 0.58 0.28
v 35.000 0.150 25.000 0.42 0.58 0.28
v 11.667 0.150 25.000 0.42 0.58 0.28
v 35.000 0.000 -33.000 0.42 0.58 0.28
v 58.333 0.000 -33.000 0.42 0.58 0.28
v 58.333 0.000 -13.667 0.42 0.58 0.28
v 35.000 0.000 -13.667 0.42 0.58 0.28
v 35.000 0.150 -33.000 0.42 0.58 0.28
v 58.333 0.150 -33.000 0.42 0.58 0.28
v 58.333 0.150 -13.667 0.42 0.58 0.28
v 35.000 0.150 -13.667 0.42 0.58 0.28
v 35.000 0.000 -13.667 0.42 0.58 0.28
v 58.333 0.000 -13.667 0.42 0.58 0.28
v 58.333 0.000 5.667 0.42 0.58 0.28
v 35.000 0.000 5.667 0.42 0.58 0.28
v 35.000 0.150 -13.667 0.42 0.58 0.28
v 58.333 0.150 -13.667 0.42 0.58 0.28
v 58.333 0.150 5.667 0.42 0.58 0.28
v 35.000 0.150 5.667 0.42 0.58 0.28
v 35.000 0.000 5.667 0.42 0.58 0.28
v 58.333 0.000 5.667 0.42 0.58 0.28
v 58.333 0.000 25.000 0.42 0.58 0.28
v 35.000 0.000 25.000 0.42 0.58 0.28
v 35.000 0.150 5.667 0.42 0.58 0.28
v 58.333 0.150 5.667 0.42 0.58 0.28
v 58.333 0.150 25.000 0.42 0.58 0.28
v 35.000 0.150 25.000 0.42 0.58 0.28
v 58.333 0.000 -33.000 0.42 0.58 0.28
v 81.667 0.000 -33.000 0.42 0.58 0.28
v 81.667 0.000 -13.667 0.42 0.58 0.28
v 58.333 0.000 -13.667 0.42 0.58 0.28
v 58.333 0.150 -33.000 0.42 0.58 0.28
v 81.667 0.150 -33.000 0.42 0.58 0.28
v 81.667 0.150 -13.667 0.42 0.58 0.28
v 58.333 0.150 -13.667 0.42 0.58 0.28
v 58.333 0.000 -13.667 0.42 0.58 0.28
v 81.667 0.000 -13.667 0.42 0.58 0.28
v 81.667 0.000 5.667 0.42 0.58 0.28
v 58.333 0.000 5.667 0.42 0.58 0.28
v 58.333 0.150 -13.667 0.42 0.58 0.28
v 81.667 0.150 -13.667 0.42 0.58 0.28
v 81.667 0.150 5.667 0.42 0.58 0.28
v 58.333 0.150 5.667 0.42 0.58 0.28
v 58.333 0.000 5.667 0.42 0.58 0.28
v 81.667 0.000 5.667 0.42 0.58 0.28
v 81.667 0.000 25.000 0.42 0.58 0.28
v 58.333 0.000 25.000 0.42 0.58 0.28
v 58.333 0.150 5.667 0.42 0.58 0.28
v 81.667 0.150 5.667 0.42 0.58 0.28
v 81.667 0.150 25.000 0.42 0.58 0.28
v 58.333 0.150 25.000 0.42 0.58 0.28
v 81.667 0.000 -33.000 0.42 0.58 0.28
v 105.000 0.000 -33.000 0.42 0.58 0.28
v 105.000 0.000 -13.667 0.42 0.58 0.28
v 81.667 0.000 -13.667 0.42 0.58 0.28
v 81.667 0.150 -33.000 0.42 0.58 0.28
v 105.000 0.150 -33.000 0.42 0.58 0.28
v 105.000 0.150 -13.667 0.42 0.58 0.28
v 81.667 0.150 -13.667 0.42 0.58 0.28
v 81.667 0.000 -13.667 0.42 0.58 0.28
v 105.000 0.000 -13.667 0.42 0.58 0.28
v 105.000 0.000 5.667 0.42 0.58 0.28
v 81.667 0.000 5.667 0.42 0.58 0.28
v 81.667 0.150 -13.667 0.42 0.58 0.28
v 105.000 0.150 -13.667 0.42 0.58 0.28
v 105.000 0.150 5.667 0.42 0.58 0.28
v 81.667 0.150 5.667 0.42 0.58 0.28
v 81.667 0.000 5.667 0.42 0.58 0.28
v 105.000 0.000 5.667 0.42 0.58 0.28
v 105.000 0.000 25.000 0.42 0.58 0.28
v 81.667 0.000 25.000 0.42 0.58 0.28
v 81.667 0.150 5.667 0.42 0.58 0.28
v 105.000 0.150 5.667 0.42 0.58 0.28
v 105.000 0.150 25.000 0.42 0.58 0.28
v 81.667 0.150 25.000 0.42 0.58 0.28
v -105.000 0.020 -33.000 0.74 0.72 0.67
v -81.667 0.020 -33.000 0.74 0.72 0.67
v -81.667 0.020 -30.000 0.74 0.72 0.67
v -105.000 0.020 -30.000 0.74 0.72 0.67
v -105.000 0.170 -33.000 0.74 0.72 0.67
v -81.667 0.170 -33.000 0.74 0.72 0.67
v -81.667 0.170 -30.000 0.74 0.72 0.67
v -105.000 0.170 -30.000 0.74 0.72 0.67
v -81.667 0.020 -33.000 0.74 0.72 0.67
v -58.333 0.020 -33.000 0.74 0.72 0.67
v -58.333 0.020 -30.000 0.74 0.72 0.67
v -81.667 0.020 -30.000 0.74 0.72 0.67
v -81.667 0.170 -33.000 0.74 0.72 0.67
v -58.333 0.170 -33.000 0.74 0.72 0.67
v -58.333 0.170 -30.000 0.74 0.72 0.67
v -81.667 0.170 -30.000 0.74 0.72 0.67
v -58.333 0.020 -33.000 0.74 0.72 0.67
v -35.000 0.020 -33.000 0.74 0.72 0.67
v -35.000 0.020 -30.000 0.74 0.72 0.67
v -58.333 0.020 -30.000 0.74 0.72 0.67
v -58.333 0.170 -33.000 0.74 0.72 0.67
v -35.000 0.170 -33.000 0.74 0.72 0.67
v -35.000 0.170 -30.000 0.74 0.72 0.67
v -58.333 0.170 -30.000 0.74 0.72 0.67
v -35.000 0.020 -33.000 0.74 0.72 0.67
v -11.667 0.020 -33.000 0.74 0.72 0.67
v -11.667 0.020 -30.000 0.74 0.72 0.67
v -35.000 0.020 -30.000 0.74 0.72 0.67
v -35.000 0.170 -33.000 0.74 0.72 0.67
v -11.667 0.170 -33.000 0.74 0.72 0.67
v -11.667 0.170 -30.000 0.74 0.72 0.67
v -35.000 0.170 -30.000 0.74 0.72 0.67
v -11.667 0.020 -33.000 0.74 0.72 0.67
v 11.667 0.020 -33.000 0.74 0.72 0.67
v 11.667 0.020 -30.000 0.74 0.72 0.67
v -11.667 0.020 -30.000 0.74 0.72 0.67
v -11.667 0.170 -33.000 0.74 0.72 0.67
v 11.667 0.170 -33.000 0.74 0.72 0.67
v 11.667 0.170 -30.000 0.74 0.72 0.67
v -11.667 0.170 -30.000 0.74 0.72 0.67
v 11.667 0.020 -33.000 0.74 0.72 0.67
v 35.000 0.020 -33.000 0.74 0.72 0.67
v 35.000 0.020 -30.000 0.74 0.72 0.67
v 11.667 0.020 -30.000 0.74 0.72 0.67
v 11.667 0.170 -33.000 0.74 0.72 0.67
v 35.000 0.170 -33.000 0.74 0.72 0.67
v 35.000 0.170 -30.000 0.74 0.72 0.67
v 11.667 0.170 -30.000 0.74 0.72 0.67
v 35.000 0.020 -33.000 0.74 0.72 0.67
v 58.333 0.020 -33.000 0.74 0.72 0.67
v 58.333 0.020 -30.000 0.74 0.72 0.67
v 35.000 0.020 -30.000 0.74 0.72 0.67
v 35.000 0.170 -33.000 0.74 0.72 0.67
v 58.333 0.170 -33.000 0.74 0.72 0.67
v 58.333 0.170 -30.000 0.74 0.72 0.67
v 35.000 0.170 -30.000 0.74 0.72 0.67
v 58.333 0.020 -33.000 0.74 0.72 0.67
v 81.667 0.020 -33.000 0.74 0.72 0.67
v 81.667 0.020 -30.000 0.74 0.72 0.67
v 58.333 0.020 -30.000 0.74 0.72 0.67
v 58.333 0.170 -33.000 0.74 0.72 0.67
v 81.667 0.170 -33.000 0.74 0.72 0.67
v 81.667 0.170 -30.000 0.74 0.72 0.67
v 58.333 0.170 -30.000 0.74 0.72 0.67
v 81.667 0.020 -33.000 0.74 0.72 0.67
v 105.000 0.020 -33.000 0.74 0.72 0.67
v 105.000 0.020 -30.000 0.74 0.72 0.67
v 81.667 0.020 -30.000 0.74 0.72 0.67
v 81.667 0.170 -33.000 0.74 0.72 0.67
v 105.000 0.170 -33.000 0.74 0.72 0.67
v 105.000 0.170 -30.000 0.74 0.72 0.67
v 81.667 0.170 -30.000 0.74 0.72 0.67
v -105.000 0.020 -30.000 0.62 0.3 0.24
v -81.667 0.020 -30.000 0.62 0.3 0.24
v -81.667 0.020 -27.500 0.62 0.3 0.24
v -105.000 0.020 -27.500 0.62 0.3 0.24
v -105.000 0.170 -30.000 0.62 0.3 0.24
v -81.667 0.170 -30.000 0.62 0.3 0.24
v -81.667 0.170 -27.500 0.62 0.3 0.24
v -105.000 0.170 -27.500 0.62 0.3 0.24
v -81.667 0.020 -30.000 0.62 0.3 0.24
v -58.333 0.020 -30.000 0.62 0.3 0.24
v -58.333 0.020 -27.500 0.62 0.3 0.24
v -81.667 0.020 -27.500 0.62 0.3 0.24
v -81.667 0.170 -30.000 0.62 0.3 0.24
v -58.333 0.170 -30.000 0.62 0.3 0.24
v -58.333 0.170 -27.500 0.62 0.3 0.24
v -81.667 0.170 -27.500 0.62 0.3 0.24
v -58.333 0.020 -30.000 0.62 0.3 0.24
v -35.000 0.020 -30.000 0.62 0.3 0.24
v -35.000 0.020 -27.500 0.62 0.3 0.24
v -58.333 0.020 -27.500 0.62 0.3 0.24
v -58.333 0.170 -30.000 0.62 0.3 0.24
v -35.000 0.170 -30.000 0.62 0.3 0.24
v -35.000 0.170 -27.500 0.62 0.3 0.24
v -58.333 0.170 -27.500 0.62 0.3 0.24
v -35.000 0.020 -30.000 0.62 0.3 0.24
v -11.667 0.020 -30.000 0.62 0.3 0.24
v -11.667 0.020 -27.500 0.62 0.3 0.24
v -35.000 0.020 -27.500 0.62 0.3 0.24
v -35.000 0.170 -30.000 0.62 0.3 0.24
v -11.667 0.170 -30.000 0.62 0.3 0.24
v -11.667 0.170 -27.500 0.62 0.3 0.24
v -35.000 0.170 -27.500 0.62 0.3 0.24
v -11.667 0.020 -30.000 0.62 0.3 0.24
v 11.667 0.020 -30.000 0.62 0.3 0.24
v 11.667 0.020 -27.500 0.62 0.3 0.24
v -11.667 0.020 -27.500 0.62 0.3 0.24
v -11.667 0.170 -30.000 0.62 0.3 0.24
v 11.667 0.170 -30.000 0.62 0.3 0.24
v 11.667 0.170 -27.500 0.62 0.3 0.24
v -11.667 0.170 -27.500 0.62 0.3 0.24
v 11.667 0.020 -30.000 0.62 0.3 0.24
v 35.000 0.020 -30.000 0.62 0.3 0.24
v 35.000 0.020 -27.500 0.62 0.3 0.24
v 11.667 0.020 -27.500 0.62 0.3 0.24
v 11.667 0.170 -30.000 0.62 0.3 0.24
v 35.000 0.170 -30.000 0.62 0.3 0.24
v 35.000 0.170 -27.500 0.62 0.3 0.24
v 11.667 0.170 -27.500 0.62 0.3 0.24
v 35.000 0.020 -30.000 0.62 0.3 0.24
v 58.333 0.020 -30.000 0.62 0.3 0.24
v 58.333 0.020 -27.500 0.62 0.3 0.24
v 35.000 0.020 -27.500 0.62 0.3 0.24
v 35.000 0.170 -30.000 0.62 0.3 0.24
v 58.333 0.170 -30.000 0.62 0.3 0.24
v 58.333 0.170 -27.500 0.62 0.3 0.24
v 35.000 0.170 -27.500 0.62 0.3 0.24
v 58.333 0.020 -30.000 0.62 0.3 0.24
v 81.667 0.020 -30.000 0.62 0.3 0.24
v 81.667 0.020 -27.500 0.62 0.3 0.24
v 58.333 0.020 -27.500 0.62 0.3 0.24
v 58.333 0.170 -30.000 0.62 0.3 0.24
v 81.667 0.170 -30.000 0.62 0.3 0.24
v 81.667 0.170 -27.500 0.62 0.3 0.24
v 58.333 0.170 -27.500 0.62 0.3 0.24
v 81.667 0.020 -30.000 0.62 0.3 0.24
v 105.000 0.020 -30.000 0.62 0.3 0.24
v 105.000 0.020 -27.500 0.62 0.3 0.24
v 81.667 0.020 -27.500 0.62 0.3 0.24
v 81.667 0.170 -30.000 0.62 0.3 0.24
v 105.000 0.170 -30.000 0.62 0.3 0.24
v 105.000 0.170 -27.500 0.62 0.3 0.24
v 81.667 0.170 -27.500 0.62 0.3 0.24
v -105.000 0.020 -25.500 0.24 0.26 0.29
v -81.667 0.020 -25.500 0.24 0.26 0.29
v -81.667 0.020 -15.500 0.24 0.26 0.29
v -105.000 0.020 -15.500 0.24 0.26 0.29
v -105.000 0.170 -25.500 0.24 0.26 0.29
v -81.667 0.170 -25.500 0.24 0.26 0.29
v -81.667 0.170 -15.500 0.24 0.26 0.29
v -105.000 0.170 -15.500 0.24 0.26 0.29
v -81.667 0.020 -25.500 0.24 0.26 0.29
v -58.333 0.020 -25.500 0.24 0.26 0.29
v -58.333 0.020 -15.500 0.24 0.26 0.29
v -81.667 0.020 -15.500 0.24 0.26 0.29
v -81.667 0.170 -25.500 0.24 0.26 0.29
v -58.333 0.170 -25.500 0.24 0.26 0.29
v -58.333 0.170 -15.500 0.24 0.26 0.29
v -81.667 0.170 -15.500 0.24 0.26 0.29
v -58.333 0.020 -25.500 0.24 0.26 0.29
v -35.000 0.020 -25.500 0.24 0.26 0.29
v -35.000 0.020 -15.500 0.24 0.26 0.29
v -58.333 0.020 -15.500 0.24 0.26 0.29
v -58.333 0.170 -25.500 0.24 0.26 0.29
v -35.000 0.170 -25.500 0.24 0.26 0.29
v -35.000 0.170 -15.500 0.24 0.26 0.29
v -58.333 0.170 -15.500 0.24 0.26 0.29
v -35.000 0.020 -25.500 0.24 0.26 0.29
v -11.667 0.020 -25.500 0.24 0.26 0.29
v -11.667 0.020 -15.500 0.24 0.26 0.29
v -35.000 0.020 -15.500 0.24 0.26 0.29
v -35.000 0.170 -25.500 0.24 0.26 0.29
v -11.667 0.170 -25.500 0.24 0.26 0.29
v -11.667 0.170 -15.500 0.24 0.26 0.29
v -35.000 0.170 -15.500 0.24 0.26 0.29
v -11.667 0.020 -25.500 0.24 0.26 0.29
v 11.667 0.020 -25.500 0.24 0.26 0.29
v 11.667 0.020 -15.500 0.24 0.26 0.29
v -11.667 0.020 -15.500 0.24 0.26 0.29
v -11.667 0.170 -25.500 0.24 0.26 0.29
v 11.667 0.170 -25.500 0.24 0.26 0.29
v 11.667 0.170 -15.500 0.24 0.26 0.29
v -11.667 0.170 -15.500 0.24 0.26 0.29
v 11.667 0.020 -25.500 0.24 0.26 0.29
v 35.000 0.020 -25.500 0.24 0.26 0.29
v 35.000 0.020 -15.500 0.24 0.26 0.29
v 11.667 0.020 -15.500 0.24 0.26 0.29
v 11.667 0.170 -25.500 0.24 0.26 0.29
v 35.000 0.170 -25.500 0.24 0.26 0.29
v 35.000 0.170 -15.500 0.24 0.26 0.29
v 11.667 0.170 -15.500 0.24 0.26 0.29
v 35.000 0.020 -25.500 0.24 0.26 0.29
v 58.333 0.020 -25.500 0.24 0.26 0.29
v 58.333 0.020 -15.500 0.24 0.26 0.29
v 35.000 0.020 -15.500 0.24 0.26 0.29
v 35.000 0.170 -25.500 0.24 0.26 0.29
v 58.333 0.170 -25.500 0.24 0.26 0.29
v 58.333 0.170 -15.500 0.24 0.26 0.29
v 35.000 0.170 -15.500 0.24 0.26 0.29
v 58.333 0.020 -25.500 0.24 0.26 0.29
v 81.667 0.020 -25.500 0.24 0.26 0.29
v 81.667 0.020 -15.500 0.24 0.26 0.29
v 58.333 0.020 -15.500 0.24 0.26 0.29
v 58.333 0.170 -25.500 0.24 0.26 0.29
v 81.667 0.170 -25.500 0.24 0.26 0.29
v 81.667 0.170 -15.500 0.24 0.26 0.29
v 58.333 0.170 -15.500 0.24 0.26 0.29
v 81.667 0.020 -25.500 0.24 0.26 0.29
v 105.000 0.020 -25.500 0.24 0.26 0.29
v 105.000 0.020 -15.500 0.24 0.26 0.29
v 81.667 0.020 -15.500 0.24 0.26 0.29
v 81.667 0.170 -25.500 0.24 0.26 0.29
v 105.000 0.170 -25.500 0.24 0.26 0.29
v 105.000 0.170 -15.500 0.24 0.26 0.29
v 81.667 0.170 -15.500 0.24 0.26 0.29
v -105.000 0.140 -7.500 0.34 0.47 0.23
v -81.667 0.140 -7.500 0.34 0.47 0.23
v -81.667 0.140 7.500 0.34 0.47 0.23
v -105.000 0.140 7.500 0.34 0.47 0.23
v -105.000 0.160 -7.500 0.34 0.47 0.23
v -81.667 0.160 -7.500 0.34 0.47 0.23
v -81.667 0.160 7.500 0.34 0.47 0.23
v -105.000 0.160 7.500 0.34 0.47 0.23
v -81.667 0.140 -7.500 0.34 0.47 0.23
v -58.333 0.140 -7.500 0.34 0.47 0.23
v -58.333 0.140 7.500 0.34 0.47 0.23
v -81.667 0.140 7.500 0.34 0.47 0.23
v -81.667 0.160 -7.500 0.34 0.47 0.23
v -58.333 0.160 -7.500 0.34 0.47 0.23
v -58.333 0.160 7.500 0.34 0.47 0.23
v -81.667 0.160 7.500 0.34 0.47 0.23
v -58.333 0.140 -7.500 0.34 0.47 0.23
v -35.000 0.140 -7.500 0.34 0.47 0.23
v -35.000 0.140 7.500 0.34 0.47 0.23
v -58.333 0.140 7.500 0.34 0.47 0.23
v -58.333 0.160 -7.500 0.34 0.47 0.23
v -35.000 0.160 -7.500 0.34 0.47 0.23
v -35.000 0.160 7.500 0.34 0.47 0.23
v -58.333 0.160 7.500 0.34 0.47 0.23
v -35.000 0.140 -7.500 0.34 0.47 0.23
v -11.667 0.140 -7.500 0.34 0.47 0.23
v -11.667 0.140 7.500 0.34 0.47 0.23
v -35.000 0.140 7.500 0.34 0.47 0.23
v -35.000 0.160 -7.500 0.34 0.47 0.23
v -11.667 0.160 -7.500 0.34 0.47 0.23
v -11.667 0.160 7.500 0.34 0.47 0.23
v -35.000 0.160 7.500 0.34 0.47 0.23
v -11.667 0.140 -7.500 0.34 0.47 0.23
v 11.667 0.140 -7.500 0.34 0.47 0.23
v 11.667 0.140 7.500 0.34 0.47 0.23
v -11.667 0.140 7.500 0.34 0.47 0.23
v -11.667 0.160 -7.500 0.34 0.47 0.23
v 11.667 0.160 -7.500 0.34 0.47 0.23
v 11.667 0.160 7.500 0.34 0.47 0.23
v -11.667 0.160 7.500 0.34 0.47 0.23
v 11.667 0.140 -7.500 0.34 0.47 0.23
v 35.000 0.140 -7.500 0.34 0.47 0.23
v 35.000 0.140 7.500 0.34 0.47 0.23
v 11.667 0.140 7.500 0.34 0.47 0.23
v 11.667 0.160 -7.500 0.34 0.47 0.23
v 35.000 0.160 -7.500 0.34 0.47 0.23
v 35.000 0.160 7.500 0.34 0.47 0.23
v 11.667 0.160 7.500 0.34 0.47 0.23
v 35.000 0.140 -7.500 0.34 0.47 0.23
v 58.333 0.140 -7.500 0.34 0.47 0.23
v 58.333 0.140 7.500 0.34 0.47 0.23
v 35.000 0.140 7.500 0.34 0.47 0.23
v 35.000 0.160 -7.500 0.34 0.47 0.23
v 58.333 0.160 -7.500 0.34 0.47 0.23
v 58.333 0.160 7.500 0.34 0.47 0.23
v 35.000 0.160 7.500 0.34 0.47 0.23
v 58.333 0.140 -7.500 0.34 0.47 0.23
v 81.667 0.140 -7.500 0.34 0.47 0.23
v 81.667 0.140 7.500 0.34 0.47 0.23
v 58.333 0.140 7.500 0.34 0.47 0.23
v 58.333 0.160 -7.500 0.34 0.47 0.23
v 81.667 0.160 -7.500 0.34 0.47 0.23
v 81.667 0.160 7.500 0.34 0.47 0.23
v 58.333 0.160 7.500 0.34 0.47 0.23
v 81.667 0.140 -7.500 0.34 0.47 0.23
v 105.000 0.140 -7.500 0.34 0.47 0.23
v 105.000 0.140 7.500 0.34 0.47 0.23
v 81.667 0.140 7.500 0.34 0.47 0.23
v 81.667 0.160 -7.500 0.34 0.47 0.23
v 105.000 0.160 -7.500 0.34 0.47 0.23
v 105.000 0.160 7.500 0.34 0.47 0.23
v 81.667 0.160 7.500 0.34 0.47 0.23
v -105.000 0.020 7.500 0.19 0.21 0.24
v -81.667 0.020 7.500 0.19 0.21 0.24
v -81.667 0.020 11.000 0.19 0.21 0.24
v -105.000 0.020 11.000 0.19 0.21 0.24
v -105.000 0.170 7.500 0.19 0.21 0.24
v -81.667 0.170 7.500 0.19 0.21 0.24
v -81.667 0.170 11.000 0.19 0.21 0.24
v -105.000 0.170 11.000 0.19 0.21 0.24
v -81.667 0.020 7.500 0.19 0.21 0.24
v -58.333 0.020 7.500 0.19 0.21 0.24
v -58.333 0.020 11.000 0.19 0.21 0.24
v -81.667 0.020 11.000 0.19 0.21 0.24
v -81.667 0.170 7.500 0.19 0.21 0.24
v -58.333 0.170 7.500 0.19 0.21 0.24
v -58.333 0.170 11.000 0.19 0.21 0.24
v -81.667 0.170 11.000 0.19 0.21 0.24
v -58.333 0.020 7.500 0.19 0.21 0.24
v -35.000 0.020 7.500 0.19 0.21 0.24
v -35.000 0.020 11.000 0.19 0.21 0.24
v -58.333 0.020 11.000 0.19 0.21 0.24
v -58.333 0.170 7.500 0.19 0.21 0.24
v -35.000 0.170 7.500 0.19 0.21 0.24
v -35.000 0.170 11.000 0.19 0.21 0.24
v -58.333 0.170 11.000 0.19 0.21 0.24
v -35.000 0.020 7.500 0.19 0.21 0.24
v -11.667 0.020 7.500 0.19 0.21 0.24
v -11.667 0.020 11.000 0.19 0.21 0.24
v -35.000 0.020 11.000 0.19 0.21 0.24
v -35.000 0.170 7.500 0.19 0.21 0.24
v -11.667 0.170 7.500 0.19 0.21 0.24
v -11.667 0.170 11.000 0.19 0.21 0.24
v -35.000 0.170 11.000 0.19 0.21 0.24
v -11.667 0.020 7.500 0.19 0.21 0.24
v 11.667 0.020 7.500 0.19 0.21 0.24
v 11.667 0.020 11.000 0.19 0.21 0.24
v -11.667 0.020 11.000 0.19 0.21 0.24
v -11.667 0.170 7.500 0.19 0.21 0.24
v 11.667 0.170 7.500 0.19 0.21 0.24
v 11.667 0.170 11.000 0.19 0.21 0.24
v -11.667 0.170 11.000 0.19 0.21 0.24
v 11.667 0.020 7.500 0.19 0.21 0.24
v 35.000 0.020 7.500 0.19 0.21 0.24
v 35.000 0.020 11.000 0.19 0.21 0.24
v 11.667 0.020 11.000 0.19 0.21 0.24
v 11.667 0.170 7.500 0.19 0.21 0.24
v 35.000 0.170 7.500 0.19 0.21 0.24
v 35.000 0.170 11.000 0.19 0.21 0.24
v 11.667 0.170 11.000 0.19 0.21 0.24
v 35.000 0.020 7.500 0.19 0.21 0.24
v 58.333 0.020 7.500 0.19 0.21 0.24
v 58.333 0.020 11.000 0.19 0.21 0.24
v 35.000 0.020 11.000 0.19 0.21 0.24
v 35.000 0.170 7.500 0.19 0.21 0.24
v 58.333 0.170 7.500 0.19 0.21 0.24
v 58.333 0.170 11.000 0.19 0.21 0.24
v 35.000 0.170 11.000 0.19 0.21 0.24
v 58.333 0.020 7.500 0.19 0.21 0.24
v 81.667 0.020 7.500 0.19 0.21 0.24
v 81.667 0.020 11.000 0.19 0.21 0.24
v 58.333 0.020 11.000 0.19 0.21 0.24
v 58.333 0.170 7.500 0.19 0.21 0.24
v 81.667 0.170 7.500 0.19 0.21 0.24
v 81.667 0.170 11.000 0.19 0.21 0.24
v 58.333 0.170 11.000 0.19 0.21 0.24
v 81.667 0.020 7.500 0.19 0.21 0.24
v 105.000 0.020 7.500 0.19 0.21 0.24
v 105.000 0.020 11.000 0.19 0.21 0.24
v 81.667 0.020 11.000 0.19 0.21 0.24
v 81.667 0.170 7.500 0.19 0.21 0.24
v 105.000 0.170 7.500 0.19 0.21 0.24
v 105.000 0.170 11.000 0.19 0.21 0.24
v 81.667 0.170 11.000 0.19 0.21 0.24
v -105.000 0.020 14.500 0.19 0.21 0.24
v -81.667 0.020 14.500 0.19 0.21 0.24
v -81.667 0.020 18.000 0.19 0.21 0.24
v -105.000 0.020 18.000 0.19 0.21 0.24
v -105.000 0.170 14.500 0.19 0.21 0.24
v -81.667 0.170 14.500 0.19 0.21 0.24
v -81.667 0.170 18.000 0.19 0.21 0.24
v -105.000 0.170 18.000 0.19 0.21 0.24
v -81.667 0.020 14.500 0.19 0.21 0.24
v -58.333 0.020 14.500 0.19 0.21 0.24
v -58.333 0.020 18.000 0.19 0.21 0.24
v -81.667 0.020 18.000 0.19 0.21 0.24
v -81.667 0.170 14.500 0.19 0.21 0.24
v -58.333 0.170 14.500 0.19 0.21 0.24
v -58.333 0.170 18.000 0.19 0.21 0.24
v -81.667 0.170 18.000 0.19 0.21 0.24
v -58.333 0.020 14.500 0.19 0.21 0.24
v -35.000 0.020 14.500 0.19 0.21 0.24
v -35.000 0.020 18.000 0.19 0.21 0.24
v -58.333 0.020 18.000 0.19 0.21 0.24
v -58.333 0.170 14.500 0.19 0.21 0.24
v -35.000 0.170 14.500 0.19 0.21 0.24
v -35.000 0.170 18.000 0.19 0.21 0.24
v -58.333 0.170 18.000 0.19 0.21 0.24
v -35.000 0.020 14.500 0.19 0.21 0.24
v -11.667 0.020 14.500 0.19 0.21 0.24
v -11.667 0.020 18.000 0.19 0.21 0.24
v -35.000 0.020 18.000 0.19 0.21 0.24
v -35.000 0.170 14.500 0.19 0.21 0.24
v -11.667 0.170 14.500 0.19 0.21 0.24
v -11.667 0.170 18.000 0.19 0.21 0.24
v -35.000 0.170 18.000 0.19 0.21 0.24
v -11.667 0.020 14.500 0.19 0.21 0.24
v 11.667 0.020 14.500 0.19 0.21 0.24
v 11.667 0.020 18.000 0.19 0.21 0.24
v -11.667 0.020 18.000 0.19 0.21 0.24
v -11.667 0.170 14.500 0.19 0.21 0.24
v 11.667 0.170 14.500 0.19 0.21 0.24
v 11.667 0.170 18.000 0.19 0.21 0.24
v -11.667 0.170 18.000 0.19 0.21 0.24
v 11.667 0.020 14.500 0.19 0.21 0.24
v 35.000 0.020 14.500 0.19 0.21 0.24
v 35.000 0.020 18.000 0.19 0.21 0.24
v 11.667 0.020 18.000 0.19 0.21 0.24
v 11.667 0.170 14.500 0.19 0.21 0.24
v 35.000 0.170 14.500 0.19 0.21 0.24
v 35.000 0.170 18.000 0.19 0.21 0.24
v 11.667 0.170 18.000 0.19 0.21 0.24
v 35.000 0.020 14.500 0.19 0.21 0.24
v 58.333 0.020 14.500 0.19 0.21 0.24
v 58.333 0.020 18.000 0.19 0.21 0.24
v 35.000 0.020 18.000 0.19 0.21 0.24
v 35.000 0.170 14.500 0.19 0.21 0.24
v 58.333 0.170 14.500 0.19 0.21 0.24
v 58.333 0.170 18.000 0.19 0.21 0.24
v 35.000 0.170 18.000 0.19 0.21 0.24
v 58.333 0.020 14.500 0.19 0.21 0.24
v 81.667 0.020 14.500 0.19 0.21 0.24
v 81.667 0.020 18.000 0.19 0.21 0.24
v 58.333 0.020 18.000 0.19 0.21 0.24
v 58.333 0.170 14.500 0.19 0.21 0.24
v 81.667 0.170 14.500 0.19 0.21 0.24
v 81.667 0.170 18.000 0.19 0.21 0.24
v 58.333 0.170 18.000 0.19 0.21 0.24
v 81.667 0.020 14.500 0.19 0.21 0.24
v 105.000 0.020 14.500 0.19 0.21 0.24
v 105.000 0.020 18.000 0.19 0.21 0.24
v 81.667 0.020 18.000 0.19 0.21 0.24
v 81.667 0.170 14.500 0.19 0.21 0.24
v 105.000 0.170 14.500 0.19 0.21 0.24
v 105.000 0.170 18.000 0.19 0.21 0.24
v 81.667 0.170 18.000 0.19 0.21 0.24
v -105.000 0.020 21.000 0.74 0.72 0.67
v -81.667 0.020 21.000 0.74 0.72 0.67
v -81.667 0.020 25.000 0.74 0.72 0.67
v -105.000 0.020 25.000 0.74 0.72 0.67
v -105.000 0.170 21.000 0.74 0.72 0.67
v -81.667 0.170 21.000 0.74 0.72 0.67
v -81.667 0.170 25.000 0.74 0.72 0.67
v -105.000 0.170 25.000 0.74 0.72 0.67
v -81.667 0.020 21.000 0.74 0.72 0.67
v -58.333 0.020 21.000 0.74 0.72 0.67
v -58.333 0.020 25.000 0.74 0.72 0.67
v -81.667 0.020 25.000 0.74 0.72 0.67
v -81.667 0.170 21.000 0.74 0.72 0.67
v -58.333 0.170 21.000 0.74 0.72 0.67
v -58.333 0.170 25.000 0.74 0.72 0.67
v -81.667 0.170 25.000 0.74 0.72 0.67
v -58.333 0.020 21.000 0.74 0.72 0.67
v -35.000 0.020 21.000 0.74 0.72 0.67
v -35.000 0.020 25.000 0.74 0.72 0.67
v -58.333 0.020 25.000 0.74 0.72 0.67
v -58.333 0.170 21.000 0.74 0.72 0.67
v -35.000 0.170 21.000 0.74 0.72 0.67
v -35.000 0.170 25.000 0.74 0.72 0.67
v -58.333 0.170 25.000 0.74 0.72 0.67
v -35.000 0.020 21.000 0.74 0.72 0.67
v -11.667 0.020 21.000 0.74 0.72 0.67
v -11.667 0.020 25.000 0.74 0.72 0.67
v -35.000 0.020 25.000 0.74 0.72 0.67
v -35.000 0.170 21.000 0.74 0.72 0.67
v -11.667 0.170 21.000 0.74 0.72 0.67
v -11.667 0.170 25.000 0.74 0.72 0.67
v -35.000 0.170 25.000 0.74 0.72 0.67
v -11.667 0.020 21.000 0.74 0.72 0.67
v 11.667 0.020 21.000 0.74 0.72 0.67
v 11.667 0.020 25.000 0.74 0.72 0.67
v -11.667 0.020 25.000 0.74 0.72 0.67
v -11.667 0.170 21.000 0.74 0.72 0.67
v 11.667 0.170 21.000 0.74 0.72 0.67
v 11.667 0.170 25.000 0.74 0.72 0.67
v -11.667 0.170 25.000 0.74 0.72 0.67
v 11.667 0.020 21.000 0.74 0.72 0.67
v 35.000 0.020 21.000 0.74 0.72 0.67
v 35.000 0.020 25.000 0.74 0.72 0.67
v 11.667 0.020 25.000 0.74 0.72 0.67
v 11.667 0.170 21.000 0.74 0.72 0.67
v 35.000 0.170 21.000 0.74 0.72 0.67
v 35.000 0.170 25.000 0.74 0.72 0.67
v 11.667 0.170 25.000 0.74 0.72 0.67
v 35.000 0.020 21.000 0.74 0.72 0.67
v 58.333 0.020 21.000 0.74 0.72 0.67
v 58.333 0.020 25.000 0.74 0.72 0.67
v 35.000 0.020 25.000 0.74 0.72 0.67
v 35.000 0.170 21.000 0.74 0.72 0.67
v 58.333 0.170 21.000 0.74 0.72 0.67
v 58.333 0.170 25.000 0.74 0.72 0.67
v 35.000 0.170 25.000 0.74 0.72 0.67
v 58.333 0.020 21.000 0.74 0.72 0.67
v 81.667 0.020 21.000 0.74 0.72 0.67
v 81.667 0.020 25.000 0.74 0.72 0.67
v 58.333 0.020 25.000 0.74 0.72 0.67
v 58.333 0.170 21.000 0.74 0.72 0.67
v 81.667 0.170 21.000 0.74 0.72 0.67
v 81.667 0.170 25.000 0.74 0.72 0.67
v 58.333 0.170 25.000 0.74 0.72 0.67
v 81.667 0.020 21.000 0.74 0.72 0.67
v 105.000 0.020 21.000 0.74 0.72 0.67
v 105.000 0.020 25.000 0.74 0.72 0.67
v 81.667 0.020 25.000 0.74 0.72 0.67
v 81.667 0.170 21.000 0.74 0.72 0.67
v 105.000 0.170 21.000 0.74 0.72 0.67
v 105.000 0.170 25.000 0.74 0.72 0.67
v 81.667 0.170 25.000 0.74 0.72 0.67
v -102.000 0.170 -22.300 0.9 0.9 0.88
v -98.000 0.170 -22.300 0.9 0.9 0.88
v -98.000 0.170 -22.100 0.9 0.9 0.88
v -102.000 0.170 -22.100 0.9 0.9 0.88
v -102.000 0.190 -22.300 0.9 0.9 0.88
v -98.000 0.190 -22.300 0.9 0.9 0.88
v -98.000 0.190 -22.100 0.9 0.9 0.88
v -102.000 0.190 -22.100 0.9 0.9 0.88
v -93.000 0.170 -22.300 0.9 0.9 0.88
v -89.000 0.170 -22.300 0.9 0.9 0.88
v -89.000 0.170 -22.100 0.9 0.9 0.88
v -93.000 0.170 -22.100 0.9 0.9 0.88
v -93.000 0.190 -22.300 0.9 0.9 0.88
v -89.000 0.190 -22.300 0.9 0.9 0.88
v -89.000 0.190 -22.100 0.9 0.9 0.88
v -93.000 0.190 -22.100 0.9 0.9 0.88
v -84.000 0.170 -22.300 0.9 0.9 0.88
v -80.000 0.170 -22.300 0.9 0.9 0.88
v -80.000 0.170 -22.100 0.9 0.9 0.88
v -84.000 0.170 -22.100 0.9 0.9 0.88
v -84.000 0.190 -22.300 0.9 0.9 0.88
v -80.000 0.190 -22.300 0.9 0.9 0.88
v -80.000 0.190 -22.100 0.9 0.9 0.88
v -84.000 0.190 -22.100 0.9 0.9 0.88
v -75.000 0.170 -22.300 0.9 0.9 0.88
v -71.000 0.170 -22.300 0.9 0.9 0.88
v -71.000 0.170 -22.100 0.9 0.9 0.88
v -75.000 0.170 -22.100 0.9 0.9 0.88
v -75.000 0.190 -22.300 0.9 0.9 0.88
v -71.000 0.190 -22.300 0.9 0.9 0.88
v -71.000 0.190 -22.100 0.9 0.9 0.88
v -75.000 0.190 -22.100 0.9 0.9 0.88
v -66.000 0.170 -22.300 0.9 0.9 0.88
v -62.000 0.170 -22.300 0.9 0.9 0.88
v -62.000 0.170 -22.100 0.9 0.9 0.88
v -66.000 0.170 -22.100 0.9 0.9 0.88
v -66.000 0.190 -22.300 0.9 0.9 0.88
v -62.000 0.190 -22.300 0.9 0.9 0.88
v -62.000 0.190 -22.100 0.9 0.9 0.88
v -66.000 0.190 -22.100 0.9 0.9 0.88
v -57.000 0.170 -22.300 0.9 0.9 0.88
v -53.000 0.170 -22.300 0.9 0.9 0.88
v -53.000 0.170 -22.100 0.9 0.9 0.88
v -57.000 0.170 -22.100 0.9 0.9 0.88
v -57.000 0.190 -22.300 0.9 0.9 0.88
v -53.000 0.190 -22.300 0.9 0.9 0.88
v -53.000 0.190 -22.100 0.9 0.9 0.88
v -57.000 0.190 -22.100 0.9 0.9 0.88
v -48.000 0.170 -22.300 0.9 0.9 0.88
v -44.000 0.170 -22.300 0.9 0.9 0.88
v -44.000 0.170 -22.100 0.9 0.9 0.88
v -48.000 0.170 -22.100 0.9 0.9 0.88
v -48.000 0.190 -22.300 0.9 0.9 0.88
v -44.000 0.190 -22.300 0.9 0.9 0.88
v -44.000 0.190 -22.100 0.9 0.9 0.88
v -48.000 0.190 -22.100 0.9 0.9 0.88
v -39.000 0.170 -22.300 0.9 0.9 0.88
v -35.000 0.170 -22.300 0.9 0.9 0.88
v -35.000 0.170 -22.100 0.9 0.9 0.88
v -39.000 0.170 -22.100 0.9 0.9 0.88
v -39.000 0.190 -22.300 0.9 0.9 0.88
v -35.000 0.190 -22.300 0.9 0.9 0.88
v -35.000 0.190 -22.100 0.9 0.9 0.88
v -39.000 0.190 -22.100 0.9 0.9 0.88
v -30.000 0.170 -22.300 0.9 0.9 0.88
v -26.000 0.170 -22.300 0.9 0.9 0.88
v -26.000 0.170 -22.100 0.9 0.9 0.88
v -30.000 0.170 -22.100 0.9 0.9 0.88
v -30.000 0.190 -22.300 0.9 0.9 0.88
v -26.000 0.190 -22.300 0.9 0.9 0.88
v -26.000 0.190 -22.100 0.9 0.9 0.88
v -30.000 0.190 -22.100 0.9 0.9 0.88
v -21.000 0.170 -22.300 0.9 0.9 0.88
v -17.000 0.170 -22.300 0.9 0.9 0.88
v -17.000 0.170 -22.100 0.9 0.9 0.88
v -21.000 0.170 -22.100 0.9 0.9 0.88
v -21.000 0.190 -22.300 0.9 0.9 0.88
v -17.000 0.190 -22.300 0.9 0.9 0.88
v -17.000 0.190 -22.100 0.9 0.9 0.88
v -21.000 0.190 -22.100 0.9 0.9 0.88
v -12.000 0.170 -22.300 0.9 0.9 0.88
v -8.000 0.170 -22.300 0.9 0.9 0.88
v -8.000 0.170 -22.100 0.9 0.9 0.88
v -12.000 0.170 -22.100 0.9 0.9 0.88
v -12.000 0.190 -22.300 0.9 0.9 0.88
v -8.000 0.190 -22.300 0.9 0.9 0.88
v -8.000 0.190 -22.100 0.9 0.9 0.88
v -12.000 0.190 -22.100 0.9 0.9 0.88
v -3.000 0.170 -22.300 0.9 0.9 0.88
v 1.000 0.170 -22.300 0.9 0.9 0.88
v 1.000 0.170 -22.100 0.9 0.9 0.88
v -3.000 0.170 -22.100 0.9 0.9 0.88
v -3.000 0.190 -22.300 0.9 0.9 0.88
v 1.000 0.190 -22.300 0.9 0.9 0.88
v 1.000 0.190 -22.100 0.9 0.9 0.88
v -3.000 0.190 -22.100 0.9 0.9 0.88
v 6.000 0.170 -22.300 0.9 0.9 0.88
v 10.000 0.170 -22.300 0.9 0.9 0.88
v 10.000 0.170 -22.100 0.9 0.9 0.88
v 6.000 0.170 -22.100 0.9 0.9 0.88
v 6.000 0.190 -22.300 0.9 0.9 0.88
v 10.000 0.190 -22.300 0.9 0.9 0.88
v 10.000 0.190 -22.100 0.9 0.9 0.88
v 6.000 0.190 -22.100 0.9 0.9 0.88
v 15.000 0.170 -22.300 0.9 0.9 0.88
v 19.000 0.170 -22.300 0.9 0.9 0.88
v 19.000 0.170 -22.100 0.9 0.9 0.88
v 15.000 0.170 -22.100 0.9 0.9 0.88
v 15.000 0.190 -22.300 0.9 0.9 0.88
v 19.000 0.190 -22.300 0.9 0.9 0.88
v 19.000 0.190 -22.100 0.9 0.9 0.88
v 15.000 0.190 -22.100 0.9 0.9 0.88
v 24.000 0.170 -22.300 0.9 0.9 0.88
v 28.000 0.170 -22.300 0.9 0.9 0.88
v 28.000 0.170 -22.100 0.9 0.9 0.88
v 24.000 0.170 -22.100 0.9 0.9 0.88
v 24.000 0.190 -22.300 0.9 0.9 0.88
v 28.000 0.190 -22.300 0.9 0.9 0.88
v 28.000 0.190 -22.100 0.9 0.9 0.88
v 24.000 0.190 -22.100 0.9 0.9 0.88
v 33.000 0.170 -22.300 0.9 0.9 0.88
v 37.000 0.170 -22.300 0.9 0.9 0.88
v 37.000 0.170 -22.100 0.9 0.9 0.88
v 33.000 0.170 -22.100 0.9 0.9 0.88
v 33.000 0.190 -22.300 0.9 0.9 0.88
v 37.000 0.190 -22.300 0.9 0.9 0.88
v 37.000 0.190 -22.100 0.9 0.9 0.88
v 33.000 0.190 -22.100 0.9 0.9 0.88
v 42.000 0.170 -22.300 0.9 0.9 0.88
v 46.000 0.170 -22.300 0.9 0.9 0.88
v 46.000 0.170 -22.100 0.9 0.9 0.88
v 42.000 0.170 -22.100 0.9 0.9 0.88
v 42.000 0.190 -22.300 0.9 0.9 0.88
v 46.000 0.190 -22.300 0.9 0.9 0.88
v 46.000 0.190 -22.100 0.9 0.9 0.88
v 42.000 0.190 -22.100 0.9 0.9 0.88
v 51.000 0.170 -22.300 0.9 0.9 0.88
v 55.000 0.170 -22.300 0.9 0.9 0.88
v 55.000 0.170 -22.100 0.9 0.9 0.88
v 51.000 0.170 -22.100 0.9 0.9 0.88
v 51.000 0.190 -22.300 0.9 0.9 0.88
v 55.000 0.190 -22.300 0.9 0.9 0.88
v 55.000 0.190 -22.100 0.9 0.9 0.88
v 51.000 0.190 -22.100 0.9 0.9 0.88
v 60.000 0.170 -22.300 0.9 0.9 0.88
v 64.000 0.170 -22.300 0.9 0.9 0.88
v 64.000 0.170 -22.100 0.9 0.9 0.88
v 60.000 0.170 -22.100 0.9 0.9 0.88
v 60.000 0.190 -22.300 0.9 0.9 0.88
v 64.000 0.190 -22.300 0.9 0.9 0.88
v 64.000 0.190 -22.100 0.9 0.9 0.88
v 60.000 0.190 -22.100 0.9 0.9 0.88
v 69.000 0.170 -22.300 0.9 0.9 0.88
v 73.000 0.170 -22.300 0.9 0.9 0.88
v 73.000 0.170 -22.100 0.9 0.9 0.88
v 69.000 0.170 -22.100 0.9 0.9 0.88
v 69.000 0.190 -22.300 0.9 0.9 0.88
v 73.000 0.190 -22.300 0.9 0.9 0.88
v 73.000 0.190 -22.100 0.9 0.9 0.88
v 69.000 0.190 -22.100 0.9 0.9 0.88
v 78.000 0.170 -22.300 0.9 0.9 0.88
v 82.000 0.170 -22.300 0.9 0.9 0.88
v 82.000 0.170 -22.100 0.9 0.9 0.88
v 78.000 0.170 -22.100 0.9 0.9 0.88
v 78.000 0.190 -22.300 0.9 0.9 0.88
v 82.000 0.190 -22.300 0.9 0.9 0.88
v 82.000 0.190 -22.100 0.9 0.9 0.88
v 78.000 0.190 -22.100 0.9 0.9 0.88
v 87.000 0.170 -22.300 0.9 0.9 0.88
v 91.000 0.170 -22.300 0.9 0.9 0.88
v 91.000 0.170 -22.100 0.9 0.9 0.88
v 87.000 0.170 -22.100 0.9 0.9 0.88
v 87.000 0.190 -22.300 0.9 0.9 0.88
v 91.000 0.190 -22.300 0.9 0.9 0.88
v 91.000 0.190 -22.100 0.9 0.9 0.88
v 87.000 0.190 -22.100 0.9 0.9 0.88
v 96.000 0.170 -22.300 0.9 0.9 0.88
v 100.000 0.170 -22.300 0.9 0.9 0.88
v 100.000 0.170 -22.100 0.9 0.9 0.88
v 96.000 0.170 -22.100 0.9 0.9 0.88
v 96.000 0.190 -22.300 0.9 0.9 0.88
v 100.000 0.190 -22.300 0.9 0.9 0.88
v 100.000 0.190 -22.100 0.9 0.9 0.88
v 96.000 0.190 -22.100 0.9 0.9 0.88
v -102.000 0.170 -18.900 0.9 0.9 0.88
v -98.000 0.170 -18.900 0.9 0.9 0.88
v -98.000 0.170 -18.700 0.9 0.9 0.88
v -102.000 0.170 -18.700 0.9 0.9 0.88
v -102.000 0.190 -18.900 0.9 0.9 0.88
v -98.000 0.190 -18.900 0.9 0.9 0.88
v -98.000 0.190 -18.700 0.9 0.9 0.88
v -102.000 0.190 -18.700 0.9 0.9 0.88
v -93.000 0.170 -18.900 0.9 0.9 0.88
v -89.000 0.170 -18.900 0.9 0.9 0.88
v -89.000 0.170 -18.700 0.9 0.9 0.88
v -93.000 0.170 -18.700 0.9 0.9 0.88
v -93.000 0.190 -18.900 0.9 0.9 0.88
v -89.000 0.190 -18.900 0.9 0.9 0.88
v -89.000 0.190 -18.700 0.9 0.9 0.88
v -93.000 0.190 -18.700 0.9 0.9 0.88
v -84.000 0.170 -18.900 0.9 0.9 0.88
v -80.000 0.170 -18.900 0.9 0.9 0.88
v -80.000 0.170 -18.700 0.9 0.9 0.88
v -84.000 0.170 -18.700 0.9 0.9 0.88
v -84.000 0.190 -18.900 0.9 0.9 0.88
v -80.000 0.190 -18.900 0.9 0.9 0.88
v -80.000 0.190 -18.700 0.9 0.9 0.88
v -84.000 0.190 -18.700 0.9 0.9 0.88
v -75.000 0.170 -18.900 0.9 0.9 0.88
v -71.000 0.170 -18.900 0.9 0.9 0.88
v -71.000 0.170 -18.700 0.9 0.9 0.88
v -75.000 0.170 -18.700 0.9 0.9 0.88
v -75.000 0.190 -18.900 0.9 0.9 0.88
v -71.000 0.190 -18.900 0.9 0.9 0.88
v -71.000 0.190 -18.700 0.9 0.9 0.88
v -75.000 0.190 -18.700 0.9 0.9 0.88
v -66.000 0.170 -18.900 0.9 0.9 0.88
v -62.000 0.170 -18.900 0.9 0.9 0.88
v -62.000 0.170 -18.700 0.9 0.9 0.88
v -66.000 0.170 -18.700 0.9 0.9 0.88
v -66.000 0.190 -18.900 0.9 0.9 0.88
v -62.000 0.190 -18.900 0.9 0.9 0.88
v -62.000 0.190 -18.700 0.9 0.9 0.88
v -66.000 0.190 -18.700 0.9 0.9 0.88
v -57.000 0.170 -18.900 0.9 0.9 0.88
v -53.000 0.170 -18.900 0.9 0.9 0.88
v -53.000 0.170 -18.700 0.9 0.9 0.88
v -57.000 0.170 -18.700 0.9 0.9 0.88
v -57.000 0.190 -18.900 0.9 0.9 0.88
v -53.000 0.190 -18.900 0.9 0.9 0.88
v -53.000 0.190 -18.700 0.9 0.9 0.88
v -57.000 0.190 -18.700 0.9 0.9 0.88
v -48.000 0.170 -18.900 0.9 0.9 0.88
v -44.000 0.170 -18.900 0.9 0.9 0.88
v -44.000 0.170 -18.700 0.9 0.9 0.88
v -48.000 0.170 -18.700 0.9 0.9 0.88
v -48.000 0.190 -18.900 0.9 0.9 0.88
v -44.000 0.190 -18.900 0.9 0.9 0.88
v -44.000 0.190 -18.700 0.9 0.9 0.88
v -48.000 0.190 -18.700 0.9 0.9 0.88
v -39.000 0.170 -18.900 0.9 0.9 0.88
v -35.000 0.170 -18.900 0.9 0.9 0.88
v -35.000 0.170 -18.700 0.9 0.9 0.88
v -39.000 0.170 -18.700 0.9 0.9 0.88
v -39.000 0.190 -18.900 0.9 0.9 0.88
v -35.000 0.190 -18.900 0.9 0.9 0.88
v -35.000 0.190 -18.700 0.9 0.9 0.88
v -39.000 0.190 -18.700 0.9 0.9 0.88
v -30.000 0.170 -18.900 0.9 0.9 0.88
v -26.000 0.170 -18.900 0.9 0.9 0.88
v -26.000 0.170 -18.700 0.9 0.9 0.88
v -30.000 0.170 -18.700 0.9 0.9 0.88
v -30.000 0.190 -18.900 0.9 0.9 0.88
v -26.000 0.190 -18.900 0.9 0.9 0.88
v -26.000 0.190 -18.700 0.9 0.9 0.88
v -30.000 0.190 -18.700 0.9 0.9 0.88
v -21.000 0.170 -18.900 0.9 0.9 0.88
v -17.000 0.170 -18.900 0.9 0.9 0.88
v -17.000 0.170 -18.700 0.9 0.9 0.88
v -21.000 0.170 -18.700 0.9 0.9 0.88
v -21.000 0.190 -18.900 0.9 0.9 0.88
v -17.000 0.190 -18.900 0.9 0.9 0.88
v -17.000 0.190 -18.700 0.9 0.9 0.88
v -21.000 0.190 -18.700 0.9 0.9 0.88
v -12.000 0.170 -18.900 0.9 0.9 0.88
v -8.000 0.170 -18.900 0.9 0.9 0.88
v -8.000 0.170 -18.700 0.9 0.9 0.88
v -12.000 0.170 -18.700 0.9 0.9 0.88
v -12.000 0.190 -18.900 0.9 0.9 0.88
v -8.000 0.190 -18.900 0.9 0.9 0.88
v -8.000 0.190 -18.700 0.9 0.9 0.88
v -12.000 0.190 -18.700 0.9 0.9 0.88
v -3.000 0.170 -18.900 0.9 0.9 0.88
v 1.000 0.170 -18.900 0.9 0.9 0.88
v 1.000 0.170 -18.700 0.9 0.9 0.88
v -3.000 0.170 -18.700 0.9 0.9 0.88
v -3.000 0.190 -18.900 0.9 0.9 0.88
v 1.000 0.190 -18.900 0.9 0.9 0.88
v 1.000 0.190 -18.700 0.9 0.9 0.88
v -3.000 0.190 -18.700 0.9 0.9 0.88
v 6.000 0.170 -18.900 0.9 0.9 0.88
v 10.000 0.170 -18.900 0.9 0.9 0.88
v 10.000 0.170 -18.700 0.9 0.9 0.88
v 6.000 0.170 -18.700 0.9 0.9 0.88
v 6.000 0.190 -18.900 0.9 0.9 0.88
v 10.000 0.190 -18.900 0.9 0.9 0.88
v 10.000 0.190 -18.700 0.9 0.9 0.88
v 6.000 0.190 -18.700 0.9 0.9 0.88
v 15.000 0.170 -18.900 0.9 0.9 0.88
v 19.000 0.170 -18.900 0.9 0.9 0.88
v 19.000 0.170 -18.700 0.9 0.9 0.88
v 15.000 0.170 -18.700 0.9 0.9 0.88
v 15.000 0.190 -18.900 0.9 0.9 0.88
v 19.000 0.190 -18.900 0.9 0.9 0.88
v 19.000 0.190 -18.700 0.9 0.9 0.88
v 15.000 0.190 -18.700 0.9 0.9 0.88
v 24.000 0.170 -18.900 0.9 0.9 0.88
v 28.000 0.170 -18.900 0.9 0.9 0.88
v 28.000 0.170 -18.700 0.9 0.9 0.88
v 24.000 0.170 -18.700 0.9 0.9 0.88
v 24.000 0.190 -18.900 0.9 0.9 0.88
v 28.000 0.190 -18.900 0.9 0.9 0.88
v 28.000 0.190 -18.700 0.9 0.9 0.88
v 24.000 0.190 -18.700 0.9 0.9 0.88
v 33.000 0.170 -18.900 0.9 0.9 0.88
v 37.000 0.170 -18.900 0.9 0.9 0.88
v 37.000 0.170 -18.700 0.9 0.9 0.88
v 33.000 0.170 -18.700 0.9 0.9 0.88
v 33.000 0.190 -18.900 0.9 0.9 0.88
v 37.000 0.190 -18.900 0.9 0.9 0.88
v 37.000 0.190 -18.700 0.9 0.9 0.88
v 33.000 0.190 -18.700 0.9 0.9 0.88
v 42.000 0.170 -18.900 0.9 0.9 0.88
v 46.000 0.170 -18.900 0.9 0.9 0.88
v 46.000 0.170 -18.700 0.9 0.9 0.88
v 42.000 0.170 -18.700 0.9 0.9 0.88
v 42.000 0.190 -18.900 0.9 0.9 0.88
v 46.000 0.190 -18.900 0.9 0.9 0.88
v 46.000 0.190 -18.700 0.9 0.9 0.88
v 42.000 0.190 -18.700 0.9 0.9 0.88
v 51.000 0.170 -18.900 0.9 0.9 0.88
v 55.000 0.170 -18.900 0.9 0.9 0.88
v 55.000 0.170 -18.700 0.9 0.9 0.88
v 51.000 0.170 -18.700 0.9 0.9 0.88
v 51.000 0.190 -18.900 0.9 0.9 0.88
v 55.000 0.190 -18.900 0.9 0.9 0.88
v 55.000 0.190 -18.700 0.9 0.9 0.88
v 51.000 0.190 -18.700 0.9 0.9 0.88
v 60.000 0.170 -18.900 0.9 0.9 0.88
v 64.000 0.170 -18.900 0.9 0.9 0.88
v 64.000 0.170 -18.700 0.9 0.9 0.88
v 60.000 0.170 -18.700 0.9 0.9 0.88
v 60.000 0.190 -18.900 0.9 0.9 0.88
v 64.000 0.190 -18.900 0.9 0.9 0.88
v 64.000 0.190 -18.700 0.9 0.9 0.88
v 60.000 0.190 -18.700 0.9 0.9 0.88
v 69.000 0.170 -18.900 0.9 0.9 0.88
v 73.000 0.170 -18.900 0.9 0.9 0.88
v 73.000 0.170 -18.700 0.9 0.9 0.88
v 69.000 0.170 -18.700 0.9 0.9 0.88
v 69.000 0.190 -18.900 0.9 0.9 0.88
v 73.000 0.190 -18.900 0.9 0.9 0.88
v 73.000 0.190 -18.700 0.9 0.9 0.88
v 69.000 0.190 -18.700 0.9 0.9 0.88
v 78.000 0.170 -18.900 0.9 0.9 0.88
v 82.000 0.170 -18.900 0.9 0.9 0.88
v 82.000 0.170 -18.700 0.9 0.9 0.88
v 78.000 0.170 -18.700 0.9 0.9 0.88
v 78.000 0.190 -18.900 0.9 0.9 0.88
v 82.000 0.190 -18.900 0.9 0.9 0.88
v 82.000 0.190 -18.700 0.9 0.9 0.88
v 78.000 0.190 -18.700 0.9 0.9 0.88
v 87.000 0.170 -18.900 0.9 0.9 0.88
v 91.000 0.170 -18.900 0.9 0.9 0.88
v 91.000 0.170 -18.700 0.9 0.9 0.88
v 87.000 0.170 -18.700 0.9 0.9 0.88
v 87.000 0.190 -18.900 0.9 0.9 0.88
v 91.000 0.190 -18.900 0.9 0.9 0.88
v 91.000 0.190 -18.700 0.9 0.9 0.88
v 87.000 0.190 -18.700 0.9 0.9 0.88
v 96.000 0.170 -18.900 0.9 0.9 0.88
v 100.000 0.170 -18.900 0.9 0.9 0.88
v 100.000 0.170 -18.700 0.9 0.9 0.88
v 96.000 0.170 -18.700 0.9 0.9 0.88
v 96.000 0.190 -18.900 0.9 0.9 0.88
v 100.000 0.190 -18.900 0.9 0.9 0.88
v 100.000 0.190 -18.700 0.9 0.9 0.88
v 96.000 0.190 -18.700 0.9 0.9 0.88
v -105.000 0.170 -25.500 0.9 0.9 0.88
v -81.667 0.170 -25.500 0.9 0.9 0.88
v -81.667 0.170 -25.300 0.9 0.9 0.88
v -105.000 0.170 -25.300 0.9 0.9 0.88
v -105.000 0.190 -25.500 0.9 0.9 0.88
v -81.667 0.190 -25.500 0.9 0.9 0.88
v -81.667 0.190 -25.300 0.9 0.9 0.88
v -105.000 0.190 -25.300 0.9 0.9 0.88
v -81.667 0.170 -25.500 0.9 0.9 0.88
v -58.333 0.170 -25.500 0.9 0.9 0.88
v -58.333 0.170 -25.300 0.9 0.9 0.88
v -81.667 0.170 -25.300 0.9 0.9 0.88
v -81.667 0.190 -25.500 0.9 0.9 0.88
v -58.333 0.190 -25.500 0.9 0.9 0.88
v -58.333 0.190 -25.300 0.9 0.9 0.88
v -81.667 0.190 -25.300 0.9 0.9 0.88
v -58.333 0.170 -25.500 0.9 0.9 0.88
v -35.000 0.170 -25.500 0.9 0.9 0.88
v -35.000 0.170 -25.300 0.9 0.9 0.88
v -58.333 0.170 -25.300 0.9 0.9 0.88
v -58.333 0.190 -25.500 0.9 0.9 0.88
v -35.000 0.190 -25.500 0.9 0.9 0.88
v -35.000 0.190 -25.300 0.9 0.9 0.88
v -58.333 0.190 -25.300 0.9 0.9 0.88
v -35.000 0.170 -25.500 0.9 0.9 0.88
v -11.667 0.170 -25.500 0.9 0.9 0.88
v -11.667 0.170 -25.300 0.9 0.9 0.88
v -35.000 0.170 -25.300 0.9 0.9 0.88
v -35.000 0.190 -25.500 0.9 0.9 0.88
v -11.667 0.190 -25.500 0.9 0.9 0.88
v -11.667 0.190 -25.300 0.9 0.9 0.88
v -35.000 0.190 -25.300 0.9 0.9 0.88
v -11.667 0.170 -25.500 0.9 0.9 0.88
v 11.667 0.170 -25.500 0.9 0.9 0.88
v 11.667 0.170 -25.300 0.9 0.9 0.88
v -11.667 0.170 -25.300 0.9 0.9 0.88
v -11.667 0.190 -25.500 0.9 0.9 0.88
v 11.667 0.190 -25.500 0.9 0.9 0.88
v 11.667 0.190 -25.300 0.9 0.9 0.88
v -11.667 0.190 -25.300 0.9 0.9 0.88
v 11.667 0.170 -25.500 0.9 0.9 0.88
v 35.000 0.170 -25.500 0.9 0.9 0.88
v 35.000 0.170 -25.300 0.9 0.9 0.88
v 11.667 0.170 -25.300 0.9 0.9 0.88
v 11.667 0.190 -25.500 0.9 0.9 0.88
v 35.000 0.190 -25.500 0.9 0.9 0.88
v 35.000 0.190 -25.300 0.9 0.9 0.88
v 11.667 0.190 -25.300 0.9 0.9 0.88
v 35.000 0.170 -25.500 0.9 0.9 0.88
v 58.333 0.170 -25.500 0.9 0.9 0.88
v 58.333 0.170 -25.300 0.9 0.9 0.88
v 35.000 0.170 -25.300 0.9 0.9 0.88
v 35.000 0.190 -25.500 0.9 0.9 0.88
v 58.333 0.190 -25.500 0.9 0.9 0.88
v 58.333 0.190 -25.300 0.9 0.9 0.88
v 35.000 0.190 -25.300 0.9 0.9 0.88
v 58.333 0.170 -25.500 0.9 0.9 0.88
v 81.667 0.170 -25.500 0.9 0.9 0.88
v 81.667 0.170 -25.300 0.9 0.9 0.88
v 58.333 0.170 -25.300 0.9 0.9 0.88
v 58.333 0.190 -25.500 0.9 0.9 0.88
v 81.667 0.190 -25.500 0.9 0.9 0.88
v 81.667 0.190 -25.300 0.9 0.9 0.88
v 58.333 0.190 -25.300 0.9 0.9 0.88
v 81.667 0.170 -25.500 0.9 0.9 0.88
v 105.000 0.170 -25.500 0.9 0.9 0.88
v 105.000 0.170 -25.300 0.9 0.9 0.88
v 81.667 0.170 -25.300 0.9 0.9 0.88
v 81.667 0.190 -25.500 0.9 0.9 0.88
v 105.000 0.190 -25.500 0.9 0.9 0.88
v 105.000 0.190 -25.300 0.9 0.9 0.88
v 81.667 0.190 -25.300 0.9 0.9 0.88
v -105.000 0.170 -15.700 0.9 0.9 0.88
v -81.667 0.170 -15.700 0.9 0.9 0.88
v -81.667 0.170 -15.500 0.9 0.9 0.88
v -105.000 0.170 -15.500 0.9 0.9 0.88
v -105.000 0.190 -15.700 0.9 0.9 0.88
v -81.667 0.190 -15.700 0.9 0.9 0.88
v -81.667 0.190 -15.500 0.9 0.9 0.88
v -105.000 0.190 -15.500 0.9 0.9 0.88
v -81.667 0.170 -15.700 0.9 0.9 0.88
v -58.333 0.170 -15.700 0.9 0.9 0.88
v -58.333 0.170 -15.500 0.9 0.9 0.88
v -81.667 0.170 -15.500 0.9 0.9 0.88
v -81.667 0.190 -15.700 0.9 0.9 0.88
v -58.333 0.190 -15.700 0.9 0.9 0.88
v -58.333 0.190 -15.500 0.9 0.9 0.88
v -81.667 0.190 -15.500 0.9 0.9 0.88
v -58.333 0.170 -15.700 0.9 0.9 0.88
v -35.000 0.170 -15.700 0.9 0.9 0.88
v -35.000 0.170 -15.500 0.9 0.9 0.88
v -58.333 0.170 -15.500 0.9 0.9 0.88
v -58.333 0.190 -15.700 0.9 0.9 0.88
v -35.000 0.190 -15.700 0.9 0.9 0.88
v -35.000 0.190 -15.500 0.9 0.9 0.88
v -58.333 0.190 -15.500 0.9 0.9 0.88
v -35.000 0.170 -15.700 0.9 0.9 0.88
v -11.667 0.170 -15.700 0.9 0.9 0.88
v -11.667 0.170 -15.500 0.9 0.9 0.88
v -35.000 0.170 -15.500 0.9 0.9 0.88
v -35.000 0.190 -15.700 0.9 0.9 0.88
v -11.667 0.190 -15.700 0.9 0.9 0.88
v -11.667 0.190 -15.500 0.9 0.9 0.88
v -35.000 0.190 -15.500 0.9 0.9 0.88
v -11.667 0.170 -15.700 0.9 0.9 0.88
v 11.667 0.170 -15.700 0.9 0.9 0.88
v 11.667 0.170 -15.500 0.9 0.9 0.88
v -11.667 0.170 -15.500 0.9 0.9 0.88
v -11.667 0.190 -15.700 0.9 0.9 0.88
v 11.667 0.190 -15.700 0.9 0.9 0.88
v 11.667 0.190 -15.500 0.9 0.9 0.88
v -11.667 0.190 -15.500 0.9 0.9 0.88
v 11.667 0.170 -15.700 0.9 0.9 0.88
v 35.000 0.170 -15.700 0.9 0.9 0.88
v 35.000 0.170 -15.500 0.9 0.9 0.88
v 11.667 0.170 -15.500 0.9 0.9 0.88
v 11.667 0.190 -15.700 0.9 0.9 0.88
v 35.000 0.190 -15.700 0.9 0.9 0.88
v 35.000 0.190 -15.500 0.9 0.9 0.88
v 11.667 0.190 -15.500 0.9 0.9 0.88
v 35.000 0.170 -15.700 0.9 0.9 0.88
v 58.333 0.170 -15.700 0.9 0.9 0.88
v 58.333 0.170 -15.500 0.9 0.9 0.88
v 35.000 0.170 -15.500 0.9 0.9 0.88
v 35.000 0.190 -15.700 0.9 0.9 0.88
v 58.333 0.190 -15.700 0.9 0.9 0.88
v 58.333 0.190 -15.500 0.9 0.9 0.88
v 35.000 0.190 -15.500 0.9 0.9 0.88
v 58.333 0.170 -15.700 0.9 0.9 0.88
v 81.667 0.170 -15.700 0.9 0.9 0.88
v 81.667 0.170 -15.500 0.9 0.9 0.88
v 58.333 0.170 -15.500 0.9 0.9 0.88
v 58.333 0.190 -15.700 0.9 0.9 0.88
v 81.667 0.190 -15.700 0.9 0.9 0.88
v 81.667 0.190 -15.500 0.9 0.9 0.88
v 58.333 0.190 -15.500 0.9 0.9 0.88
v 81.667 0.170 -15.700 0.9 0.9 0.88
v 105.000 0.170 -15.700 0.9 0.9 0.88
v 105.000 0.170 -15.500 0.9 0.9 0.88
v 81.667 0.170 -15.500 0.9 0.9 0.88
v 81.667 0.190 -15.700 0.9 0.9 0.88
v 105.000 0.190 -15.700 0.9 0.9 0.88
v 105.000 0.190 -15.500 0.9 0.9 0.88
v 81.667 0.190 -15.500 0.9 0.9 0.88
v -103.000 1.040 11.180 0.84 0.66 0.16
v -80.111 1.040 11.180 0.84 0.66 0.16
v -80.111 1.040 11.420 0.84 0.66 0.16
v -103.000 1.040 11.420 0.84 0.66 0.16
v -103.000 1.060 11.180 0.84 0.66 0.16
v -80.111 1.060 11.180 0.84 0.66 0.16
v -80.111 1.060 11.420 0.84 0.66 0.16
v -103.000 1.060 11.420 0.84 0.66 0.16
v -80.111 1.040 11.180 0.84 0.66 0.16
v -57.222 1.040 11.180 0.84 0.66 0.16
v -57.222 1.040 11.420 0.84 0.66 0.16
v -80.111 1.040 11.420 0.84 0.66 0.16
v -80.111 1.060 11.180 0.84 0.66 0.16
v -57.222 1.060 11.180 0.84 0.66 0.16
v -57.222 1.060 11.420 0.84 0.66 0.16
v -80.111 1.060 11.420 0.84 0.66 0.16
v -57.222 1.040 11.180 0.84 0.66 0.16
v -34.333 1.040 11.180 0.84 0.66 0.16
v -34.333 1.040 11.420 0.84 0.66 0.16
v -57.222 1.040 11.420 0.84 0.66 0.16
v -57.222 1.060 11.180 0.84 0.66 0.16
v -34.333 1.060 11.180 0.84 0.66 0.16
v -34.333 1.060 11.420 0.84 0.66 0.16
v -57.222 1.060 11.420 0.84 0.66 0.16
v -34.333 1.040 11.180 0.84 0.66 0.16
v -11.444 1.040 11.180 0.84 0.66 0.16
v -11.444 1.040 11.420 0.84 0.66 0.16
v -34.333 1.040 11.420 0.84 0.66 0.16
v -34.333 1.060 11.180 0.84 0.66 0.16
v -11.444 1.060 11.180 0.84 0.66 0.16
v -11.444 1.060 11.420 0.84 0.66 0.16
v -34.333 1.060 11.420 0.84 0.66 0.16
v -11.444 1.040 11.180 0.84 0.66 0.16
v 11.444 1.040 11.180 0.84 0.66 0.16
v 11.444 1.040 11.420 0.84 0.66 0.16
v -11.444 1.040 11.420 0.84 0.66 0.16
v -11.444 1.060 11.180 0.84 0.66 0.16
v 11.444 1.060 11.180 0.84 0.66 0.16
v 11.444 1.060 11.420 0.84 0.66 0.16
v -11.444 1.060 11.420 0.84 0.66 0.16
v 11.444 1.040 11.180 0.84 0.66 0.16
v 34.333 1.040 11.180 0.84 0.66 0.16
v 34.333 1.040 11.420 0.84 0.66 0.16
v 11.444 1.040 11.420 0.84 0.66 0.16
v 11.444 1.060 11.180 0.84 0.66 0.16
v 34.333 1.060 11.180 0.84 0.66 0.16
v 34.333 1.060 11.420 0.84 0.66 0.16
v 11.444 1.060 11.420 0.84 0.66 0.16
v 34.333 1.040 11.180 0.84 0.66 0.16
v 57.222 1.040 11.180 0.84 0.66 0.16
v 57.222 1.040 11.420 0.84 0.66 0.16
v 34.333 1.040 11.420 0.84 0.66 0.16
v 34.333 1.060 11.180 0.84 0.66 0.16
v 57.222 1.060 11.180 0.84 0.66 0.16
v 57.222 1.060 11.420 0.84 0.66 0.16
v 34.333 1.060 11.420 0.84 0.66 0.16
v 57.222 1.040 11.180 0.84 0.66 0.16
v 80.111 1.040 11.180 0.84 0.66 0.16
v 80.111 1.040 11.420 0.84 0.66 0.16
v 57.222 1.040 11.420 0.84 0.66 0.16
v 57.222 1.060 11.180 0.84 0.66 0.16
v 80.111 1.060 11.180 0.84 0.66 0.16
v 80.111 1.060 11.420 0.84 0.66 0.16
v 57.222 1.060 11.420 0.84 0.66 0.16
v 80.111 1.040 11.180 0.84 0.66 0.16
v 103.000 1.040 11.180 0.84 0.66 0.16
v 103.000 1.040 11.420 0.84 0.66 0.16
v 80.111 1.040 11.420 0.84 0.66 0.16
v 80.111 1.060 11.180 0.84 0.66 0.16
v 103.000 1.060 11.180 0.84 0.66 0.16
v 103.000 1.060 11.420 0.84 0.66 0.16
v 80.111 1.060 11.420 0.84 0.66 0.16
v -103.000 1.040 14.080 0.84 0.66 0.16
v -80.111 1.040 14.080 0.84 0.66 0.16
v -80.111 1.040 14.320 0.84 0.66 0.16
v -103.000 1.040 14.320 0.84 0.66 0.16
v -103.000 1.060 14.080 0.84 0.66 0.16
v -80.111 1.060 14.080 0.84 0.66 0.16
v -80.111 1.060 14.320 0.84 0.66 0.16
v -103.000 1.060 14.320 0.84 0.66 0.16
v -80.111 1.040 14.080 0.84 0.66 0.16
v -57.222 1.040 14.080 0.84 0.66 0.16
v -57.222 1.040 14.320 0.84 0.66 0.16
v -80.111 1.040 14.320 0.84 0.66 0.16
v -80.111 1.060 14.080 0.84 0.66 0.16
v -57.222 1.060 14.080 0.84 0.66 0.16
v -57.222 1.060 14.320 0.84 0.66 0.16
v -80.111 1.060 14.320 0.84 0.66 0.16
v -57.222 1.040 14.080 0.84 0.66 0.16
v -34.333 1.040 14.080 0.84 0.66 0.16
v -34.333 1.040 14.320 0.84 0.66 0.16
v -57.222 1.040 14.320 0.84 0.66 0.16
v -57.222 1.060 14.080 0.84 0.66 0.16
v -34.333 1.060 14.080 0.84 0.66 0.16
v -34.333 1.060 14.320 0.84 0.66 0.16
v -57.222 1.060 14.320 0.84 0.66 0.16
v -34.333 1.040 14.080 0.84 0.66 0.16
v -11.444 1.040 14.080 0.84 0.66 0.16
v -11.444 1.040 14.320 0.84 0.66 0.16
v -34.333 1.040 14.320 0.84 0.66 0.16
v -34.333 1.060 14.080 0.84 0.66 0.16
v -11.444 1.060 14.080 0.84 0.66 0.16
v -11.444 1.060 14.320 0.84 0.66 0.16
v -34.333 1.060 14.320 0.84 0.66 0.16
v -11.444 1.040 14.080 0.84 0.66 0.16
v 11.444 1.040 14.080 0.84 0.66 0.16
v 11.444 1.040 14.320 0.84 0.66 0.16
v -11.444 1.040 14.320 0.84 0.66 0.16
v -11.444 1.060 14.080 0.84 0.66 0.16
v 11.444 1.060 14.080 0.84 0.66 0.16
v 11.444 1.060 14.320 0.84 0.66 0.16
v -11.444 1.060 14.320 0.84 0.66 0.16
v 11.444 1.040 14.080 0.84 0.66 0.16
v 34.333 1.040 14.080 0.84 0.66 0.16
v 34.333 1.040 14.320 0.84 0.66 0.16
v 11.444 1.040 14.320 0.84 0.66 0.16
v 11.444 1.060 14.080 0.84 0.66 0.16
v 34.333 1.060 14.080 0.84 0.66 0.16
v 34.333 1.060 14.320 0.84 0.66 0.16
v 11.444 1.060 14.320 0.84 0.66 0.16
v 34.333 1.040 14.080 0.84 0.66 0.16
v 57.222 1.040 14.080 0.84 0.66 0.16
v 57.222 1.040 14.320 0.84 0.66 0.16
v 34.333 1.040 14.320 0.84 0.66 0.16
v 34.333 1.060 14.080 0.84 0.66 0.16
v 57.222 1.060 14.080 0.84 0.66 0.16
v 57.222 1.060 14.320 0.84 0.66 0.16
v 34.333 1.060 14.320 0.84 0.66 0.16
v 57.222 1.040 14.080 0.84 0.66 0.16
v 80.111 1.040 14.080 0.84 0.66 0.16
v 80.111 1.040 14.320 0.84 0.66 0.16
v 57.222 1.040 14.320 0.84 0.66 0.16
v 57.222 1.060 14.080 0.84 0.66 0.16
v 80.111 1.060 14.080 0.84 0.66 0.16
v 80.111 1.060 14.320 0.84 0.66 0.16
v 57.222 1.060 14.320 0.84 0.66 0.16
v 80.111 1.040 14.080 0.84 0.66 0.16
v 103.000 1.040 14.080 0.84 0.66 0.16
v 103.000 1.040 14.320 0.84 0.66 0.16
v 80.111 1.040 14.320 0.84 0.66 0.16
v 80.111 1.060 14.080 0.84 0.66 0.16
v 103.000 1.060 14.080 0.84 0.66 0.16
v 103.000 1.060 14.320 0.84 0.66 0.16
v 80.111 1.060 14.320 0.84 0.66 0.16
v -18.000 0.150 11.000 0.8 0.79 0.76
v 0.000 0.150 11.000 0.8 0.79 0.76
v 0.000 0.150 14.500 0.8 0.79 0.76
v -18.000 0.150 14.500 0.8 0.79 0.76
v -18.000 1.050 11.000 0.8 0.79 0.76
v 0.000 1.050 11.000 0.8 0.79 0.76
v 0.000 1.050 14.500 0.8 0.79 0.76
v -18.000 1.050 14.500 0.8 0.79 0.76
v 0.000 0.150 11.000 0.8 0.79 0.76
v 18.000 0.150 11.000 0.8 0.79 0.76
v 18.000 0.150 14.500 0.8 0.79 0.76
v 0.000 0.150 14.500 0.8 0.79 0.76
v 0.000 1.050 11.000 0.8 0.79 0.76
v 18.000 1.050 11.000 0.8 0.79 0.76
v 18.000 1.050 14.500 0.8 0.79 0.76
v 0.000 1.050 14.500 0.8 0.79 0.76
v -19.000 4.050 11.000 0.86 0.88 0.89
v -19.000 4.248 11.350 0.86 0.88 0.89
v -19.000 4.402 11.700 0.86 0.88 0.89
v -19.000 4.512 12.050 0.86 0.88 0.89
v -19.000 4.578 12.400 0.86 0.88 0.89
v -19.000 4.600 12.750 0.86 0.88 0.89
v -19.000 4.578 13.100 0.86 0.88 0.89
v -19.000 4.512 13.450 0.86 0.88 0.89
v -19.000 4.402 13.800 0.86 0.88 0.89
v -19.000 4.248 14.150 0.86 0.88 0.89
v -19.000 4.050 14.500 0.86 0.88 0.89
v -19.000 3.830 14.500 0.86 0.88 0.89
v -19.000 4.028 14.150 0.86 0.88 0.89
v -19.000 4.182 13.800 0.86 0.88 0.89
v -19.000 4.292 13.450 0.86 0.88 0.89
v -19.000 4.358 13.100 0.86 0.88 0.89
v -19.000 4.380 12.750 0.86 0.88 0.89
v -19.000 4.358 12.400 0.86 0.88 0.89
v -19.000 4.292 12.050 0.86 0.88 0.89
v -19.000 4.182 11.700 0.86 0.88 0.89
v -19.000 4.028 11.350 0.86 0.88 0.89
v -19.000 3.830 11.000 0.86 0.88 0.89
v 0.000 4.050 11.000 0.86 0.88 0.89
v 0.000 4.248 11.350 0.86 0.88 0.89
v 0.000 4.402 11.700 0.86 0.88 0.89
v 0.000 4.512 12.050 0.86 0.88 0.89
v 0.000 4.578 12.400 0.86 0.88 0.89
v 0.000 4.600 12.750 0.86 0.88 0.89
v 0.000 4.578 13.100 0.86 0.88 0.89
v 0.000 4.512 13.450 0.86 0.88 0.89
v 0.000 4.402 13.800 0.86 0.88 0.89
v 0.000 4.248 14.150 0.86 0.88 0.89
v 0.000 4.050 14.500 0.86 0.88 0.89
v 0.000 3.830 14.500 0.86 0.88 0.89
v 0.000 4.028 14.150 0.86 0.88 0.89
v 0.000 4.182 13.800 0.86 0.88 0.89
v 0.000 4.292 13.450 0.86 0.88 0.89
v 0.000 4.358 13.100 0.86 0.88 0.89
v 0.000 4.380 12.750 0.86 0.88 0.89
v 0.000 4.358 12.400 0.86 0.88 0.89
v 0.000 4.292 12.050 0.86 0.88 0.89
v 0.000 4.182 11.700 0.86 0.88 0.89
v 0.000 4.028 11.350 0.86 0.88 0.89
v 0.000 3.830 11.000 0.86 0.88 0.89
v 19.000 4.050 11.000 0.86 0.88 0.89
v 19.000 4.248 11.350 0.86 0.88 0.89
v 19.000 4.402 11.700 0.86 0.88 0.89
v 19.000 4.512 12.050 0.86 0.88 0.89
v 19.000 4.578 12.400 0.86 0.88 0.89
v 19.000 4.600 12.750 0.86 0.88 0.89
v 19.000 4.578 13.100 0.86 0.88 0.89
v 19.000 4.512 13.450 0.86 0.88 0.89
v 19.000 4.402 13.800 0.86 0.88 0.89
v 19.000 4.248 14.150 0.86 0.88 0.89
v 19.000 4.050 14.500 0.86 0.88 0.89
v 19.000 3.830 14.500 0.86 0.88 0.89
v 19.000 4.028 14.150 0.86 0.88 0.89
v 19.000 4.182 13.800 0.86 0.88 0.89
v 19.000 4.292 13.450 0.86 0.88 0.89
v 19.000 4.358 13.100 0.86 0.88 0.89
v 19.000 4.380 12.750 0.86 0.88 0.89
v 19.000 4.358 12.400 0.86 0.88 0.89
v 19.000 4.292 12.050 0.86 0.88 0.89
v 19.000 4.182 11.700 0.86 0.88 0.89
v 19.000 4.028 11.350 0.86 0.88 0.89
v 19.000 3.830 11.000 0.86 0.88 0.89
v -14.870 1.050 12.750 0.4 0.43 0.46
v -14.908 1.050 12.842 0.4 0.43 0.46
v -15.000 1.050 12.880 0.4 0.43 0.46
v -15.092 1.050 12.842 0.4 0.43 0.46
v -15.130 1.050 12.750 0.4 0.43 0.46
v -15.092 1.050 12.658 0.4 0.43 0.46
v -15.000 1.050 12.620 0.4 0.43 0.46
v -14.908 1.050 12.658 0.4 0.43 0.46
v -14.890 4.150 12.750 0.4 0.43 0.46
v -14.922 4.150 12.828 0.4 0.43 0.46
v -15.000 4.150 12.860 0.4 0.43 0.46
v -15.078 4.150 12.828 0.4 0.43 0.46
v -15.110 4.150 12.750 0.4 0.43 0.46
v -15.078 4.150 12.672 0.4 0.43 0.46
v -15.000 4.150 12.640 0.4 0.43 0.46
v -14.922 4.150 12.672 0.4 0.43 0.46
v -4.870 1.050 12.750 0.4 0.43 0.46
v -4.908 1.050 12.842 0.4 0.43 0.46
v -5.000 1.050 12.880 0.4 0.43 0.46
v -5.092 1.050 12.842 0.4 0.43 0.46
v -5.130 1.050 12.750 0.4 0.43 0.46
v -5.092 1.050 12.658 0.4 0.43 0.46
v -5.000 1.050 12.620 0.4 0.43 0.46
v -4.908 1.050 12.658 0.4 0.43 0.46
v -4.890 4.150 12.750 0.4 0.43 0.46
v -4.922 4.150 12.828 0.4 0.43 0.46
v -5.000 4.150 12.860 0.4 0.43 0.46
v -5.078 4.150 12.828 0.4 0.43 0.46
v -5.110 4.150 12.750 0.4 0.43 0.46
v -5.078 4.150 12.672 0.4 0.43 0.46
v -5.000 4.150 12.640 0.4 0.43 0.46
v -4.922 4.150 12.672 0.4 0.43 0.46
v 5.130 1.050 12.750 0.4 0.43 0.46
v 5.092 1.050 12.842 0.4 0.43 0.46
v 5.000 1.050 12.880 0.4 0.43 0.46
v 4.908 1.050 12.842 0.4 0.43 0.46
v 4.870 1.050 12.750 0.4 0.43 0.46
v 4.908 1.050 12.658 0.4 0.43 0.46
v 5.000 1.050 12.620 0.4 0.43 0.46
v 5.092 1.050 12.658 0.4 0.43 0.46
v 5.110 4.150 12.750 0.4 0.43 0.46
v 5.078 4.150 12.828 0.4 0.43 0.46
v 5.000 4.150 12.860 0.4 0.43 0.46
v 4.922 4.150 12.828 0.4 0.43 0.46
v 4.890 4.150 12.750 0.4 0.43 0.46
v 4.922 4.150 12.672 0.4 0.43 0.46
v 5.000 4.150 12.640 0.4 0.43 0.46
v 5.078 4.150 12.672 0.4 0.43 0.46
v 15.130 1.050 12.750 0.4 0.43 0.46
v 15.092 1.050 12.842 0.4 0.43 0.46
v 15.000 1.050 12.880 0.4 0.43 0.46
v 14.908 1.050 12.842 0.4 0.43 0.46
v 14.870 1.050 12.750 0.4 0.43 0.46
v 14.908 1.050 12.658 0.4 0.43 0.46
v 15.000 1.050 12.620 0.4 0.43 0.46
v 15.092 1.050 12.658 0.4 0.43 0.46
v 15.110 4.150 12.750 0.4 0.43 0.46
v 15.078 4.150 12.828 0.4 0.43 0.46
v 15.000 4.150 12.860 0.4 0.43 0.46
v 14.922 4.150 12.828 0.4 0.43 0.46
v 14.890 4.150 12.750 0.4 0.43 0.46
v 14.922 4.150 12.672 0.4 0.43 0.46
v 15.000 4.150 12.640 0.4 0.43 0.46
v 15.078 4.150 12.672 0.4 0.43 0.46
v -13.000 0.470 7.950 0.84 0.85 0.86
v -4.600 0.470 7.950 0.84 0.85 0.86
v -4.600 3.200 7.950 0.84 0.85 0.86
v -13.000 3.200 7.950 0.84 0.85 0.86
v -13.000 0.470 10.550 0.84 0.85 0.86
v -4.600 0.470 10.550 0.84 0.85 0.86
v -4.600 3.200 10.550 0.84 0.85 0.86
v -13.000 3.200 10.550 0.84 0.85 0.86
v -12.700 2.100 7.920 0.26 0.33 0.39
v -4.900 2.100 7.920 0.26 0.33 0.39
v -4.900 2.900 7.920 0.26 0.33 0.39
v -12.700 2.900 7.920 0.26 0.33 0.39
v -12.700 2.100 10.580 0.26 0.33 0.39
v -4.900 2.100 10.580 0.26 0.33 0.39
v -4.900 2.900 10.580 0.26 0.33 0.39
v -12.700 2.900 10.580 0.26 0.33 0.39
v -12.800 1.300 7.920 0.66 0.21 0.17
v -4.800 1.300 7.920 0.66 0.21 0.17
v -4.800 1.650 7.920 0.66 0.21 0.17
v -12.800 1.650 7.920 0.66 0.21 0.17
v -12.800 1.300 10.580 0.66 0.21 0.17
v -4.800 1.300 10.580 0.66 0.21 0.17
v -4.800 1.650 10.580 0.66 0.21 0.17
v -12.800 1.650 10.580 0.66 0.21 0.17
v -3.400 0.470 7.950 0.84 0.85 0.86
v 5.000 0.470 7.950 0.84 0.85 0.86
v 5.000 3.200 7.950 0.84 0.85 0.86
v -3.400 3.200 7.950 0.84 0.85 0.86
v -3.400 0.470 10.550 0.84 0.85 0.86
v 5.000 0.470 10.550 0.84 0.85 0.86
v 5.000 3.200 10.550 0.84 0.85 0.86
v -3.400 3.200 10.550 0.84 0.85 0.86
v -3.100 2.100 7.920 0.26 0.33 0.39
v 4.700 2.100 7.920 0.26 0.33 0.39
v 4.700 2.900 7.920 0.26 0.33 0.39
v -3.100 2.900 7.920 0.26 0.33 0.39
v -3.100 2.100 10.580 0.26 0.33 0.39
v 4.700 2.100 10.580 0.26 0.33 0.39
v 4.700 2.900 10.580 0.26 0.33 0.39
v -3.100 2.900 10.580 0.26 0.33 0.39
v -3.200 1.300 7.920 0.66 0.21 0.17
v 4.800 1.300 7.920 0.66 0.21 0.17
v 4.800 1.650 7.920 0.66 0.21 0.17
v -3.200 1.650 7.920 0.66 0.21 0.17
v -3.200 1.300 10.580 0.66 0.21 0.17
v 4.800 1.300 10.580 0.66 0.21 0.17
v 4.800 1.650 10.580 0.66 0.21 0.17
v -3.200 1.650 10.580 0.66 0.21 0.17
v -4.700 0.750 8.100 0.66 0.21 0.17
v -3.300 0.750 8.100 0.66 0.21 0.17
v -3.300 0.750 10.400 0.66 0.21 0.17
v -4.700 0.750 10.400 0.66 0.21 0.17
v -4.700 3.050 8.100 0.66 0.21 0.17
v -3.300 3.050 8.100 0.66 0.21 0.17
v -3.300 3.050 10.400 0.66 0.21 0.17
v -4.700 3.050 10.400 0.66 0.21 0.17
v -11.100 0.650 7.930 0.13 0.13 0.14
v -11.195 0.944 7.930 0.13 0.13 0.14
v -11.445 1.126 7.930 0.13 0.13 0.14
v -11.755 1.126 7.930 0.13 0.13 0.14
v -12.005 0.944 7.930 0.13 0.13 0.14
v -12.100 0.650 7.930 0.13 0.13 0.14
v -12.005 0.356 7.930 0.13 0.13 0.14
v -11.755 0.174 7.930 0.13 0.13 0.14
v -11.445 0.174 7.930 0.13 0.13 0.14
v -11.195 0.356 7.930 0.13 0.13 0.14
v -11.100 0.650 8.110 0.13 0.13 0.14
v -11.195 0.944 8.110 0.13 0.13 0.14
v -11.445 1.126 8.110 0.13 0.13 0.14
v -11.755 1.126 8.110 0.13 0.13 0.14
v -12.005 0.944 8.110 0.13 0.13 0.14
v -12.100 0.650 8.110 0.13 0.13 0.14
v -12.005 0.356 8.110 0.13 0.13 0.14
v -11.755 0.174 8.110 0.13 0.13 0.14
v -11.445 0.174 8.110 0.13 0.13 0.14
v -11.195 0.356 8.110 0.13 0.13 0.14
v -11.100 0.650 10.390 0.13 0.13 0.14
v -11.195 0.944 10.390 0.13 0.13 0.14
v -11.445 1.126 10.390 0.13 0.13 0.14
v -11.755 1.126 10.390 0.13 0.13 0.14
v -12.005 0.944 10.390 0.13 0.13 0.14
v -12.100 0.650 10.390 0.13 0.13 0.14
v -12.005 0.356 10.390 0.13 0.13 0.14
v -11.755 0.174 10.390 0.13 0.13 0.14
v -11.445 0.174 10.390 0.13 0.13 0.14
v -11.195 0.356 10.390 0.13 0.13 0.14
v -11.100 0.650 10.570 0.13 0.13 0.14
v -11.195 0.944 10.570 0.13 0.13 0.14
v -11.445 1.126 10.570 0.13 0.13 0.14
v -11.755 1.126 10.570 0.13 0.13 0.14
v -12.005 0.944 10.570 0.13 0.13 0.14
v -12.100 0.650 10.570 0.13 0.13 0.14
v -12.005 0.356 10.570 0.13 0.13 0.14
v -11.755 0.174 10.570 0.13 0.13 0.14
v -11.445 0.174 10.570 0.13 0.13 0.14
v -11.195 0.356 10.570 0.13 0.13 0.14
v -5.900 0.650 7.930 0.13 0.13 0.14
v -5.995 0.944 7.930 0.13 0.13 0.14
v -6.245 1.126 7.930 0.13 0.13 0.14
v -6.555 1.126 7.930 0.13 0.13 0.14
v -6.805 0.944 7.930 0.13 0.13 0.14
v -6.900 0.650 7.930 0.13 0.13 0.14
v -6.805 0.356 7.930 0.13 0.13 0.14
v -6.555 0.174 7.930 0.13 0.13 0.14
v -6.245 0.174 7.930 0.13 0.13 0.14
v -5.995 0.356 7.930 0.13 0.13 0.14
v -5.900 0.650 8.110 0.13 0.13 0.14
v -5.995 0.944 8.110 0.13 0.13 0.14
v -6.245 1.126 8.110 0.13 0.13 0.14
v -6.555 1.126 8.110 0.13 0.13 0.14
v -6.805 0.944 8.110 0.13 0.13 0.14
v -6.900 0.650 8.110 0.13 0.13 0.14
v -6.805 0.356 8.110 0.13 0.13 0.14
v -6.555 0.174 8.110 0.13 0.13 0.14
v -6.245 0.174 8.110 0.13 0.13 0.14
v -5.995 0.356 8.110 0.13 0.13 0.14
v -5.900 0.650 10.390 0.13 0.13 0.14
v -5.995 0.944 10.390 0.13 0.13 0.14
v -6.245 1.126 10.390 0.13 0.13 0.14
v -6.555 1.126 10.390 0.13 0.13 0.14
v -6.805 0.944 10.390 0.13 0.13 0.14
v -6.900 0.650 10.390 0.13 0.13 0.14
v -6.805 0.356 10.390 0.13 0.13 0.14
v -6.555 0.174 10.390 0.13 0.13 0.14
v -6.245 0.174 10.390 0.13 0.13 0.14
v -5.995 0.356 10.390 0.13 0.13 0.14
v -5.900 0.650 10.570 0.13 0.13 0.14
v -5.995 0.944 10.570 0.13 0.13 0.14
v -6.245 1.126 10.570 0.13 0.13 0.14
v -6.555 1.126 10.570 0.13 0.13 0.14
v -6.805 0.944 10.570 0.13 0.13 0.14
v -6.900 0.650 10.570 0.13 0.13 0.14
v -6.805 0.356 10.570 0.13 0.13 0.14
v -6.555 0.174 10.570 0.13 0.13 0.14
v -6.245 0.174 10.570 0.13 0.13 0.14
v -5.995 0.356 10.570 0.13 0.13 0.14
v -0.300 0.650 7.930 0.13 0.13 0.14
v -0.395 0.944 7.930 0.13 0.13 0.14
v -0.645 1.126 7.930 0.13 0.13 0.14
v -0.955 1.126 7.930 0.13 0.13 0.14
v -1.205 0.944 7.930 0.13 0.13 0.14
v -1.300 0.650 7.930 0.13 0.13 0.14
v -1.205 0.356 7.930 0.13 0.13 0.14
v -0.955 0.174 7.930 0.13 0.13 0.14
v -0.645 0.174 7.930 0.13 0.13 0.14
v -0.395 0.356 7.930 0.13 0.13 0.14
v -0.300 0.650 8.110 0.13 0.13 0.14
v -0.395 0.944 8.110 0.13 0.13 0.14
v -0.645 1.126 8.110 0.13 0.13 0.14
v -0.955 1.126 8.110 0.13 0.13 0.14
v -1.205 0.944 8.110 0.13 0.13 0.14
v -1.300 0.650 8.110 0.13 0.13 0.14
v -1.205 0.356 8.110 0.13 0.13 0.14
v -0.955 0.174 8.110 0.13 0.13 0.14
v -0.645 0.174 8.110 0.13 0.13 0.14
v -0.395 0.356 8.110 0.13 0.13 0.14
v -0.300 0.650 10.390 0.13 0.13 0.14
v -0.395 0.944 10.390 0.13 0.13 0.14
v -0.645 1.126 10.390 0.13 0.13 0.14
v -0.955 1.126 10.390 0.13 0.13 0.14
v -1.205 0.944 10.390 0.13 0.13 0.14
v -1.300 0.650 10.390 0.13 0.13 0.14
v -1.205 0.356 10.390 0.13 0.13 0.14
v -0.955 0.174 10.390 0.13 0.13 0.14
v -0.645 0.174 10.390 0.13 0.13 0.14
v -0.395 0.356 10.390 0.13 0.13 0.14
v -0.300 0.650 10.570 0.13 0.13 0.14
v -0.395 0.944 10.570 0.13 0.13 0.14
v -0.645 1.126 10.570 0.13 0.13 0.14
v -0.955 1.126 10.570 0.13 0.13 0.14
v -1.205 0.944 10.570 0.13 0.13 0.14
v -1.300 0.650 10.570 0.13 0.13 0.14
v -1.205 0.356 10.570 0.13 0.13 0.14
v -0.955 0.174 10.570 0.13 0.13 0.14
v -0.645 0.174 10.570 0.13 0.13 0.14
v -0.395 0.356 10.570 0.13 0.13 0.14
v 4.100 0.650 7.930 0.13 0.13 0.14
v 4.005 0.944 7.930 0.13 0.13 0.14
v 3.755 1.126 7.930 0.13 0.13 0.14
v 3.445 1.126 7.930 0.13 0.13 0.14
v 3.195 0.944 7.930 0.13 0.13 0.14
v 3.100 0.650 7.930 0.13 0.13 0.14
v 3.195 0.356 7.930 0.13 0.13 0.14
v 3.445 0.174 7.930 0.13 0.13 0.14
v 3.755 0.174 7.930 0.13 0.13 0.14
v 4.005 0.356 7.930 0.13 0.13 0.14
v 4.100 0.650 8.110 0.13 0.13 0.14
v 4.005 0.944 8.110 0.13 0.13 0.14
v 3.755 1.126 8.110 0.13 0.13 0.14
v 3.445 1.126 8.110 0.13 0.13 0.14
v 3.195 0.944 8.110 0.13 0.13 0.14
v 3.100 0.650 8.110 0.13 0.13 0.14
v 3.195 0.356 8.110 0.13 0.13 0.14
v 3.445 0.174 8.110 0.13 0.13 0.14
v 3.755 0.174 8.110 0.13 0.13 0.14
v 4.005 0.356 8.110 0.13 0.13 0.14
v 4.100 0.650 10.390 0.13 0.13 0.14
v 4.005 0.944 10.390 0.13 0.13 0.14
v 3.755 1.126 10.390 0.13 0.13 0.14
v 3.445 1.126 10.390 0.13 0.13 0.14
v 3.195 0.944 10.390 0.13 0.13 0.14
v 3.100 0.650 10.390 0.13 0.13 0.14
v 3.195 0.356 10.390 0.13 0.13 0.14
v 3.445 0.174 10.390 0.13 0.13 0.14
v 3.755 0.174 10.390 0.13 0.13 0.14
v 4.005 0.356 10.390 0.13 0.13 0.14
v 4.100 0.650 10.570 0.13 0.13 0.14
v 4.005 0.944 10.570 0.13 0.13 0.14
v 3.755 1.126 10.570 0.13 0.13 0.14
v 3.445 1.126 10.570 0.13 0.13 0.14
v 3.195 0.944 10.570 0.13 0.13 0.14
v 3.100 0.650 10.570 0.13 0.13 0.14
v 3.195 0.356 10.570 0.13 0.13 0.14
v 3.445 0.174 10.570 0.13 0.13 0.14
v 3.755 0.174 10.570 0.13 0.13 0.14
v 4.005 0.356 10.570 0.13 0.13 0.14
v 37.000 0.470 14.950 0.84 0.85 0.86
v 45.400 0.470 14.950 0.84 0.85 0.86
v 45.400 3.200 14.950 0.84 0.85 0.86
v 37.000 3.200 14.950 0.84 0.85 0.86
v 37.000 0.470 17.550 0.84 0.85 0.86
v 45.400 0.470 17.550 0.84 0.85 0.86
v 45.400 3.200 17.550 0.84 0.85 0.86
v 37.000 3.200 17.550 0.84 0.85 0.86
v 37.300 2.100 14.920 0.26 0.33 0.39
v 45.100 2.100 14.920 0.26 0.33 0.39
v 45.100 2.900 14.920 0.26 0.33 0.39
v 37.300 2.900 14.920 0.26 0.33 0.39
v 37.300 2.100 17.580 0.26 0.33 0.39
v 45.100 2.100 17.580 0.26 0.33 0.39
v 45.100 2.900 17.580 0.26 0.33 0.39
v 37.300 2.900 17.580 0.26 0.33 0.39
v 37.200 1.300 14.920 0.66 0.21 0.17
v 45.200 1.300 14.920 0.66 0.21 0.17
v 45.200 1.650 14.920 0.66 0.21 0.17
v 37.200 1.650 14.920 0.66 0.21 0.17
v 37.200 1.300 17.580 0.66 0.21 0.17
v 45.200 1.300 17.580 0.66 0.21 0.17
v 45.200 1.650 17.580 0.66 0.21 0.17
v 37.200 1.650 17.580 0.66 0.21 0.17
v 46.600 0.470 14.950 0.84 0.85 0.86
v 55.000 0.470 14.950 0.84 0.85 0.86
v 55.000 3.200 14.950 0.84 0.85 0.86
v 46.600 3.200 14.950 0.84 0.85 0.86
v 46.600 0.470 17.550 0.84 0.85 0.86
v 55.000 0.470 17.550 0.84 0.85 0.86
v 55.000 3.200 17.550 0.84 0.85 0.86
v 46.600 3.200 17.550 0.84 0.85 0.86
v 46.900 2.100 14.920 0.26 0.33 0.39
v 54.700 2.100 14.920 0.26 0.33 0.39
v 54.700 2.900 14.920 0.26 0.33 0.39
v 46.900 2.900 14.920 0.26 0.33 0.39
v 46.900 2.100 17.580 0.26 0.33 0.39
v 54.700 2.100 17.580 0.26 0.33 0.39
v 54.700 2.900 17.580 0.26 0.33 0.39
v 46.900 2.900 17.580 0.26 0.33 0.39
v 46.800 1.300 14.920 0.66 0.21 0.17
v 54.800 1.300 14.920 0.66 0.21 0.17
v 54.800 1.650 14.920 0.66 0.21 0.17
v 46.800 1.650 14.920 0.66 0.21 0.17
v 46.800 1.300 17.580 0.66 0.21 0.17
v 54.800 1.300 17.580 0.66 0.21 0.17
v 54.800 1.650 17.580 0.66 0.21 0.17
v 46.800 1.650 17.580 0.66 0.21 0.17
v 45.300 0.750 15.100 0.66 0.21 0.17
v 46.700 0.750 15.100 0.66 0.21 0.17
v 46.700 0.750 17.400 0.66 0.21 0.17
v 45.300 0.750 17.400 0.66 0.21 0.17
v 45.300 3.050 15.100 0.66 0.21 0.17
v 46.700 3.050 15.100 0.66 0.21 0.17
v 46.700 3.050 17.400 0.66 0.21 0.17
v 45.300 3.050 17.400 0.66 0.21 0.17
v 38.900 0.650 14.930 0.13 0.13 0.14
v 38.805 0.944 14.930 0.13 0.13 0.14
v 38.555 1.126 14.930 0.13 0.13 0.14
v 38.245 1.126 14.930 0.13 0.13 0.14
v 37.995 0.944 14.930 0.13 0.13 0.14
v 37.900 0.650 14.930 0.13 0.13 0.14
v 37.995 0.356 14.930 0.13 0.13 0.14
v 38.245 0.174 14.930 0.13 0.13 0.14
v 38.555 0.174 14.930 0.13 0.13 0.14
v 38.805 0.356 14.930 0.13 0.13 0.14
v 38.900 0.650 15.110 0.13 0.13 0.14
v 38.805 0.944 15.110 0.13 0.13 0.14
v 38.555 1.126 15.110 0.13 0.13 0.14
v 38.245 1.126 15.110 0.13 0.13 0.14
v 37.995 0.944 15.110 0.13 0.13 0.14
v 37.900 0.650 15.110 0.13 0.13 0.14
v 37.995 0.356 15.110 0.13 0.13 0.14
v 38.245 0.174 15.110 0.13 0.13 0.14
v 38.555 0.174 15.110 0.13 0.13 0.14
v 38.805 0.356 15.110 0.13 0.13 0.14
v 38.900 0.650 17.390 0.13 0.13 0.14
v 38.805 0.944 17.390 0.13 0.13 0.14
v 38.555 1.126 17.390 0.13 0.13 0.14
v 38.245 1.126 17.390 0.13 0.13 0.14
v 37.995 0.944 17.390 0.13 0.13 0.14
v 37.900 0.650 17.390 0.13 0.13 0.14
v 37.995 0.356 17.390 0.13 0.13 0.14
v 38.245 0.174 17.390 0.13 0.13 0.14
v 38.555 0.174 17.390 0.13 0.13 0.14
v 38.805 0.356 17.390 0.13 0.13 0.14
v 38.900 0.650 17.570 0.13 0.13 0.14
v 38.805 0.944 17.570 0.13 0.13 0.14
v 38.555 1.126 17.570 0.13 0.13 0.14
v 38.245 1.126 17.570 0.13 0.13 0.14
v 37.995 0.944 17.570 0.13 0.13 0.14
v 37.900 0.650 17.570 0.13 0.13 0.14
v 37.995 0.356 17.570 0.13 0.13 0.14
v 38.245 0.174 17.570 0.13 0.13 0.14
v 38.555 0.174 17.570 0.13 0.13 0.14
v 38.805 0.356 17.570 0.13 0.13 0.14
v 44.100 0.650 14.930 0.13 0.13 0.14
v 44.005 0.944 14.930 0.13 0.13 0.14
v 43.755 1.126 14.930 0.13 0.13 0.14
v 43.445 1.126 14.930 0.13 0.13 0.14
v 43.195 0.944 14.930 0.13 0.13 0.14
v 43.100 0.650 14.930 0.13 0.13 0.14
v 43.195 0.356 14.930 0.13 0.13 0.14
v 43.445 0.174 14.930 0.13 0.13 0.14
v 43.755 0.174 14.930 0.13 0.13 0.14
v 44.005 0.356 14.930 0.13 0.13 0.14
v 44.100 0.650 15.110 0.13 0.13 0.14
v 44.005 0.944 15.110 0.13 0.13 0.14
v 43.755 1.126 15.110 0.13 0.13 0.14
v 43.445 1.126 15.110 0.13 0.13 0.14
v 43.195 0.944 15.110 0.13 0.13 0.14
v 43.100 0.650 15.110 0.13 0.13 0.14
v 43.195 0.356 15.110 0.13 0.13 0.14
v 43.445 0.174 15.110 0.13 0.13 0.14
v 43.755 0.174 15.110 0.13 0.13 0.14
v 44.005 0.356 15.110 0.13 0.13 0.14
v 44.100 0.650 17.390 0.13 0.13 0.14
v 44.005 0.944 17.390 0.13 0.13 0.14
v 43.755 1.126 17.390 0.13 0.13 0.14
v 43.445 1.126 17.390 0.13 0.13 0.14
v 43.195 0.944 17.390 0.13 0.13 0.14
v 43.100 0.650 17.390 0.13 0.13 0.14
v 43.195 0.356 17.390 0.13 0.13 0.14
v 43.445 0.174 17.390 0.13 0.13 0.14
v 43.755 0.174 17.390 0.13 0.13 0.14
v 44.005 0.356 17.390 0.13 0.13 0.14
v 44.100 0.650 17.570 0.13 0.13 0.14
v 44.005 0.944 17.570 0.13 0.13 0.14
v 43.755 1.126 17.570 0.13 0.13 0.14
v 43.445 1.126 17.570 0.13 0.13 0.14
v 43.195 0.944 17.570 0.13 0.13 0.14
v 43.100 0.650 17.570 0.13 0.13 0.14
v 43.195 0.356 17.570 0.13 0.13 0.14
v 43.445 0.174 17.570 0.13 0.13 0.14
v 43.755 0.174 17.570 0.13 0.13 0.14
v 44.005 0.356 17.570 0.13 0.13 0.14
v 49.700 0.650 14.930 0.13 0.13 0.14
v 49.605 0.944 14.930 0.13 0.13 0.14
v 49.355 1.126 14.930 0.13 0.13 0.14
v 49.045 1.126 14.930 0.13 0.13 0.14
v 48.795 0.944 14.930 0.13 0.13 0.14
v 48.700 0.650 14.930 0.13 0.13 0.14
v 48.795 0.356 14.930 0.13 0.13 0.14
v 49.045 0.174 14.930 0.13 0.13 0.14
v 49.355 0.174 14.930 0.13 0.13 0.14
v 49.605 0.356 14.930 0.13 0.13 0.14
v 49.700 0.650 15.110 0.13 0.13 0.14
v 49.605 0.944 15.110 0.13 0.13 0.14
v 49.355 1.126 15.110 0.13 0.13 0.14
v 49.045 1.126 15.110 0.13 0.13 0.14
v 48.795 0.944 15.110 0.13 0.13 0.14
v 48.700 0.650 15.110 0.13 0.13 0.14
v 48.795 0.356 15.110 0.13 0.13 0.14
v 49.045 0.174 15.110 0.13 0.13 0.14
v 49.355 0.174 15.110 0.13 0.13 0.14
v 49.605 0.356 15.110 0.13 0.13 0.14
v 49.700 0.650 17.390 0.13 0.13 0.14
v 49.605 0.944 17.390 0.13 0.13 0.14
v 49.355 1.126 17.390 0.13 0.13 0.14
v 49.045 1.126 17.390 0.13 0.13 0.14
v 48.795 0.944 17.390 0.13 0.13 0.14
v 48.700 0.650 17.390 0.13 0.13 0.14
v 48.795 0.356 17.390 0.13 0.13 0.14
v 49.045 0.174 17.390 0.13 0.13 0.14
v 49.355 0.174 17.390 0.13 0.13 0.14
v 49.605 0.356 17.390 0.13 0.13 0.14
v 49.700 0.650 17.570 0.13 0.13 0.14
v 49.605 0.944 17.570 0.13 0.13 0.14
v 49.355 1.126 17.570 0.13 0.13 0.14
v 49.045 1.126 17.570 0.13 0.13 0.14
v 48.795 0.944 17.570 0.13 0.13 0.14
v 48.700 0.650 17.570 0.13 0.13 0.14
v 48.795 0.356 17.570 0.13 0.13 0.14
v 49.045 0.174 17.570 0.13 0.13 0.14
v 49.355 0.174 17.570 0.13 0.13 0.14
v 49.605 0.356 17.570 0.13 0.13 0.14
v 54.100 0.650 14.930 0.13 0.13 0.14
v 54.005 0.944 14.930 0.13 0.13 0.14
v 53.755 1.126 14.930 0.13 0.13 0.14
v 53.445 1.126 14.930 0.13 0.13 0.14
v 53.195 0.944 14.930 0.13 0.13 0.14
v 53.100 0.650 14.930 0.13 0.13 0.14
v 53.195 0.356 14.930 0.13 0.13 0.14
v 53.445 0.174 14.930 0.13 0.13 0.14
v 53.755 0.174 14.930 0.13 0.13 0.14
v 54.005 0.356 14.930 0.13 0.13 0.14
v 54.100 0.650 15.110 0.13 0.13 0.14
v 54.005 0.944 15.110 0.13 0.13 0.14
v 53.755 1.126 15.110 0.13 0.13 0.14
v 53.445 1.126 15.110 0.13 0.13 0.14
v 53.195 0.944 15.110 0.13 0.13 0.14
v 53.100 0.650 15.110 0.13 0.13 0.14
v 53.195 0.356 15.110 0.13 0.13 0.14
v 53.445 0.174 15.110 0.13 0.13 0.14
v 53.755 0.174 15.110 0.13 0.13 0.14
v 54.005 0.356 15.110 0.13 0.13 0.14
v 54.100 0.650 17.390 0.13 0.13 0.14
v 54.005 0.944 17.390 0.13 0.13 0.14
v 53.755 1.126 17.390 0.13 0.13 0.14
v 53.445 1.126 17.390 0.13 0.13 0.14
v 53.195 0.944 17.390 0.13 0.13 0.14
v 53.100 0.650 17.390 0.13 0.13 0.14
v 53.195 0.356 17.390 0.13 0.13 0.14
v 53.445 0.174 17.390 0.13 0.13 0.14
v 53.755 0.174 17.390 0.13 0.13 0.14
v 54.005 0.356 17.390 0.13 0.13 0.14
v 54.100 0.650 17.570 0.13 0.13 0.14
v 54.005 0.944 17.570 0.13 0.13 0.14
v 53.755 1.126 17.570 0.13 0.13 0.14
v 53.445 1.126 17.570 0.13 0.13 0.14
v 53.195 0.944 17.570 0.13 0.13 0.14
v 53.100 0.650 17.570 0.13 0.13 0.14
v 53.195 0.356 17.570 0.13 0.13 0.14
v 53.445 0.174 17.570 0.13 0.13 0.14
v 53.755 0.174 17.570 0.13 0.13 0.14
v 54.005 0.356 17.570 0.13 0.13 0.14
v -92.600 0.000 -2.200 0.66 0.64 0.6
v -87.400 0.000 -2.200 0.66 0.64 0.6
v -87.400 0.000 2.200 0.66 0.64 0.6
v -92.600 0.000 2.200 0.66 0.64 0.6
v -92.600 0.550 -2.200 0.66 0.64 0.6
v -87.400 0.550 -2.200 0.66 0.64 0.6
v -87.400 0.550 2.200 0.66 0.64 0.6
v -92.600 0.550 2.200 0.66 0.64 0.6
v -91.700 0.550 -1.300 0.78 0.76 0.71
v -88.300 0.550 -1.300 0.78 0.76 0.71
v -88.300 0.550 1.300 0.78 0.76 0.71
v -91.700 0.550 1.300 0.78 0.76 0.71
v -91.200 6.200 -1.000 0.78 0.76 0.71
v -88.800 6.200 -1.000 0.78 0.76 0.71
v -88.800 6.200 1.000 0.78 0.76 0.71
v -91.200 6.200 1.000 0.78 0.76 0.71
v -91.350 8.000 -6.600 0.78 0.76 0.71
v -91.350 8.000 6.600 0.78 0.76 0.71
v -91.350 7.150 6.600 0.78 0.76 0.71
v -91.350 6.200 1.500 0.78 0.76 0.71
v -91.350 6.200 -1.500 0.78 0.76 0.71
v -88.650 8.000 -6.600 0.78 0.76 0.71
v -88.650 8.000 6.600 0.78 0.76 0.71
v -88.650 7.150 6.600 0.78 0.76 0.71
v -88.650 6.200 1.500 0.78 0.76 0.71
v -88.650 6.200 -1.500 0.78 0.76 0.71
v -90.750 7.680 -4.900 0.13 0.13 0.14
v -89.250 7.680 -4.900 0.13 0.13 0.14
v -89.250 7.680 -3.900 0.13 0.13 0.14
v -90.750 7.680 -3.900 0.13 0.13 0.14
v -90.750 8.000 -4.900 0.13 0.13 0.14
v -89.250 8.000 -4.900 0.13 0.13 0.14
v -89.250 8.000 -3.900 0.13 0.13 0.14
v -90.750 8.000 -3.900 0.13 0.13 0.14
v -90.750 7.680 -0.500 0.13 0.13 0.14
v -89.250 7.680 -0.500 0.13 0.13 0.14
v -89.250 7.680 0.500 0.13 0.13 0.14
v -90.750 7.680 0.500 0.13 0.13 0.14
v -90.750 8.000 -0.500 0.13 0.13 0.14
v -89.250 8.000 -0.500 0.13 0.13 0.14
v -89.250 8.000 0.500 0.13 0.13 0.14
v -90.750 8.000 0.500 0.13 0.13 0.14
v -90.750 7.680 3.900 0.13 0.13 0.14
v -89.250 7.680 3.900 0.13 0.13 0.14
v -89.250 7.680 4.900 0.13 0.13 0.14
v -90.750 7.680 4.900 0.13 0.13 0.14
v -90.750 8.000 3.900 0.13 0.13 0.14
v -89.250 8.000 3.900 0.13 0.13 0.14
v -89.250 8.000 4.900 0.13 0.13 0.14
v -90.750 8.000 4.900 0.13 0.13 0.14
v -62.600 0.000 -2.200 0.66 0.64 0.6
v -57.400 0.000 -2.200 0.66 0.64 0.6
v -57.400 0.000 2.200 0.66 0.64 0.6
v -62.600 0.000 2.200 0.66 0.64 0.6
v -62.600 0.550 -2.200 0.66 0.64 0.6
v -57.400 0.550 -2.200 0.66 0.64 0.6
v -57.400 0.550 2.200 0.66 0.64 0.6
v -62.600 0.550 2.200 0.66 0.64 0.6
v -61.700 0.550 -1.300 0.78 0.76 0.71
v -58.300 0.550 -1.300 0.78 0.76 0.71
v -58.300 0.550 1.300 0.78 0.76 0.71
v -61.700 0.550 1.300 0.78 0.76 0.71
v -61.200 6.200 -1.000 0.78 0.76 0.71
v -58.800 6.200 -1.000 0.78 0.76 0.71
v -58.800 6.200 1.000 0.78 0.76 0.71
v -61.200 6.200 1.000 0.78 0.76 0.71
v -61.350 8.000 -6.600 0.78 0.76 0.71
v -61.350 8.000 6.600 0.78 0.76 0.71
v -61.350 7.150 6.600 0.78 0.76 0.71
v -61.350 6.200 1.500 0.78 0.76 0.71
v -61.350 6.200 -1.500 0.78 0.76 0.71
v -58.650 8.000 -6.600 0.78 0.76 0.71
v -58.650 8.000 6.600 0.78 0.76 0.71
v -58.650 7.150 6.600 0.78 0.76 0.71
v -58.650 6.200 1.500 0.78 0.76 0.71
v -58.650 6.200 -1.500 0.78 0.76 0.71
v -60.750 7.680 -4.900 0.13 0.13 0.14
v -59.250 7.680 -4.900 0.13 0.13 0.14
v -59.250 7.680 -3.900 0.13 0.13 0.14
v -60.750 7.680 -3.900 0.13 0.13 0.14
v -60.750 8.000 -4.900 0.13 0.13 0.14
v -59.250 8.000 -4.900 0.13 0.13 0.14
v -59.250 8.000 -3.900 0.13 0.13 0.14
v -60.750 8.000 -3.900 0.13 0.13 0.14
v -60.750 7.680 -0.500 0.13 0.13 0.14
v -59.250 7.680 -0.500 0.13 0.13 0.14
v -59.250 7.680 0.500 0.13 0.13 0.14
v -60.750 7.680 0.500 0.13 0.13 0.14
v -60.750 8.000 -0.500 0.13 0.13 0.14
v -59.250 8.000 -0.500 0.13 0.13 0.14
v -59.250 8.000 0.500 0.13 0.13 0.14
v -60.750 8.000 0.500 0.13 0.13 0.14
v -60.750 7.680 3.900 0.13 0.13 0.14
v -59.250 7.680 3.900 0.13 0.13 0.14
v -59.250 7.680 4.900 0.13 0.13 0.14
v -60.750 7.680 4.900 0.13 0.13 0.14
v -60.750 8.000 3.900 0.13 0.13 0.14
v -59.250 8.000 3.900 0.13 0.13 0.14
v -59.250 8.000 4.900 0.13 0.13 0.14
v -60.750 8.000 4.900 0.13 0.13 0.14
v -32.600 0.000 -2.200 0.66 0.64 0.6
v -27.400 0.000 -2.200 0.66 0.64 0.6
v -27.400 0.000 2.200 0.66 0.64 0.6
v -32.600 0.000 2.200 0.66 0.64 0.6
v -32.600 0.550 -2.200 0.66 0.64 0.6
v -27.400 0.550 -2.200 0.66 0.64 0.6
v -27.400 0.550 2.200 0.66 0.64 0.6
v -32.600 0.550 2.200 0.66 0.64 0.6
v -31.700 0.550 -1.300 0.78 0.76 0.71
v -28.300 0.550 -1.300 0.78 0.76 0.71
v -28.300 0.550 1.300 0.78 0.76 0.71
v -31.700 0.550 1.300 0.78 0.76 0.71
v -31.200 6.200 -1.000 0.78 0.76 0.71
v -28.800 6.200 -1.000 0.78 0.76 0.71
v -28.800 6.200 1.000 0.78 0.76 0.71
v -31.200 6.200 1.000 0.78 0.76 0.71
v -31.350 8.000 -6.600 0.78 0.76 0.71
v -31.350 8.000 6.600 0.78 0.76 0.71
v -31.350 7.150 6.600 0.78 0.76 0.71
v -31.350 6.200 1.500 0.78 0.76 0.71
v -31.350 6.200 -1.500 0.78 0.76 0.71
v -28.650 8.000 -6.600 0.78 0.76 0.71
v -28.650 8.000 6.600 0.78 0.76 0.71
v -28.650 7.150 6.600 0.78 0.76 0.71
v -28.650 6.200 1.500 0.78 0.76 0.71
v -28.650 6.200 -1.500 0.78 0.76 0.71
v -30.750 7.680 -4.900 0.13 0.13 0.14
v -29.250 7.680 -4.900 0.13 0.13 0.14
v -29.250 7.680 -3.900 0.13 0.13 0.14
v -30.750 7.680 -3.900 0.13 0.13 0.14
v -30.750 8.000 -4.900 0.13 0.13 0.14
v -29.250 8.000 -4.900 0.13 0.13 0.14
v -29.250 8.000 -3.900 0.13 0.13 0.14
v -30.750 8.000 -3.900 0.13 0.13 0.14
v -30.750 7.680 -0.500 0.13 0.13 0.14
v -29.250 7.680 -0.500 0.13 0.13 0.14
v -29.250 7.680 0.500 0.13 0.13 0.14
v -30.750 7.680 0.500 0.13 0.13 0.14
v -30.750 8.000 -0.500 0.13 0.13 0.14
v -29.250 8.000 -0.500 0.13 0.13 0.14
v -29.250 8.000 0.500 0.13 0.13 0.14
v -30.750 8.000 0.500 0.13 0.13 0.14
v -30.750 7.680 3.900 0.13 0.13 0.14
v -29.250 7.680 3.900 0.13 0.13 0.14
v -29.250 7.680 4.900 0.13 0.13 0.14
v -30.750 7.680 4.900 0.13 0.13 0.14
v -30.750 8.000 3.900 0.13 0.13 0.14
v -29.250 8.000 3.900 0.13 0.13 0.14
v -29.250 8.000 4.900 0.13 0.13 0.14
v -30.750 8.000 4.900 0.13 0.13 0.14
v -2.600 0.000 -2.200 0.66 0.64 0.6
v 2.600 0.000 -2.200 0.66 0.64 0.6
v 2.600 0.000 2.200 0.66 0.64 0.6
v -2.600 0.000 2.200 0.66 0.64 0.6
v -2.600 0.550 -2.200 0.66 0.64 0.6
v 2.600 0.550 -2.200 0.66 0.64 0.6
v 2.600 0.550 2.200 0.66 0.64 0.6
v -2.600 0.550 2.200 0.66 0.64 0.6
v -1.700 0.550 -1.300 0.78 0.76 0.71
v 1.700 0.550 -1.300 0.78 0.76 0.71
v 1.700 0.550 1.300 0.78 0.76 0.71
v -1.700 0.550 1.300 0.78 0.76 0.71
v -1.200 6.200 -1.000 0.78 0.76 0.71
v 1.200 6.200 -1.000 0.78 0.76 0.71
v 1.200 6.200 1.000 0.78 0.76 0.71
v -1.200 6.200 1.000 0.78 0.76 0.71
v -1.350 8.000 -6.600 0.78 0.76 0.71
v -1.350 8.000 6.600 0.78 0.76 0.71
v -1.350 7.150 6.600 0.78 0.76 0.71
v -1.350 6.200 1.500 0.78 0.76 0.71
v -1.350 6.200 -1.500 0.78 0.76 0.71
v 1.350 8.000 -6.600 0.78 0.76 0.71
v 1.350 8.000 6.600 0.78 0.76 0.71
v 1.350 7.150 6.600 0.78 0.76 0.71
v 1.350 6.200 1.500 0.78 0.76 0.71
v 1.350 6.200 -1.500 0.78 0.76 0.71
v -0.750 7.680 -4.900 0.13 0.13 0.14
v 0.750 7.680 -4.900 0.13 0.13 0.14
v 0.750 7.680 -3.900 0.13 0.13 0.14
v -0.750 7.680 -3.900 0.13 0.13 0.14
v -0.750 8.000 -4.900 0.13 0.13 0.14
v 0.750 8.000 -4.900 0.13 0.13 0.14
v 0.750 8.000 -3.900 0.13 0.13 0.14
v -0.750 8.000 -3.900 0.13 0.13 0.14
v -0.750 7.680 -0.500 0.13 0.13 0.14
v 0.750 7.680 -0.500 0.13 0.13 0.14
v 0.750 7.680 0.500 0.13 0.13 0.14
v -0.750 7.680 0.500 0.13 0.13 0.14
v -0.750 8.000 -0.500 0.13 0.13 0.14
v 0.750 8.000 -0.500 0.13 0.13 0.14
v 0.750 8.000 0.500 0.13 0.13 0.14
v -0.750 8.000 0.500 0.13 0.13 0.14
v -0.750 7.680 3.900 0.13 0.13 0.14
v 0.750 7.680 3.900 0.13 0.13 0.14
v 0.750 7.680 4.900 0.13 0.13 0.14
v -0.750 7.680 4.900 0.13 0.13 0.14
v -0.750 8.000 3.900 0.13 0.13 0.14
v 0.750 8.000 3.900 0.13 0.13 0.14
v 0.750 8.000 4.900 0.13 0.13 0.14
v -0.750 8.000 4.900 0.13 0.13 0.14
v 27.400 0.000 -2.200 0.66 0.64 0.6
v 32.600 0.000 -2.200 0.66 0.64 0.6
v 32.600 0.000 2.200 0.66 0.64 0.6
v 27.400 0.000 2.200 0.66 0.64 0.6
v 27.400 0.550 -2.200 0.66 0.64 0.6
v 32.600 0.550 -2.200 0.66 0.64 0.6
v 32.600 0.550 2.200 0.66 0.64 0.6
v 27.400 0.550 2.200 0.66 0.64 0.6
v 28.300 0.550 -1.300 0.78 0.76 0.71
v 31.700 0.550 -1.300 0.78 0.76 0.71
v 31.700 0.550 1.300 0.78 0.76 0.71
v 28.300 0.550 1.300 0.78 0.76 0.71
v 28.800 6.200 -1.000 0.78 0.76 0.71
v 31.200 6.200 -1.000 0.78 0.76 0.71
v 31.200 6.200 1.000 0.78 0.76 0.71
v 28.800 6.200 1.000 0.78 0.76 0.71
v 28.650 8.000 -6.600 0.78 0.76 0.71
v 28.650 8.000 6.600 0.78 0.76 0.71
v 28.650 7.150 6.600 0.78 0.76 0.71
v 28.650 6.200 1.500 0.78 0.76 0.71
v 28.650 6.200 -1.500 0.78 0.76 0.71
v 31.350 8.000 -6.600 0.78 0.76 0.71
v 31.350 8.000 6.600 0.78 0.76 0.71
v 31.350 7.150 6.600 0.78 0.76 0.71
v 31.350 6.200 1.500 0.78 0.76 0.71
v 31.350 6.200 -1.500 0.78 0.76 0.71
v 29.250 7.680 -4.900 0.13 0.13 0.14
v 30.750 7.680 -4.900 0.13 0.13 0.14
v 30.750 7.680 -3.900 0.13 0.13 0.14
v 29.250 7.680 -3.900 0.13 0.13 0.14
v 29.250 8.000 -4.900 0.13 0.13 0.14
v 30.750 8.000 -4.900 0.13 0.13 0.14
v 30.750 8.000 -3.900 0.13 0.13 0.14
v 29.250 8.000 -3.900 0.13 0.13 0.14
v 29.250 7.680 -0.500 0.13 0.13 0.14
v 30.750 7.680 -0.500 0.13 0.13 0.14
v 30.750 7.680 0.500 0.13 0.13 0.14
v 29.250 7.680 0.500 0.13 0.13 0.14
v 29.250 8.000 -0.500 0.13 0.13 0.14
v 30.750 8.000 -0.500 0.13 0.13 0.14
v 30.750 8.000 0.500 0.13 0.13 0.14
v 29.250 8.000 0.500 0.13 0.13 0.14
v 29.250 7.680 3.900 0.13 0.13 0.14
v 30.750 7.680 3.900 0.13 0.13 0.14
v 30.750 7.680 4.900 0.13 0.13 0.14
v 29.250 7.680 4.900 0.13 0.13 0.14
v 29.250 8.000 3.900 0.13 0.13 0.14
v 30.750 8.000 3.900 0.13 0.13 0.14
v 30.750 8.000 4.900 0.13 0.13 0.14
v 29.250 8.000 4.900 0.13 0.13 0.14
v 57.400 0.000 -2.200 0.66 0.64 0.6
v 62.600 0.000 -2.200 0.66 0.64 0.6
v 62.600 0.000 2.200 0.66 0.64 0.6
v 57.400 0.000 2.200 0.66 0.64 0.6
v 57.400 0.550 -2.200 0.66 0.64 0.6
v 62.600 0.550 -2.200 0.66 0.64 0.6
v 62.600 0.550 2.200 0.66 0.64 0.6
v 57.400 0.550 2.200 0.66 0.64 0.6
v 58.300 0.550 -1.300 0.78 0.76 0.71
v 61.700 0.550 -1.300 0.78 0.76 0.71
v 61.700 0.550 1.300 0.78 0.76 0.71
v 58.300 0.550 1.300 0.78 0.76 0.71
v 58.800 6.200 -1.000 0.78 0.76 0.71
v 61.200 6.200 -1.000 0.78 0.76 0.71
v 61.200 6.200 1.000 0.78 0.76 0.71
v 58.800 6.200 1.000 0.78 0.76 0.71
v 58.650 8.000 -6.600 0.78 0.76 0.71
v 58.650 8.000 6.600 0.78 0.76 0.71
v 58.650 7.150 6.600 0.78 0.76 0.71
v 58.650 6.200 1.500 0.78 0.76 0.71
v 58.650 6.200 -1.500 0.78 0.76 0.71
v 61.350 8.000 -6.600 0.78 0.76 0.71
v 61.350 8.000 6.600 0.78 0.76 0.71
v 61.350 7.150 6.600 0.78 0.76 0.71
v 61.350 6.200 1.500 0.78 0.76 0.71
v 61.350 6.200 -1.500 0.78 0.76 0.71
v 59.250 7.680 -4.900 0.13 0.13 0.14
v 60.750 7.680 -4.900 0.13 0.13 0.14
v 60.750 7.680 -3.900 0.13 0.13 0.14
v 59.250 7.680 -3.900 0.13 0.13 0.14
v 59.250 8.000 -4.900 0.13 0.13 0.14
v 60.750 8.000 -4.900 0.13 0.13 0.14
v 60.750 8.000 -3.900 0.13 0.13 0.14
v 59.250 8.000 -3.900 0.13 0.13 0.14
v 59.250 7.680 -0.500 0.13 0.13 0.14
v 60.750 7.680 -0.500 0.13 0.13 0.14
v 60.750 7.680 0.500 0.13 0.13 0.14
v 59.250 7.680 0.500 0.13 0.13 0.14
v 59.250 8.000 -0.500 0.13 0.13 0.14
v 60.750 8.000 -0.500 0.13 0.13 0.14
v 60.750 8.000 0.500 0.13 0.13 0.14
v 59.250 8.000 0.500 0.13 0.13 0.14
v 59.250 7.680 3.900 0.13 0.13 0.14
v 60.750 7.680 3.900 0.13 0.13 0.14
v 60.750 7.680 4.900 0.13 0.13 0.14
v 59.250 7.680 4.900 0.13 0.13 0.14
v 59.250 8.000 3.900 0.13 0.13 0.14
v 60.750 8.000 3.900 0.13 0.13 0.14
v 60.750 8.000 4.900 0.13 0.13 0.14
v 59.250 8.000 4.900 0.13 0.13 0.14
v 87.400 0.000 -2.200 0.66 0.64 0.6
v 92.600 0.000 -2.200 0.66 0.64 0.6
v 92.600 0.000 2.200 0.66 0.64 0.6
v 87.400 0.000 2.200 0.66 0.64 0.6
v 87.400 0.550 -2.200 0.66 0.64 0.6
v 92.600 0.550 -2.200 0.66 0.64 0.6
v 92.600 0.550 2.200 0.66 0.64 0.6
v 87.400 0.550 2.200 0.66 0.64 0.6
v 88.300 0.550 -1.300 0.78 0.76 0.71
v 91.700 0.550 -1.300 0.78 0.76 0.71
v 91.700 0.550 1.300 0.78 0.76 0.71
v 88.300 0.550 1.300 0.78 0.76 0.71
v 88.800 6.200 -1.000 0.78 0.76 0.71
v 91.200 6.200 -1.000 0.78 0.76 0.71
v 91.200 6.200 1.000 0.78 0.76 0.71
v 88.800 6.200 1.000 0.78 0.76 0.71
v 88.650 8.000 -6.600 0.78 0.76 0.71
v 88.650 8.000 6.600 0.78 0.76 0.71
v 88.650 7.150 6.600 0.78 0.76 0.71
v 88.650 6.200 1.500 0.78 0.76 0.71
v 88.650 6.200 -1.500 0.78 0.76 0.71
v 91.350 8.000 -6.600 0.78 0.76 0.71
v 91.350 8.000 6.600 0.78 0.76 0.71
v 91.350 7.150 6.600 0.78 0.76 0.71
v 91.350 6.200 1.500 0.78 0.76 0.71
v 91.350 6.200 -1.500 0.78 0.76 0.71
v 89.250 7.680 -4.900 0.13 0.13 0.14
v 90.750 7.680 -4.900 0.13 0.13 0.14
v 90.750 7.680 -3.900 0.13 0.13 0.14
v 89.250 7.680 -3.900 0.13 0.13 0.14
v 89.250 8.000 -4.900 0.13 0.13 0.14
v 90.750 8.000 -4.900 0.13 0.13 0.14
v 90.750 8.000 -3.900 0.13 0.13 0.14
v 89.250 8.000 -3.900 0.13 0.13 0.14
v 89.250 7.680 -0.500 0.13 0.13 0.14
v 90.750 7.680 -0.500 0.13 0.13 0.14
v 90.750 7.680 0.500 0.13 0.13 0.14
v 89.250 7.680 0.500 0.13 0.13 0.14
v 89.250 8.000 -0.500 0.13 0.13 0.14
v 90.750 8.000 -0.500 0.13 0.13 0.14
v 90.750 8.000 0.500 0.13 0.13 0.14
v 89.250 8.000 0.500 0.13 0.13 0.14
v 89.250 7.680 3.900 0.13 0.13 0.14
v 90.750 7.680 3.900 0.13 0.13 0.14
v 90.750 7.680 4.900 0.13 0.13 0.14
v 89.250 7.680 4.900 0.13 0.13 0.14
v 89.250 8.000 3.900 0.13 0.13 0.14
v 90.750 8.000 3.900 0.13 0.13 0.14
v 90.750 8.000 4.900 0.13 0.13 0.14
v 89.250 8.000 4.900 0.13 0.13 0.14
v -103.000 10.000 -7.500 0.78 0.76 0.71
v -103.000 10.000 7.500 0.78 0.76 0.71
v -103.000 9.450 7.500 0.78 0.76 0.71
v -103.000 8.000 4.100 0.78 0.76 0.71
v -103.000 8.000 -4.100 0.78 0.76 0.71
v -103.000 9.450 -7.500 0.78 0.76 0.71
v -80.111 10.000 -7.500 0.78 0.76 0.71
v -80.111 10.000 7.500 0.78 0.76 0.71
v -80.111 9.450 7.500 0.78 0.76 0.71
v -80.111 8.000 4.100 0.78 0.76 0.71
v -80.111 8.000 -4.100 0.78 0.76 0.71
v -80.111 9.450 -7.500 0.78 0.76 0.71
v -57.222 10.000 -7.500 0.78 0.76 0.71
v -57.222 10.000 7.500 0.78 0.76 0.71
v -57.222 9.450 7.500 0.78 0.76 0.71
v -57.222 8.000 4.100 0.78 0.76 0.71
v -57.222 8.000 -4.100 0.78 0.76 0.71
v -57.222 9.450 -7.500 0.78 0.76 0.71
v -34.333 10.000 -7.500 0.78 0.76 0.71
v -34.333 10.000 7.500 0.78 0.76 0.71
v -34.333 9.450 7.500 0.78 0.76 0.71
v -34.333 8.000 4.100 0.78 0.76 0.71
v -34.333 8.000 -4.100 0.78 0.76 0.71
v -34.333 9.450 -7.500 0.78 0.76 0.71
v -11.444 10.000 -7.500 0.78 0.76 0.71
v -11.444 10.000 7.500 0.78 0.76 0.71
v -11.444 9.450 7.500 0.78 0.76 0.71
v -11.444 8.000 4.100 0.78 0.76 0.71
v -11.444 8.000 -4.100 0.78 0.76 0.71
v -11.444 9.450 -7.500 0.78 0.76 0.71
v 11.444 10.000 -7.500 0.78 0.76 0.71
v 11.444 10.000 7.500 0.78 0.76 0.71
v 11.444 9.450 7.500 0.78 0.76 0.71
v 11.444 8.000 4.100 0.78 0.76 0.71
v 11.444 8.000 -4.100 0.78 0.76 0.71
v 11.444 9.450 -7.500 0.78 0.76 0.71
v 34.333 10.000 -7.500 0.78 0.76 0.71
v 34.333 10.000 7.500 0.78 0.76 0.71
v 34.333 9.450 7.500 0.78 0.76 0.71
v 34.333 8.000 4.100 0.78 0.76 0.71
v 34.333 8.000 -4.100 0.78 0.76 0.71
v 34.333 9.450 -7.500 0.78 0.76 0.71
v 57.222 10.000 -7.500 0.78 0.76 0.71
v 57.222 10.000 7.500 0.78 0.76 0.71
v 57.222 9.450 7.500 0.78 0.76 0.71
v 57.222 8.000 4.100 0.78 0.76 0.71
v 57.222 8.000 -4.100 0.78 0.76 0.71
v 57.222 9.450 -7.500 0.78 0.76 0.71
v 80.111 10.000 -7.500 0.78 0.76 0.71
v 80.111 10.000 7.500 0.78 0.76 0.71
v 80.111 9.450 7.500 0.78 0.76 0.71
v 80.111 8.000 4.100 0.78 0.76 0.71
v 80.111 8.000 -4.100 0.78 0.76 0.71
v 80.111 9.450 -7.500 0.78 0.76 0.71
v 103.000 10.000 -7.500 0.78 0.76 0.71
v 103.000 10.000 7.500 0.78 0.76 0.71
v 103.000 9.450 7.500 0.78 0.76 0.71
v 103.000 8.000 4.100 0.78 0.76 0.71
v 103.000 8.000 -4.100 0.78 0.76 0.71
v 103.000 9.450 -7.500 0.78 0.76 0.71
v 7.000 10.000 -13.900 0.78 0.76 0.71
v 7.000 10.000 -7.500 0.78 0.76 0.71
v 7.000 9.650 -7.500 0.78 0.76 0.71
v 7.000 9.050 -8.400 0.78 0.76 0.71
v 7.000 9.050 -13.000 0.78 0.76 0.71
v 7.000 9.650 -13.900 0.78 0.76 0.71
v 9.762 10.000 -13.900 0.78 0.76 0.71
v 9.768 10.000 -7.500 0.78 0.76 0.71
v 9.768 9.650 -7.500 0.78 0.76 0.71
v 9.767 9.050 -8.400 0.78 0.76 0.71
v 9.762 9.050 -13.000 0.78 0.76 0.71
v 9.762 9.650 -13.900 0.78 0.76 0.71
v 12.473 9.989 -13.905 0.78 0.76 0.71
v 12.586 9.989 -7.506 0.78 0.76 0.71
v 12.586 9.639 -7.506 0.78 0.76 0.71
v 12.570 9.039 -8.406 0.78 0.76 0.71
v 12.489 9.039 -13.005 0.78 0.76 0.71
v 12.473 9.639 -13.905 0.78 0.76 0.71
v 15.126 9.931 -13.993 0.78 0.76 0.71
v 15.462 9.931 -7.602 0.78 0.76 0.71
v 15.462 9.581 -7.602 0.78 0.76 0.71
v 15.415 8.981 -8.501 0.78 0.76 0.71
v 15.173 8.981 -13.095 0.78 0.76 0.71
v 15.126 9.581 -13.993 0.78 0.76 0.71
v 17.775 9.825 -14.184 0.78 0.76 0.71
v 18.343 9.825 -7.809 0.78 0.76 0.71
v 18.343 9.475 -7.809 0.78 0.76 0.71
v 18.263 8.875 -8.705 0.78 0.76 0.71
v 17.855 8.875 -13.287 0.78 0.76 0.71
v 17.775 9.475 -14.184 0.78 0.76 0.71
v 20.437 9.674 -14.467 0.78 0.76 0.71
v 21.210 9.674 -8.114 0.78 0.76 0.71
v 21.210 9.324 -8.114 0.78 0.76 0.71
v 21.101 8.724 -9.007 0.78 0.76 0.71
v 20.546 8.724 -13.573 0.78 0.76 0.71
v 20.437 9.324 -14.467 0.78 0.76 0.71
v 23.113 9.481 -14.833 0.78 0.76 0.71
v 24.063 9.481 -8.504 0.78 0.76 0.71
v 24.063 9.131 -8.504 0.78 0.76 0.71
v 23.930 8.531 -9.394 0.78 0.76 0.71
v 23.247 8.531 -13.943 0.78 0.76 0.71
v 23.113 9.131 -14.833 0.78 0.76 0.71
v 25.802 9.251 -15.273 0.78 0.76 0.71
v 26.904 9.251 -8.968 0.78 0.76 0.71
v 26.904 8.901 -8.968 0.78 0.76 0.71
v 26.749 8.301 -9.855 0.78 0.76 0.71
v 25.957 8.301 -14.386 0.78 0.76 0.71
v 25.802 8.901 -15.273 0.78 0.76 0.71
v 28.504 8.986 -15.776 0.78 0.76 0.71
v 29.732 8.986 -9.495 0.78 0.76 0.71
v 29.732 8.636 -9.495 0.78 0.76 0.71
v 29.559 8.036 -10.378 0.78 0.76 0.71
v 28.676 8.036 -14.892 0.78 0.76 0.71
v 28.504 8.636 -15.776 0.78 0.76 0.71
v 31.218 8.689 -16.332 0.78 0.76 0.71
v 32.547 8.689 -10.071 0.78 0.76 0.71
v 32.547 8.339 -10.071 0.78 0.76 0.71
v 32.360 7.739 -10.952 0.78 0.76 0.71
v 31.405 7.739 -15.451 0.78 0.76 0.71
v 31.218 8.339 -16.332 0.78 0.76 0.71
v 33.945 8.364 -16.931 0.78 0.76 0.71
v 35.350 8.364 -10.687 0.78 0.76 0.71
v 35.350 8.014 -10.687 0.78 0.76 0.71
v 35.152 7.414 -11.565 0.78 0.76 0.71
v 34.142 7.414 -16.052 0.78 0.76 0.71
v 33.945 8.014 -16.931 0.78 0.76 0.71
v 36.683 8.014 -17.562 0.78 0.76 0.71
v 38.141 8.014 -11.330 0.78 0.76 0.71
v 38.141 7.664 -11.330 0.78 0.76 0.71
v 37.936 7.064 -12.206 0.78 0.76 0.71
v 36.888 7.064 -16.685 0.78 0.76 0.71
v 36.683 7.664 -17.562 0.78 0.76 0.71
v 39.433 7.642 -18.214 0.78 0.76 0.71
v 40.920 7.642 -11.989 0.78 0.76 0.71
v 40.920 7.292 -11.989 0.78 0.76 0.71
v 40.711 6.692 -12.865 0.78 0.76 0.71
v 39.642 6.692 -17.339 0.78 0.76 0.71
v 39.433 7.292 -18.214 0.78 0.76 0.71
v 42.195 7.252 -18.878 0.78 0.76 0.71
v 43.687 7.252 -12.654 0.78 0.76 0.71
v 43.687 6.902 -12.654 0.78 0.76 0.71
v 43.478 6.302 -13.530 0.78 0.76 0.71
v 42.405 6.302 -18.003 0.78 0.76 0.71
v 42.195 6.902 -18.878 0.78 0.76 0.71
v 44.968 6.846 -19.542 0.78 0.76 0.71
v 46.443 6.846 -13.314 0.78 0.76 0.71
v 46.443 6.496 -13.314 0.78 0.76 0.71
v 46.236 5.896 -14.190 0.78 0.76 0.71
v 45.176 5.896 -18.666 0.78 0.76 0.71
v 44.968 6.496 -19.542 0.78 0.76 0.71
v 47.753 6.428 -20.195 0.78 0.76 0.71
v 49.188 6.428 -13.957 0.78 0.76 0.71
v 49.188 6.078 -13.957 0.78 0.76 0.71
v 48.986 5.478 -14.834 0.78 0.76 0.71
v 47.955 5.478 -19.317 0.78 0.76 0.71
v 47.753 6.078 -20.195 0.78 0.76 0.71
v 50.550 6.002 -20.825 0.78 0.76 0.71
v 51.920 6.002 -14.574 0.78 0.76 0.71
v 51.920 5.652 -14.574 0.78 0.76 0.71
v 51.728 5.052 -15.453 0.78 0.76 0.71
v 50.743 5.052 -19.946 0.78 0.76 0.71
v 50.550 5.652 -20.825 0.78 0.76 0.71
v 53.359 5.570 -21.423 0.78 0.76 0.71
v 54.641 5.570 -15.152 0.78 0.76 0.71
v 54.641 5.220 -15.152 0.78 0.76 0.71
v 54.460 4.620 -16.034 0.78 0.76 0.71
v 53.540 4.620 -20.541 0.78 0.76 0.71
v 53.359 5.220 -21.423 0.78 0.76 0.71
v 56.181 5.136 -21.976 0.78 0.76 0.71
v 57.349 5.136 -15.683 0.78 0.76 0.71
v 57.349 4.786 -15.683 0.78 0.76 0.71
v 57.184 4.186 -16.568 0.78 0.76 0.71
v 56.345 4.186 -21.091 0.78 0.76 0.71
v 56.181 4.786 -21.976 0.78 0.76 0.71
v 59.015 4.703 -22.472 0.78 0.76 0.71
v 60.044 4.703 -16.156 0.78 0.76 0.71
v 60.044 4.353 -16.156 0.78 0.76 0.71
v 59.899 3.753 -17.044 0.78 0.76 0.71
v 59.159 3.753 -21.584 0.78 0.76 0.71
v 59.015 4.353 -22.472 0.78 0.76 0.71
v 61.862 4.274 -22.901 0.78 0.76 0.71
v 62.726 4.274 -16.560 0.78 0.76 0.71
v 62.726 3.924 -16.560 0.78 0.76 0.71
v 62.605 3.324 -17.452 0.78 0.76 0.71
v 61.983 3.324 -22.009 0.78 0.76 0.71
v 61.862 3.924 -22.901 0.78 0.76 0.71
v 64.722 3.853 -23.250 0.78 0.76 0.71
v 65.396 3.853 -16.886 0.78 0.76 0.71
v 65.396 3.503 -16.886 0.78 0.76 0.71
v 65.301 2.903 -17.781 0.78 0.76 0.71
v 64.817 2.903 -22.355 0.78 0.76 0.71
v 64.722 3.503 -23.250 0.78 0.76 0.71
v 67.596 3.443 -23.507 0.78 0.76 0.71
v 68.051 3.443 -17.124 0.78 0.76 0.71
v 68.051 3.093 -17.124 0.78 0.76 0.71
v 67.987 2.493 -18.021 0.78 0.76 0.71
v 67.660 2.493 -22.610 0.78 0.76 0.71
v 67.596 3.093 -23.507 0.78 0.76 0.71
v 70.482 3.046 -23.661 0.78 0.76 0.71
v 70.695 3.046 -17.264 0.78 0.76 0.71
v 70.695 2.696 -17.264 0.78 0.76 0.71
v 70.665 2.096 -18.164 0.78 0.76 0.71
v 70.512 2.096 -22.761 0.78 0.76 0.71
v 70.482 2.696 -23.661 0.78 0.76 0.71
v 73.331 2.668 -23.700 0.78 0.76 0.71
v 73.375 2.668 -17.300 0.78 0.76 0.71
v 73.375 2.318 -17.300 0.78 0.76 0.71
v 73.369 1.718 -18.200 0.78 0.76 0.71
v 73.337 1.718 -22.800 0.78 0.76 0.71
v 73.331 2.318 -23.700 0.78 0.76 0.71
v 76.118 2.309 -23.700 0.78 0.76 0.71
v 76.118 2.309 -17.300 0.78 0.76 0.71
v 76.118 1.959 -17.300 0.78 0.76 0.71
v 76.118 1.359 -18.200 0.78 0.76 0.71
v 76.118 1.359 -22.800 0.78 0.76 0.71
v 76.118 1.959 -23.700 0.78 0.76 0.71
v 78.882 1.975 -23.700 0.78 0.76 0.71
v 78.882 1.975 -17.300 0.78 0.76 0.71
v 78.882 1.625 -17.300 0.78 0.76 0.71
v 78.882 1.025 -18.200 0.78 0.76 0.71
v 78.882 1.025 -22.800 0.78 0.76 0.71
v 78.882 1.625 -23.700 0.78 0.76 0.71
v 81.647 1.667 -23.700 0.78 0.76 0.71
v 81.647 1.667 -17.300 0.78 0.76 0.71
v 81.647 1.317 -17.300 0.78 0.76 0.71
v 81.647 0.717 -18.200 0.78 0.76 0.71
v 81.647 0.717 -22.800 0.78 0.76 0.71
v 81.647 1.317 -23.700 0.78 0.76 0.71
v 84.412 1.391 -23.700 0.78 0.76 0.71
v 84.412 1.391 -17.300 0.78 0.76 0.71
v 84.412 1.041 -17.300 0.78 0.76 0.71
v 84.412 0.441 -18.200 0.78 0.76 0.71
v 84.412 0.441 -22.800 0.78 0.76 0.71
v 84.412 1.041 -23.700 0.78 0.76 0.71
v 87.176 1.147 -23.700 0.78 0.76 0.71
v 87.176 1.147 -17.300 0.78 0.76 0.71
v 87.176 0.797 -17.300 0.78 0.76 0.71
v 87.176 0.197 -18.200 0.78 0.76 0.71
v 87.176 0.197 -22.800 0.78 0.76 0.71
v 87.176 0.797 -23.700 0.78 0.76 0.71
v 89.941 0.941 -23.700 0.78 0.76 0.71
v 89.941 0.941 -17.300 0.78 0.76 0.71
v 89.941 0.591 -17.300 0.78 0.76 0.71
v 89.941 -0.009 -18.200 0.78 0.76 0.71
v 89.941 -0.009 -22.800 0.78 0.76 0.71
v 89.941 0.591 -23.700 0.78 0.76 0.71
v 92.706 0.775 -23.700 0.78 0.76 0.71
v 92.706 0.775 -17.300 0.78 0.76 0.71
v 92.706 0.425 -17.300 0.78 0.76 0.71
v 92.706 -0.175 -18.200 0.78 0.76 0.71
v 92.706 -0.175 -22.800 0.78 0.76 0.71
v 92.706 0.425 -23.700 0.78 0.76 0.71
v 95.471 0.652 -23.700 0.78 0.76 0.71
v 95.471 0.652 -17.300 0.78 0.76 0.71
v 95.471 0.302 -17.300 0.78 0.76 0.71
v 95.471 -0.298 -18.200 0.78 0.76 0.71
v 95.471 -0.298 -22.800 0.78 0.76 0.71
v 95.471 0.302 -23.700 0.78 0.76 0.71
v 98.235 0.576 -23.700 0.78 0.76 0.71
v 98.235 0.576 -17.300 0.78 0.76 0.71
v 98.235 0.226 -17.300 0.78 0.76 0.71
v 98.235 -0.374 -18.200 0.78 0.76 0.71
v 98.235 -0.374 -22.800 0.78 0.76 0.71
v 98.235 0.226 -23.700 0.78 0.76 0.71
v 101.000 0.550 -23.700 0.78 0.76 0.71
v 101.000 0.550 -17.300 0.78 0.76 0.71
v 101.000 0.200 -17.300 0.78 0.76 0.71
v 101.000 -0.400 -18.200 0.78 0.76 0.71
v 101.000 -0.400 -22.800 0.78 0.76 0.71
v 101.000 0.200 -23.700 0.78 0.76 0.71
v 7.000 10.000 -13.880 0.78 0.76 0.71
v 7.000 10.000 -13.320 0.78 0.76 0.71
v 7.000 10.080 -13.320 0.78 0.76 0.71
v 7.000 10.330 -13.430 0.78 0.76 0.71
v 7.000 10.950 -13.500 0.78 0.76 0.71
v 7.000 10.950 -13.700 0.78 0.76 0.71
v 7.000 10.330 -13.770 0.78 0.76 0.71
v 7.000 10.080 -13.880 0.78 0.76 0.71
v 9.762 10.000 -13.880 0.78 0.76 0.71
v 9.762 10.000 -13.320 0.78 0.76 0.71
v 9.762 10.080 -13.320 0.78 0.76 0.71
v 9.762 10.330 -13.430 0.78 0.76 0.71
v 9.762 10.950 -13.500 0.78 0.76 0.71
v 9.762 10.950 -13.700 0.78 0.76 0.71
v 9.762 10.330 -13.770 0.78 0.76 0.71
v 9.762 10.080 -13.880 0.78 0.76 0.71
v 12.473 9.989 -13.885 0.78 0.76 0.71
v 12.483 9.989 -13.325 0.78 0.76 0.71
v 12.483 10.069 -13.325 0.78 0.76 0.71
v 12.481 10.319 -13.435 0.78 0.76 0.71
v 12.480 10.939 -13.505 0.78 0.76 0.71
v 12.476 10.939 -13.705 0.78 0.76 0.71
v 12.475 10.319 -13.775 0.78 0.76 0.71
v 12.473 10.069 -13.885 0.78 0.76 0.71
v 15.127 9.931 -13.973 0.78 0.76 0.71
v 15.156 9.931 -13.414 0.78 0.76 0.71
v 15.156 10.011 -13.414 0.78 0.76 0.71
v 15.151 10.261 -13.524 0.78 0.76 0.71
v 15.147 10.881 -13.594 0.78 0.76 0.71
v 15.136 10.881 -13.794 0.78 0.76 0.71
v 15.133 10.261 -13.863 0.78 0.76 0.71
v 15.127 10.011 -13.973 0.78 0.76 0.71
v 17.777 9.825 -14.164 0.78 0.76 0.71
v 17.826 9.825 -13.606 0.78 0.76 0.71
v 17.826 9.905 -13.606 0.78 0.76 0.71
v 17.817 10.155 -13.716 0.78 0.76 0.71
v 17.810 10.775 -13.785 0.78 0.76 0.71
v 17.793 10.775 -13.985 0.78 0.76 0.71
v 17.786 10.155 -14.054 0.78 0.76 0.71
v 17.777 9.905 -14.164 0.78 0.76 0.71
v 20.440 9.674 -14.447 0.78 0.76 0.71
v 20.507 9.674 -13.891 0.78 0.76 0.71
v 20.507 9.754 -13.891 0.78 0.76 0.71
v 20.494 10.004 -14.000 0.78 0.76 0.71
v 20.486 10.624 -14.070 0.78 0.76 0.71
v 20.461 10.624 -14.268 0.78 0.76 0.71
v 20.453 10.004 -14.338 0.78 0.76 0.71
v 20.440 9.754 -14.447 0.78 0.76 0.71
v 23.116 9.481 -14.813 0.78 0.76 0.71
v 23.199 9.481 -14.260 0.78 0.76 0.71
v 23.199 9.561 -14.260 0.78 0.76 0.71
v 23.183 9.811 -14.368 0.78 0.76 0.71
v 23.172 10.431 -14.438 0.78 0.76 0.71
v 23.143 10.431 -14.635 0.78 0.76 0.71
v 23.132 9.811 -14.705 0.78 0.76 0.71
v 23.116 9.561 -14.813 0.78 0.76 0.71
v 25.805 9.251 -15.253 0.78 0.76 0.71
v 25.902 9.251 -14.701 0.78 0.76 0.71
v 25.902 9.331 -14.701 0.78 0.76 0.71
v 25.883 9.581 -14.810 0.78 0.76 0.71
v 25.871 10.201 -14.879 0.78 0.76 0.71
v 25.836 10.201 -15.076 0.78 0.76 0.71
v 25.824 9.581 -15.145 0.78 0.76 0.71
v 25.805 9.331 -15.253 0.78 0.76 0.71
v 28.508 8.986 -15.756 0.78 0.76 0.71
v 28.615 8.986 -15.206 0.78 0.76 0.71
v 28.615 9.066 -15.206 0.78 0.76 0.71
v 28.594 9.316 -15.314 0.78 0.76 0.71
v 28.580 9.936 -15.383 0.78 0.76 0.71
v 28.542 9.936 -15.579 0.78 0.76 0.71
v 28.529 9.316 -15.648 0.78 0.76 0.71
v 28.508 9.066 -15.756 0.78 0.76 0.71
v 31.222 8.689 -16.312 0.78 0.76 0.71
v 31.338 8.689 -15.764 0.78 0.76 0.71
v 31.338 8.769 -15.764 0.78 0.76 0.71
v 31.316 9.019 -15.872 0.78 0.76 0.71
v 31.301 9.639 -15.940 0.78 0.76 0.71
v 31.260 9.639 -16.136 0.78 0.76 0.71
v 31.245 9.019 -16.205 0.78 0.76 0.71
v 31.222 8.769 -16.312 0.78 0.76 0.71
v 33.949 8.364 -16.911 0.78 0.76 0.71
v 34.072 8.364 -16.365 0.78 0.76 0.71
v 34.072 8.444 -16.365 0.78 0.76 0.71
v 34.048 8.694 -16.472 0.78 0.76 0.71
v 34.032 9.314 -16.540 0.78 0.76 0.71
v 33.988 9.314 -16.735 0.78 0.76 0.71
v 33.973 8.694 -16.804 0.78 0.76 0.71
v 33.949 8.444 -16.911 0.78 0.76 0.71
v 36.688 8.014 -17.542 0.78 0.76 0.71
v 36.815 8.014 -16.997 0.78 0.76 0.71
v 36.815 8.094 -16.997 0.78 0.76 0.71
v 36.790 8.344 -17.104 0.78 0.76 0.71
v 36.774 8.964 -17.172 0.78 0.76 0.71
v 36.729 8.964 -17.367 0.78 0.76 0.71
v 36.713 8.344 -17.435 0.78 0.76 0.71
v 36.688 8.094 -17.542 0.78 0.76 0.71
v 39.438 7.642 -18.195 0.78 0.76 0.71
v 39.568 7.642 -17.650 0.78 0.76 0.71
v 39.568 7.722 -17.650 0.78 0.76 0.71
v 39.542 7.972 -17.757 0.78 0.76 0.71
v 39.526 8.592 -17.825 0.78 0.76 0.71
v 39.480 8.592 -18.020 0.78 0.76 0.71
v 39.463 7.972 -18.088 0.78 0.76 0.71
v 39.438 7.722 -18.195 0.78 0.76 0.71
v 42.200 7.252 -18.859 0.78 0.76 0.71
v 42.330 7.252 -18.314 0.78 0.76 0.71
v 42.330 7.332 -18.314 0.78 0.76 0.71
v 42.305 7.582 -18.421 0.78 0.76 0.71
v 42.288 8.202 -18.489 0.78 0.76 0.71
v 42.242 8.202 -18.684 0.78 0.76 0.71
v 42.225 7.582 -18.752 0.78 0.76 0.71
v 42.200 7.332 -18.859 0.78 0.76 0.71
v 44.973 6.846 -19.522 0.78 0.76 0.71
v 45.102 6.846 -18.977 0.78 0.76 0.71
v 45.102 6.926 -18.977 0.78 0.76 0.71
v 45.077 7.176 -19.084 0.78 0.76 0.71
v 45.061 7.796 -19.153 0.78 0.76 0.71
v 45.014 7.796 -19.347 0.78 0.76 0.71
v 44.998 7.176 -19.415 0.78 0.76 0.71
v 44.973 6.926 -19.522 0.78 0.76 0.71
v 47.758 6.428 -20.175 0.78 0.76 0.71
v 47.883 6.428 -19.629 0.78 0.76 0.71
v 47.883 6.508 -19.629 0.78 0.76 0.71
v 47.859 6.758 -19.736 0.78 0.76 0.71
v 47.843 7.378 -19.805 0.78 0.76 0.71
v 47.798 7.378 -20.000 0.78 0.76 0.71
v 47.783 6.758 -20.068 0.78 0.76 0.71
v 47.758 6.508 -20.175 0.78 0.76 0.71
v 50.555 6.002 -20.806 0.78 0.76 0.71
v 50.675 6.002 -20.259 0.78 0.76 0.71
v 50.675 6.082 -20.259 0.78 0.76 0.71
v 50.651 6.332 -20.366 0.78 0.76 0.71
v 50.636 6.952 -20.435 0.78 0.76 0.71
v 50.593 6.952 -20.630 0.78 0.76 0.71
v 50.578 6.332 -20.698 0.78 0.76 0.71
v 50.555 6.082 -20.806 0.78 0.76 0.71
v 53.363 5.570 -21.403 0.78 0.76 0.71
v 53.475 5.570 -20.854 0.78 0.76 0.71
v 53.475 5.650 -20.854 0.78 0.76 0.71
v 53.453 5.900 -20.962 0.78 0.76 0.71
v 53.439 6.520 -21.031 0.78 0.76 0.71
v 53.399 6.520 -21.227 0.78 0.76 0.71
v 53.385 5.900 -21.295 0.78 0.76 0.71
v 53.363 5.650 -21.403 0.78 0.76 0.71
v 56.184 5.136 -21.956 0.78 0.76 0.71
v 56.287 5.136 -21.405 0.78 0.76 0.71
v 56.287 5.216 -21.405 0.78 0.76 0.71
v 56.266 5.466 -21.513 0.78 0.76 0.71
v 56.254 6.086 -21.582 0.78 0.76 0.71
v 56.217 6.086 -21.779 0.78 0.76 0.71
v 56.204 5.466 -21.848 0.78 0.76 0.71
v 56.184 5.216 -21.956 0.78 0.76 0.71
v 59.018 4.703 -22.453 0.78 0.76 0.71
v 59.108 4.703 -21.900 0.78 0.76 0.71
v 59.108 4.783 -21.900 0.78 0.76 0.71
v 59.090 5.033 -22.008 0.78 0.76 0.71
v 59.079 5.653 -22.077 0.78 0.76 0.71
v 59.047 5.653 -22.275 0.78 0.76 0.71
v 59.036 5.033 -22.344 0.78 0.76 0.71
v 59.018 4.783 -22.453 0.78 0.76 0.71
v 61.864 4.274 -22.881 0.78 0.76 0.71
v 61.940 4.274 -22.326 0.78 0.76 0.71
v 61.940 4.354 -22.326 0.78 0.76 0.71
v 61.925 4.604 -22.435 0.78 0.76 0.71
v 61.916 5.224 -22.505 0.78 0.76 0.71
v 61.889 5.224 -22.703 0.78 0.76 0.71
v 61.879 4.604 -22.772 0.78 0.76 0.71
v 61.864 4.354 -22.881 0.78 0.76 0.71
v 64.724 3.853 -23.230 0.78 0.76 0.71
v 64.783 3.853 -22.673 0.78 0.76 0.71
v 64.783 3.933 -22.673 0.78 0.76 0.71
v 64.772 4.183 -22.783 0.78 0.76 0.71
v 64.764 4.803 -22.852 0.78 0.76 0.71
v 64.743 4.803 -23.051 0.78 0.76 0.71
v 64.736 4.183 -23.121 0.78 0.76 0.71
v 64.724 3.933 -23.230 0.78 0.76 0.71
v 67.597 3.443 -23.487 0.78 0.76 0.71
v 67.637 3.443 -22.929 0.78 0.76 0.71
v 67.637 3.523 -22.929 0.78 0.76 0.71
v 67.629 3.773 -23.039 0.78 0.76 0.71
v 67.624 4.393 -23.108 0.78 0.76 0.71
v 67.610 4.393 -23.308 0.78 0.76 0.71
v 67.605 3.773 -23.378 0.78 0.76 0.71
v 67.597 3.523 -23.487 0.78 0.76 0.71
v 70.482 3.046 -23.641 0.78 0.76 0.71
v 70.501 3.046 -23.081 0.78 0.76 0.71
v 70.501 3.126 -23.081 0.78 0.76 0.71
v 70.497 3.376 -23.191 0.78 0.76 0.71
v 70.495 3.996 -23.261 0.78 0.76 0.71
v 70.488 3.996 -23.461 0.78 0.76 0.71
v 70.486 3.376 -23.531 0.78 0.76 0.71
v 70.482 3.126 -23.641 0.78 0.76 0.71
v 73.331 2.668 -23.680 0.78 0.76 0.71
v 73.335 2.668 -23.120 0.78 0.76 0.71
v 73.335 2.748 -23.120 0.78 0.76 0.71
v 73.334 2.998 -23.230 0.78 0.76 0.71
v 73.334 3.618 -23.300 0.78 0.76 0.71
v 73.333 3.618 -23.500 0.78 0.76 0.71
v 73.332 2.998 -23.570 0.78 0.76 0.71
v 73.331 2.748 -23.680 0.78 0.76 0.71
v 76.118 2.309 -23.680 0.78 0.76 0.71
v 76.118 2.309 -23.120 0.78 0.76 0.71
v 76.118 2.389 -23.120 0.78 0.76 0.71
v 76.118 2.639 -23.230 0.78 0.76 0.71
v 76.118 3.259 -23.300 0.78 0.76 0.71
v 76.118 3.259 -23.500 0.78 0.76 0.71
v 76.118 2.639 -23.570 0.78 0.76 0.71
v 76.118 2.389 -23.680 0.78 0.76 0.71
v 78.882 1.975 -23.680 0.78 0.76 0.71
v 78.882 1.975 -23.120 0.78 0.76 0.71
v 78.882 2.055 -23.120 0.78 0.76 0.71
v 78.882 2.305 -23.230 0.78 0.76 0.71
v 78.882 2.925 -23.300 0.78 0.76 0.71
v 78.882 2.925 -23.500 0.78 0.76 0.71
v 78.882 2.305 -23.570 0.78 0.76 0.71
v 78.882 2.055 -23.680 0.78 0.76 0.71
v 81.647 1.667 -23.680 0.78 0.76 0.71
v 81.647 1.667 -23.120 0.78 0.76 0.71
v 81.647 1.747 -23.120 0.78 0.76 0.71
v 81.647 1.997 -23.230 0.78 0.76 0.71
v 81.647 2.617 -23.300 0.78 0.76 0.71
v 81.647 2.617 -23.500 0.78 0.76 0.71
v 81.647 1.997 -23.570 0.78 0.76 0.71
v 81.647 1.747 -23.680 0.78 0.76 0.71
v 84.412 1.391 -23.680 0.78 0.76 0.71
v 84.412 1.391 -23.120 0.78 0.76 0.71
v 84.412 1.471 -23.120 0.78 0.76 0.71
v 84.412 1.721 -23.230 0.78 0.76 0.71
v 84.412 2.341 -23.300 0.78 0.76 0.71
v 84.412 2.341 -23.500 0.78 0.76 0.71
v 84.412 1.721 -23.570 0.78 0.76 0.71
v 84.412 1.471 -23.680 0.78 0.76 0.71
v 87.176 1.147 -23.680 0.78 0.76 0.71
v 87.176 1.147 -23.120 0.78 0.76 0.71
v 87.176 1.227 -23.120 0.78 0.76 0.71
v 87.176 1.477 -23.230 0.78 0.76 0.71
v 87.176 2.097 -23.300 0.78 0.76 0.71
v 87.176 2.097 -23.500 0.78 0.76 0.71
v 87.176 1.477 -23.570 0.78 0.76 0.71
v 87.176 1.227 -23.680 0.78 0.76 0.71
v 89.941 0.941 -23.680 0.78 0.76 0.71
v 89.941 0.941 -23.120 0.78 0.76 0.71
v 89.941 1.021 -23.120 0.78 0.76 0.71
v 89.941 1.271 -23.230 0.78 0.76 0.71
v 89.941 1.891 -23.300 0.78 0.76 0.71
v 89.941 1.891 -23.500 0.78 0.76 0.71
v 89.941 1.271 -23.570 0.78 0.76 0.71
v 89.941 1.021 -23.680 0.78 0.76 0.71
v 92.706 0.775 -23.680 0.78 0.76 0.71
v 92.706 0.775 -23.120 0.78 0.76 0.71
v 92.706 0.855 -23.120 0.78 0.76 0.71
v 92.706 1.105 -23.230 0.78 0.76 0.71
v 92.706 1.725 -23.300 0.78 0.76 0.71
v 92.706 1.725 -23.500 0.78 0.76 0.71
v 92.706 1.105 -23.570 0.78 0.76 0.71
v 92.706 0.855 -23.680 0.78 0.76 0.71
v 95.471 0.652 -23.680 0.78 0.76 0.71
v 95.471 0.652 -23.120 0.78 0.76 0.71
v 95.471 0.732 -23.120 0.78 0.76 0.71
v 95.471 0.982 -23.230 0.78 0.76 0.71
v 95.471 1.602 -23.300 0.78 0.76 0.71
v 95.471 1.602 -23.500 0.78 0.76 0.71
v 95.471 0.982 -23.570 0.78 0.76 0.71
v 95.471 0.732 -23.680 0.78 0.76 0.71
v 98.235 0.576 -23.680 0.78 0.76 0.71
v 98.235 0.576 -23.120 0.78 0.76 0.71
v 98.235 0.656 -23.120 0.78 0.76 0.71
v 98.235 0.906 -23.230 0.78 0.76 0.71
v 98.235 1.526 -23.300 0.78 0.76 0.71
v 98.235 1.526 -23.500 0.78 0.76 0.71
v 98.235 0.906 -23.570 0.78 0.76 0.71
v 98.235 0.656 -23.680 0.78 0.76 0.71
v 101.000 0.550 -23.680 0.78 0.76 0.71
v 101.000 0.550 -23.120 0.78 0.76 0.71
v 101.000 0.630 -23.120 0.78 0.76 0.71
v 101.000 0.880 -23.230 0.78 0.76 0.71
v 101.000 1.500 -23.300 0.78 0.76 0.71
v 101.000 1.500 -23.500 0.78 0.76 0.71
v 101.000 0.880 -23.570 0.78 0.76 0.71
v 101.000 0.630 -23.680 0.78 0.76 0.71
v 7.000 10.000 -8.080 0.78 0.76 0.71
v 7.000 10.000 -7.520 0.78 0.76 0.71
v 7.000 10.080 -7.520 0.78 0.76 0.71
v 7.000 10.330 -7.630 0.78 0.76 0.71
v 7.000 10.950 -7.700 0.78 0.76 0.71
v 7.000 10.950 -7.900 0.78 0.76 0.71
v 7.000 10.330 -7.970 0.78 0.76 0.71
v 7.000 10.080 -8.080 0.78 0.76 0.71
v 9.767 10.000 -8.080 0.78 0.76 0.71
v 9.768 10.000 -7.520 0.78 0.76 0.71
v 9.768 10.080 -7.520 0.78 0.76 0.71
v 9.768 10.330 -7.630 0.78 0.76 0.71
v 9.768 10.950 -7.700 0.78 0.76 0.71
v 9.767 10.950 -7.900 0.78 0.76 0.71
v 9.767 10.330 -7.970 0.78 0.76 0.71
v 9.767 10.080 -8.080 0.78 0.76 0.71
v 12.576 9.989 -8.086 0.78 0.76 0.71
v 12.586 9.989 -7.526 0.78 0.76 0.71
v 12.586 10.069 -7.526 0.78 0.76 0.71
v 12.584 10.319 -7.636 0.78 0.76 0.71
v 12.582 10.939 -7.706 0.78 0.76 0.71
v 12.579 10.939 -7.906 0.78 0.76 0.71
v 12.578 10.319 -7.976 0.78 0.76 0.71
v 12.576 10.069 -8.086 0.78 0.76 0.71
v 15.432 9.931 -8.181 0.78 0.76 0.71
v 15.461 9.931 -7.622 0.78 0.76 0.71
v 15.461 10.011 -7.622 0.78 0.76 0.71
v 15.455 10.261 -7.732 0.78 0.76 0.71
v 15.452 10.881 -7.802 0.78 0.76 0.71
v 15.441 10.881 -8.002 0.78 0.76 0.71
v 15.438 10.261 -8.072 0.78 0.76 0.71
v 15.432 10.011 -8.181 0.78 0.76 0.71
v 18.291 9.825 -8.387 0.78 0.76 0.71
v 18.341 9.825 -7.829 0.78 0.76 0.71
v 18.341 9.905 -7.829 0.78 0.76 0.71
v 18.331 10.155 -7.938 0.78 0.76 0.71
v 18.325 10.775 -8.008 0.78 0.76 0.71
v 18.307 10.775 -8.207 0.78 0.76 0.71
v 18.301 10.155 -8.277 0.78 0.76 0.71
v 18.291 9.905 -8.387 0.78 0.76 0.71
v 21.140 9.674 -8.689 0.78 0.76 0.71
v 21.207 9.674 -8.134 0.78 0.76 0.71
v 21.207 9.754 -8.134 0.78 0.76 0.71
v 21.194 10.004 -8.243 0.78 0.76 0.71
v 21.186 10.624 -8.312 0.78 0.76 0.71
v 21.161 10.624 -8.511 0.78 0.76 0.71
v 21.153 10.004 -8.580 0.78 0.76 0.71
v 21.140 9.754 -8.689 0.78 0.76 0.71
v 23.977 9.481 -9.078 0.78 0.76 0.71
v 24.060 9.481 -8.524 0.78 0.76 0.71
v 24.060 9.561 -8.524 0.78 0.76 0.71
v 24.044 9.811 -8.633 0.78 0.76 0.71
v 24.034 10.431 -8.702 0.78 0.76 0.71
v 24.004 10.431 -8.900 0.78 0.76 0.71
v 23.994 9.811 -8.969 0.78 0.76 0.71
v 23.977 9.561 -9.078 0.78 0.76 0.71
v 26.804 9.251 -9.540 0.78 0.76 0.71
v 26.900 9.251 -8.988 0.78 0.76 0.71
v 26.900 9.331 -8.988 0.78 0.76 0.71
v 26.882 9.581 -9.096 0.78 0.76 0.71
v 26.869 10.201 -9.165 0.78 0.76 0.71
v 26.835 10.201 -9.362 0.78 0.76 0.71
v 26.823 9.581 -9.431 0.78 0.76 0.71
v 26.804 9.331 -9.540 0.78 0.76 0.71
v 29.620 8.986 -10.064 0.78 0.76 0.71
v 29.728 8.986 -9.514 0.78 0.76 0.71
v 29.728 9.066 -9.514 0.78 0.76 0.71
v 29.707 9.316 -9.622 0.78 0.76 0.71
v 29.693 9.936 -9.691 0.78 0.76 0.71
v 29.655 9.936 -9.887 0.78 0.76 0.71
v 29.641 9.316 -9.956 0.78 0.76 0.71
v 29.620 9.066 -10.064 0.78 0.76 0.71
v 32.426 8.689 -10.638 0.78 0.76 0.71
v 32.543 8.689 -10.091 0.78 0.76 0.71
v 32.543 8.769 -10.091 0.78 0.76 0.71
v 32.520 9.019 -10.198 0.78 0.76 0.71
v 32.505 9.639 -10.267 0.78 0.76 0.71
v 32.464 9.639 -10.462 0.78 0.76 0.71
v 32.449 9.019 -10.531 0.78 0.76 0.71
v 32.426 8.769 -10.638 0.78 0.76 0.71
v 35.222 8.364 -11.252 0.78 0.76 0.71
v 35.345 8.364 -10.706 0.78 0.76 0.71
v 35.345 8.444 -10.706 0.78 0.76 0.71
v 35.321 8.694 -10.813 0.78 0.76 0.71
v 35.306 9.314 -10.882 0.78 0.76 0.71
v 35.262 9.314 -11.077 0.78 0.76 0.71
v 35.246 8.694 -11.145 0.78 0.76 0.71
v 35.222 8.444 -11.252 0.78 0.76 0.71
v 38.008 8.014 -11.895 0.78 0.76 0.71
v 38.136 8.014 -11.349 0.78 0.76 0.71
v 38.136 8.094 -11.349 0.78 0.76 0.71
v 38.111 8.344 -11.456 0.78 0.76 0.71
v 38.095 8.964 -11.525 0.78 0.76 0.71
v 38.049 8.964 -11.719 0.78 0.76 0.71
v 38.034 8.344 -11.787 0.78 0.76 0.71
v 38.008 8.094 -11.895 0.78 0.76 0.71
v 40.785 7.642 -12.554 0.78 0.76 0.71
v 40.915 7.642 -12.009 0.78 0.76 0.71
v 40.915 7.722 -12.009 0.78 0.76 0.71
v 40.890 7.972 -12.116 0.78 0.76 0.71
v 40.873 8.592 -12.184 0.78 0.76 0.71
v 40.827 8.592 -12.378 0.78 0.76 0.71
v 40.811 7.972 -12.447 0.78 0.76 0.71
v 40.785 7.722 -12.554 0.78 0.76 0.71
v 43.552 7.252 -13.218 0.78 0.76 0.71
v 43.683 7.252 -12.674 0.78 0.76 0.71
v 43.683 7.332 -12.674 0.78 0.76 0.71
v 43.657 7.582 -12.781 0.78 0.76 0.71
v 43.641 8.202 -12.849 0.78 0.76 0.71
v 43.594 8.202 -13.043 0.78 0.76 0.71
v 43.578 7.582 -13.112 0.78 0.76 0.71
v 43.552 7.332 -13.218 0.78 0.76 0.71
v 46.310 6.846 -13.878 0.78 0.76 0.71
v 46.439 6.846 -13.334 0.78 0.76 0.71
v 46.439 6.926 -13.334 0.78 0.76 0.71
v 46.413 7.176 -13.441 0.78 0.76 0.71
v 46.397 7.796 -13.509 0.78 0.76 0.71
v 46.351 7.796 -13.703 0.78 0.76 0.71
v 46.335 7.176 -13.771 0.78 0.76 0.71
v 46.310 6.926 -13.878 0.78 0.76 0.71
v 49.058 6.428 -14.523 0.78 0.76 0.71
v 49.183 6.428 -13.977 0.78 0.76 0.71
v 49.183 6.508 -13.977 0.78 0.76 0.71
v 49.159 6.758 -14.084 0.78 0.76 0.71
v 49.143 7.378 -14.152 0.78 0.76 0.71
v 49.098 7.378 -14.347 0.78 0.76 0.71
v 49.082 6.758 -14.415 0.78 0.76 0.71
v 49.058 6.508 -14.523 0.78 0.76 0.71
v 51.796 6.002 -15.140 0.78 0.76 0.71
v 51.916 6.002 -14.593 0.78 0.76 0.71
v 51.916 6.082 -14.593 0.78 0.76 0.71
v 51.892 6.332 -14.701 0.78 0.76 0.71
v 51.877 6.952 -14.769 0.78 0.76 0.71
v 51.835 6.952 -14.964 0.78 0.76 0.71
v 51.820 6.332 -15.033 0.78 0.76 0.71
v 51.796 6.082 -15.140 0.78 0.76 0.71
v 54.525 5.570 -15.721 0.78 0.76 0.71
v 54.637 5.570 -15.172 0.78 0.76 0.71
v 54.637 5.650 -15.172 0.78 0.76 0.71
v 54.615 5.900 -15.280 0.78 0.76 0.71
v 54.601 6.520 -15.348 0.78 0.76 0.71
v 54.561 6.520 -15.544 0.78 0.76 0.71
v 54.547 5.900 -15.613 0.78 0.76 0.71
v 54.525 5.650 -15.721 0.78 0.76 0.71
v 57.243 5.136 -16.253 0.78 0.76 0.71
v 57.345 5.136 -15.703 0.78 0.76 0.71
v 57.345 5.216 -15.703 0.78 0.76 0.71
v 57.325 5.466 -15.811 0.78 0.76 0.71
v 57.312 6.086 -15.880 0.78 0.76 0.71
v 57.276 6.086 -16.076 0.78 0.76 0.71
v 57.263 5.466 -16.145 0.78 0.76 0.71
v 57.243 5.216 -16.253 0.78 0.76 0.71
v 59.951 4.703 -16.728 0.78 0.76 0.71
v 60.041 4.703 -16.175 0.78 0.76 0.71
v 60.041 4.783 -16.175 0.78 0.76 0.71
v 60.023 5.033 -16.284 0.78 0.76 0.71
v 60.012 5.653 -16.353 0.78 0.76 0.71
v 59.980 5.653 -16.550 0.78 0.76 0.71
v 59.969 5.033 -16.619 0.78 0.76 0.71
v 59.951 4.783 -16.728 0.78 0.76 0.71
v 62.648 4.274 -17.134 0.78 0.76 0.71
v 62.724 4.274 -16.580 0.78 0.76 0.71
v 62.724 4.354 -16.580 0.78 0.76 0.71
v 62.709 4.604 -16.689 0.78 0.76 0.71
v 62.699 5.224 -16.758 0.78 0.76 0.71
v 62.672 5.224 -16.956 0.78 0.76 0.71
v 62.663 4.604 -17.025 0.78 0.76 0.71
v 62.648 4.354 -17.134 0.78 0.76 0.71
v 65.335 3.853 -17.462 0.78 0.76 0.71
v 65.393 3.853 -16.906 0.78 0.76 0.71
v 65.393 3.933 -16.906 0.78 0.76 0.71
v 65.382 4.183 -17.015 0.78 0.76 0.71
v 65.375 4.803 -17.085 0.78 0.76 0.71
v 65.353 4.803 -17.283 0.78 0.76 0.71
v 65.346 4.183 -17.353 0.78 0.76 0.71
v 65.335 3.933 -17.462 0.78 0.76 0.71
v 68.010 3.443 -17.702 0.78 0.76 0.71
v 68.050 3.443 -17.144 0.78 0.76 0.71
v 68.050 3.523 -17.144 0.78 0.76 0.71
v 68.042 3.773 -17.253 0.78 0.76 0.71
v 68.037 4.393 -17.323 0.78 0.76 0.71
v 68.023 4.393 -17.523 0.78 0.76 0.71
v 68.018 3.773 -17.592 0.78 0.76 0.71
v 68.010 3.523 -17.702 0.78 0.76 0.71
v 70.676 3.046 -17.844 0.78 0.76 0.71
v 70.694 3.046 -17.284 0.78 0.76 0.71
v 70.694 3.126 -17.284 0.78 0.76 0.71
v 70.691 3.376 -17.394 0.78 0.76 0.71
v 70.688 3.996 -17.464 0.78 0.76 0.71
v 70.682 3.996 -17.664 0.78 0.76 0.71
v 70.679 3.376 -17.734 0.78 0.76 0.71
v 70.676 3.126 -17.844 0.78 0.76 0.71
v 73.371 2.668 -17.880 0.78 0.76 0.71
v 73.375 2.668 -17.320 0.78 0.76 0.71
v 73.375 2.748 -17.320 0.78 0.76 0.71
v 73.374 2.998 -17.430 0.78 0.76 0.71
v 73.373 3.618 -17.500 0.78 0.76 0.71
v 73.372 3.618 -17.700 0.78 0.76 0.71
v 73.372 2.998 -17.770 0.78 0.76 0.71
v 73.371 2.748 -17.880 0.78 0.76 0.71
v 76.118 2.309 -17.880 0.78 0.76 0.71
v 76.118 2.309 -17.320 0.78 0.76 0.71
v 76.118 2.389 -17.320 0.78 0.76 0.71
v 76.118 2.639 -17.430 0.78 0.76 0.71
v 76.118 3.259 -17.500 0.78 0.76 0.71
v 76.118 3.259 -17.700 0.78 0.76 0.71
v 76.118 2.639 -17.770 0.78 0.76 0.71
v 76.118 2.389 -17.880 0.78 0.76 0.71
v 78.882 1.975 -17.880 0.78 0.76 0.71
v 78.882 1.975 -17.320 0.78 0.76 0.71
v 78.882 2.055 -17.320 0.78 0.76 0.71
v 78.882 2.305 -17.430 0.78 0.76 0.71
v 78.882 2.925 -17.500 0.78 0.76 0.71
v 78.882 2.925 -17.700 0.78 0.76 0.71
v 78.882 2.305 -17.770 0.78 0.76 0.71
v 78.882 2.055 -17.880 0.78 0.76 0.71
v 81.647 1.667 -17.880 0.78 0.76 0.71
v 81.647 1.667 -17.320 0.78 0.76 0.71
v 81.647 1.747 -17.320 0.78 0.76 0.71
v 81.647 1.997 -17.430 0.78 0.76 0.71
v 81.647 2.617 -17.500 0.78 0.76 0.71
v 81.647 2.617 -17.700 0.78 0.76 0.71
v 81.647 1.997 -17.770 0.78 0.76 0.71
v 81.647 1.747 -17.880 0.78 0.76 0.71
v 84.412 1.391 -17.880 0.78 0.76 0.71
v 84.412 1.391 -17.320 0.78 0.76 0.71
v 84.412 1.471 -17.320 0.78 0.76 0.71
v 84.412 1.721 -17.430 0.78 0.76 0.71
v 84.412 2.341 -17.500 0.78 0.76 0.71
v 84.412 2.341 -17.700 0.78 0.76 0.71
v 84.412 1.721 -17.770 0.78 0.76 0.71
v 84.412 1.471 -17.880 0.78 0.76 0.71
v 87.176 1.147 -17.880 0.78 0.76 0.71
v 87.176 1.147 -17.320 0.78 0.76 0.71
v 87.176 1.227 -17.320 0.78 0.76 0.71
v 87.176 1.477 -17.430 0.78 0.76 0.71
v 87.176 2.097 -17.500 0.78 0.76 0.71
v 87.176 2.097 -17.700 0.78 0.76 0.71
v 87.176 1.477 -17.770 0.78 0.76 0.71
v 87.176 1.227 -17.880 0.78 0.76 0.71
v 89.941 0.941 -17.880 0.78 0.76 0.71
v 89.941 0.941 -17.320 0.78 0.76 0.71
v 89.941 1.021 -17.320 0.78 0.76 0.71
v 89.941 1.271 -17.430 0.78 0.76 0.71
v 89.941 1.891 -17.500 0.78 0.76 0.71
v 89.941 1.891 -17.700 0.78 0.76 0.71
v 89.941 1.271 -17.770 0.78 0.76 0.71
v 89.941 1.021 -17.880 0.78 0.76 0.71
v 92.706 0.775 -17.880 0.78 0.76 0.71
v 92.706 0.775 -17.320 0.78 0.76 0.71
v 92.706 0.855 -17.320 0.78 0.76 0.71
v 92.706 1.105 -17.430 0.78 0.76 0.71
v 92.706 1.725 -17.500 0.78 0.76 0.71
v 92.706 1.725 -17.700 0.78 0.76 0.71
v 92.706 1.105 -17.770 0.78 0.76 0.71
v 92.706 0.855 -17.880 0.78 0.76 0.71
v 95.471 0.652 -17.880 0.78 0.76 0.71
v 95.471 0.652 -17.320 0.78 0.76 0.71
v 95.471 0.732 -17.320 0.78 0.76 0.71
v 95.471 0.982 -17.430 0.78 0.76 0.71
v 95.471 1.602 -17.500 0.78 0.76 0.71
v 95.471 1.602 -17.700 0.78 0.76 0.71
v 95.471 0.982 -17.770 0.78 0.76 0.71
v 95.471 0.732 -17.880 0.78 0.76 0.71
v 98.235 0.576 -17.880 0.78 0.76 0.71
v 98.235 0.576 -17.320 0.78 0.76 0.71
v 98.235 0.656 -17.320 0.78 0.76 0.71
v 98.235 0.906 -17.430 0.78 0.76 0.71
v 98.235 1.526 -17.500 0.78 0.76 0.71
v 98.235 1.526 -17.700 0.78 0.76 0.71
v 98.235 0.906 -17.770 0.78 0.76 0.71
v 98.235 0.656 -17.880 0.78 0.76 0.71
v 101.000 0.550 -17.880 0.78 0.76 0.71
v 101.000 0.550 -17.320 0.78 0.76 0.71
v 101.000 0.630 -17.320 0.78 0.76 0.71
v 101.000 0.880 -17.430 0.78 0.76 0.71
v 101.000 1.500 -17.500 0.78 0.76 0.71
v 101.000 1.500 -17.700 0.78 0.76 0.71
v 101.000 0.880 -17.770 0.78 0.76 0.71
v 101.000 0.630 -17.880 0.78 0.76 0.71
v 18.924 0.000 -13.190 0.66 0.64 0.6
v 22.724 0.000 -13.190 0.66 0.64 0.6
v 22.724 0.000 -9.390 0.66 0.64 0.6
v 18.924 0.000 -9.390 0.66 0.64 0.6
v 18.924 0.450 -13.190 0.66 0.64 0.6
v 22.724 0.450 -13.190 0.66 0.64 0.6
v 22.724 0.450 -9.390 0.66 0.64 0.6
v 18.924 0.450 -9.390 0.66 0.64 0.6
v 21.974 0.450 -11.290 0.78 0.76 0.71
v 21.754 0.450 -10.614 0.78 0.76 0.71
v 21.179 0.450 -10.197 0.78 0.76 0.71
v 20.468 0.450 -10.197 0.78 0.76 0.71
v 19.893 0.450 -10.614 0.78 0.76 0.71
v 19.674 0.450 -11.290 0.78 0.76 0.71
v 19.893 0.450 -11.966 0.78 0.76 0.71
v 20.468 0.450 -12.384 0.78 0.76 0.71
v 21.179 0.450 -12.384 0.78 0.76 0.71
v 21.754 0.450 -11.966 0.78 0.76 0.71
v 21.724 8.624 -11.290 0.78 0.76 0.71
v 21.552 8.624 -10.761 0.78 0.76 0.71
v 21.102 8.624 -10.434 0.78 0.76 0.71
v 20.545 8.624 -10.434 0.78 0.76 0.71
v 20.095 8.624 -10.761 0.78 0.76 0.71
v 19.924 8.624 -11.290 0.78 0.76 0.71
v 20.095 8.624 -11.819 0.78 0.76 0.71
v 20.545 8.624 -12.146 0.78 0.76 0.71
v 21.102 8.624 -12.146 0.78 0.76 0.71
v 21.552 8.624 -11.819 0.78 0.76 0.71
v 32.747 0.000 -15.709 0.66 0.64 0.6
v 36.547 0.000 -15.709 0.66 0.64 0.6
v 36.547 0.000 -11.909 0.66 0.64 0.6
v 32.747 0.000 -11.909 0.66 0.64 0.6
v 32.747 0.450 -15.709 0.66 0.64 0.6
v 36.547 0.450 -15.709 0.66 0.64 0.6
v 36.547 0.450 -11.909 0.66 0.64 0.6
v 32.747 0.450 -11.909 0.66 0.64 0.6
v 35.797 0.450 -13.809 0.78 0.76 0.71
v 35.577 0.450 -13.133 0.78 0.76 0.71
v 35.002 0.450 -12.715 0.78 0.76 0.71
v 34.292 0.450 -12.715 0.78 0.76 0.71
v 33.717 0.450 -13.133 0.78 0.76 0.71
v 33.497 0.450 -13.809 0.78 0.76 0.71
v 33.717 0.450 -14.485 0.78 0.76 0.71
v 34.292 0.450 -14.902 0.78 0.76 0.71
v 35.002 0.450 -14.902 0.78 0.76 0.71
v 35.577 0.450 -14.485 0.78 0.76 0.71
v 35.547 7.314 -13.809 0.78 0.76 0.71
v 35.375 7.314 -13.280 0.78 0.76 0.71
v 34.925 7.314 -12.953 0.78 0.76 0.71
v 34.369 7.314 -12.953 0.78 0.76 0.71
v 33.919 7.314 -13.280 0.78 0.76 0.71
v 33.747 7.314 -13.809 0.78 0.76 0.71
v 33.919 7.314 -14.338 0.78 0.76 0.71
v 34.369 7.314 -14.665 0.78 0.76 0.71
v 34.925 7.314 -14.665 0.78 0.76 0.71
v 35.375 7.314 -14.338 0.78 0.76 0.71
v 46.571 0.000 -18.976 0.66 0.64 0.6
v 50.371 0.000 -18.976 0.66 0.64 0.6
v 50.371 0.000 -15.176 0.66 0.64 0.6
v 46.571 0.000 -15.176 0.66 0.64 0.6
v 46.571 0.450 -18.976 0.66 0.64 0.6
v 50.371 0.450 -18.976 0.66 0.64 0.6
v 50.371 0.450 -15.176 0.66 0.64 0.6
v 46.571 0.450 -15.176 0.66 0.64 0.6
v 49.621 0.450 -17.076 0.78 0.76 0.71
v 49.401 0.450 -16.400 0.78 0.76 0.71
v 48.826 0.450 -15.982 0.78 0.76 0.71
v 48.115 0.450 -15.982 0.78 0.76 0.71
v 47.540 0.450 -16.400 0.78 0.76 0.71
v 47.321 0.450 -17.076 0.78 0.76 0.71
v 47.540 0.450 -17.752 0.78 0.76 0.71
v 48.115 0.450 -18.170 0.78 0.76 0.71
v 48.826 0.450 -18.170 0.78 0.76 0.71
v 49.401 0.450 -17.752 0.78 0.76 0.71
v 49.371 5.378 -17.076 0.78 0.76 0.71
v 49.199 5.378 -16.547 0.78 0.76 0.71
v 48.749 5.378 -16.220 0.78 0.76 0.71
v 48.192 5.378 -16.220 0.78 0.76 0.71
v 47.742 5.378 -16.547 0.78 0.76 0.71
v 47.571 5.378 -17.076 0.78 0.76 0.71
v 47.742 5.378 -17.605 0.78 0.76 0.71
v 48.192 5.378 -17.932 0.78 0.76 0.71
v 48.749 5.378 -17.932 0.78 0.76 0.71
v 49.199 5.378 -17.605 0.78 0.76 0.71
v 60.394 0.000 -21.630 0.66 0.64 0.6
v 64.194 0.000 -21.630 0.66 0.64 0.6
v 64.194 0.000 -17.830 0.66 0.64 0.6
v 60.394 0.000 -17.830 0.66 0.64 0.6
v 60.394 0.450 -21.630 0.66 0.64 0.6
v 64.194 0.450 -21.630 0.66 0.64 0.6
v 64.194 0.450 -17.830 0.66 0.64 0.6
v 60.394 0.450 -17.830 0.66 0.64 0.6
v 63.444 0.450 -19.730 0.78 0.76 0.71
v 63.224 0.450 -19.054 0.78 0.76 0.71
v 62.649 0.450 -18.637 0.78 0.76 0.71
v 61.939 0.450 -18.637 0.78 0.76 0.71
v 61.364 0.450 -19.054 0.78 0.76 0.71
v 61.144 0.450 -19.730 0.78 0.76 0.71
v 61.364 0.450 -20.406 0.78 0.76 0.71
v 61.939 0.450 -20.824 0.78 0.76 0.71
v 62.649 0.450 -20.824 0.78 0.76 0.71
v 63.224 0.450 -20.406 0.78 0.76 0.71
v 63.194 3.224 -19.730 0.78 0.76 0.71
v 63.022 3.224 -19.201 0.78 0.76 0.71
v 62.572 3.224 -18.874 0.78 0.76 0.71
v 62.016 3.224 -18.874 0.78 0.76 0.71
v 61.566 3.224 -19.201 0.78 0.76 0.71
v 61.394 3.224 -19.730 0.78 0.76 0.71
v 61.566 3.224 -20.259 0.78 0.76 0.71
v 62.016 3.224 -20.586 0.78 0.76 0.71
v 62.572 3.224 -20.586 0.78 0.76 0.71
v 63.022 3.224 -20.259 0.78 0.76 0.71
v -7.000 10.000 -7.500 0.78 0.76 0.71
v -7.000 10.000 -13.900 0.78 0.76 0.71
v -7.000 9.650 -13.900 0.78 0.76 0.71
v -7.000 9.050 -13.000 0.78 0.76 0.71
v -7.000 9.050 -8.400 0.78 0.76 0.71
v -7.000 9.650 -7.500 0.78 0.76 0.71
v -9.768 10.000 -7.500 0.78 0.76 0.71
v -9.762 10.000 -13.900 0.78 0.76 0.71
v -9.762 9.650 -13.900 0.78 0.76 0.71
v -9.762 9.050 -13.000 0.78 0.76 0.71
v -9.767 9.050 -8.400 0.78 0.76 0.71
v -9.768 9.650 -7.500 0.78 0.76 0.71
v -12.586 9.989 -7.506 0.78 0.76 0.71
v -12.473 9.989 -13.905 0.78 0.76 0.71
v -12.473 9.639 -13.905 0.78 0.76 0.71
v -12.489 9.039 -13.005 0.78 0.76 0.71
v -12.570 9.039 -8.406 0.78 0.76 0.71
v -12.586 9.639 -7.506 0.78 0.76 0.71
v -15.462 9.931 -7.602 0.78 0.76 0.71
v -15.126 9.931 -13.993 0.78 0.76 0.71
v -15.126 9.581 -13.993 0.78 0.76 0.71
v -15.173 8.981 -13.095 0.78 0.76 0.71
v -15.415 8.981 -8.501 0.78 0.76 0.71
v -15.462 9.581 -7.602 0.78 0.76 0.71
v -18.343 9.825 -7.809 0.78 0.76 0.71
v -17.775 9.825 -14.184 0.78 0.76 0.71
v -17.775 9.475 -14.184 0.78 0.76 0.71
v -17.855 8.875 -13.287 0.78 0.76 0.71
v -18.263 8.875 -8.705 0.78 0.76 0.71
v -18.343 9.475 -7.809 0.78 0.76 0.71
v -21.210 9.674 -8.114 0.78 0.76 0.71
v -20.437 9.674 -14.467 0.78 0.76 0.71
v -20.437 9.324 -14.467 0.78 0.76 0.71
v -20.546 8.724 -13.573 0.78 0.76 0.71
v -21.101 8.724 -9.007 0.78 0.76 0.71
v -21.210 9.324 -8.114 0.78 0.76 0.71
v -24.063 9.481 -8.504 0.78 0.76 0.71
v -23.113 9.481 -14.833 0.78 0.76 0.71
v -23.113 9.131 -14.833 0.78 0.76 0.71
v -23.247 8.531 -13.943 0.78 0.76 0.71
v -23.930 8.531 -9.394 0.78 0.76 0.71
v -24.063 9.131 -8.504 0.78 0.76 0.71
v -26.904 9.251 -8.968 0.78 0.76 0.71
v -25.802 9.251 -15.273 0.78 0.76 0.71
v -25.802 8.901 -15.273 0.78 0.76 0.71
v -25.957 8.301 -14.386 0.78 0.76 0.71
v -26.749 8.301 -9.855 0.78 0.76 0.71
v -26.904 8.901 -8.968 0.78 0.76 0.71
v -29.732 8.986 -9.495 0.78 0.76 0.71
v -28.504 8.986 -15.776 0.78 0.76 0.71
v -28.504 8.636 -15.776 0.78 0.76 0.71
v -28.676 8.036 -14.892 0.78 0.76 0.71
v -29.559 8.036 -10.378 0.78 0.76 0.71
v -29.732 8.636 -9.495 0.78 0.76 0.71
v -32.547 8.689 -10.071 0.78 0.76 0.71
v -31.218 8.689 -16.332 0.78 0.76 0.71
v -31.218 8.339 -16.332 0.78 0.76 0.71
v -31.405 7.739 -15.451 0.78 0.76 0.71
v -32.360 7.739 -10.952 0.78 0.76 0.71
v -32.547 8.339 -10.071 0.78 0.76 0.71
v -35.350 8.364 -10.687 0.78 0.76 0.71
v -33.945 8.364 -16.931 0.78 0.76 0.71
v -33.945 8.014 -16.931 0.78 0.76 0.71
v -34.142 7.414 -16.052 0.78 0.76 0.71
v -35.152 7.414 -11.565 0.78 0.76 0.71
v -35.350 8.014 -10.687 0.78 0.76 0.71
v -38.141 8.014 -11.330 0.78 0.76 0.71
v -36.683 8.014 -17.562 0.78 0.76 0.71
v -36.683 7.664 -17.562 0.78 0.76 0.71
v -36.888 7.064 -16.685 0.78 0.76 0.71
v -37.936 7.064 -12.206 0.78 0.76 0.71
v -38.141 7.664 -11.330 0.78 0.76 0.71
v -40.920 7.642 -11.989 0.78 0.76 0.71
v -39.433 7.642 -18.214 0.78 0.76 0.71
v -39.433 7.292 -18.214 0.78 0.76 0.71
v -39.642 6.692 -17.339 0.78 0.76 0.71
v -40.711 6.692 -12.865 0.78 0.76 0.71
v -40.920 7.292 -11.989 0.78 0.76 0.71
v -43.687 7.252 -12.654 0.78 0.76 0.71
v -42.195 7.252 -18.878 0.78 0.76 0.71
v -42.195 6.902 -18.878 0.78 0.76 0.71
v -42.405 6.302 -18.003 0.78 0.76 0.71
v -43.478 6.302 -13.530 0.78 0.76 0.71
v -43.687 6.902 -12.654 0.78 0.76 0.71
v -46.443 6.846 -13.314 0.78 0.76 0.71
v -44.968 6.846 -19.542 0.78 0.76 0.71
v -44.968 6.496 -19.542 0.78 0.76 0.71
v -45.176 5.896 -18.666 0.78 0.76 0.71
v -46.236 5.896 -14.190 0.78 0.76 0.71
v -46.443 6.496 -13.314 0.78 0.76 0.71
v -49.188 6.428 -13.957 0.78 0.76 0.71
v -47.753 6.428 -20.195 0.78 0.76 0.71
v -47.753 6.078 -20.195 0.78 0.76 0.71
v -47.955 5.478 -19.317 0.78 0.76 0.71
v -48.986 5.478 -14.834 0.78 0.76 0.71
v -49.188 6.078 -13.957 0.78 0.76 0.71
v -51.920 6.002 -14.574 0.78 0.76 0.71
v -50.550 6.002 -20.825 0.78 0.76 0.71
v -50.550 5.652 -20.825 0.78 0.76 0.71
v -50.743 5.052 -19.946 0.78 0.76 0.71
v -51.728 5.052 -15.453 0.78 0.76 0.71
v -51.920 5.652 -14.574 0.78 0.76 0.71
v -54.641 5.570 -15.152 0.78 0.76 0.71
v -53.359 5.570 -21.423 0.78 0.76 0.71
v -53.359 5.220 -21.423 0.78 0.76 0.71
v -53.540 4.620 -20.541 0.78 0.76 0.71
v -54.460 4.620 -16.034 0.78 0.76 0.71
v -54.641 5.220 -15.152 0.78 0.76 0.71
v -57.349 5.136 -15.683 0.78 0.76 0.71
v -56.181 5.136 -21.976 0.78 0.76 0.71
v -56.181 4.786 -21.976 0.78 0.76 0.71
v -56.345 4.186 -21.091 0.78 0.76 0.71
v -57.184 4.186 -16.568 0.78 0.76 0.71
v -57.349 4.786 -15.683 0.78 0.76 0.71
v -60.044 4.703 -16.156 0.78 0.76 0.71
v -59.015 4.703 -22.472 0.78 0.76 0.71
v -59.015 4.353 -22.472 0.78 0.76 0.71
v -59.159 3.753 -21.584 0.78 0.76 0.71
v -59.899 3.753 -17.044 0.78 0.76 0.71
v -60.044 4.353 -16.156 0.78 0.76 0.71
v -62.726 4.274 -16.560 0.78 0.76 0.71
v -61.862 4.274 -22.901 0.78 0.76 0.71
v -61.862 3.924 -22.901 0.78 0.76 0.71
v -61.983 3.324 -22.009 0.78 0.76 0.71
v -62.605 3.324 -17.452 0.78 0.76 0.71
v -62.726 3.924 -16.560 0.78 0.76 0.71
v -65.396 3.853 -16.886 0.78 0.76 0.71
v -64.722 3.853 -23.250 0.78 0.76 0.71
v -64.722 3.503 -23.250 0.78 0.76 0.71
v -64.817 2.903 -22.355 0.78 0.76 0.71
v -65.301 2.903 -17.781 0.78 0.76 0.71
v -65.396 3.503 -16.886 0.78 0.76 0.71
v -68.051 3.443 -17.124 0.78 0.76 0.71
v -67.596 3.443 -23.507 0.78 0.76 0.71
v -67.596 3.093 -23.507 0.78 0.76 0.71
v -67.660 2.493 -22.610 0.78 0.76 0.71
v -67.987 2.493 -18.021 0.78 0.76 0.71
v -68.051 3.093 -17.124 0.78 0.76 0.71
v -70.695 3.046 -17.264 0.78 0.76 0.71
v -70.482 3.046 -23.661 0.78 0.76 0.71
v -70.482 2.696 -23.661 0.78 0.76 0.71
v -70.512 2.096 -22.761 0.78 0.76 0.71
v -70.665 2.096 -18.164 0.78 0.76 0.71
v -70.695 2.696 -17.264 0.78 0.76 0.71
v -73.375 2.668 -17.300 0.78 0.76 0.71
v -73.331 2.668 -23.700 0.78 0.76 0.71
v -73.331 2.318 -23.700 0.78 0.76 0.71
v -73.337 1.718 -22.800 0.78 0.76 0.71
v -73.369 1.718 -18.200 0.78 0.76 0.71
v -73.375 2.318 -17.300 0.78 0.76 0.71
v -76.118 2.309 -17.300 0.78 0.76 0.71
v -76.118 2.309 -23.700 0.78 0.76 0.71
v -76.118 1.959 -23.700 0.78 0.76 0.71
v -76.118 1.359 -22.800 0.78 0.76 0.71
v -76.118 1.359 -18.200 0.78 0.76 0.71
v -76.118 1.959 -17.300 0.78 0.76 0.71
v -78.882 1.975 -17.300 0.78 0.76 0.71
v -78.882 1.975 -23.700 0.78 0.76 0.71
v -78.882 1.625 -23.700 0.78 0.76 0.71
v -78.882 1.025 -22.800 0.78 0.76 0.71
v -78.882 1.025 -18.200 0.78 0.76 0.71
v -78.882 1.625 -17.300 0.78 0.76 0.71
v -81.647 1.667 -17.300 0.78 0.76 0.71
v -81.647 1.667 -23.700 0.78 0.76 0.71
v -81.647 1.317 -23.700 0.78 0.76 0.71
v -81.647 0.717 -22.800 0.78 0.76 0.71
v -81.647 0.717 -18.200 0.78 0.76 0.71
v -81.647 1.317 -17.300 0.78 0.76 0.71
v -84.412 1.391 -17.300 0.78 0.76 0.71
v -84.412 1.391 -23.700 0.78 0.76 0.71
v -84.412 1.041 -23.700 0.78 0.76 0.71
v -84.412 0.441 -22.800 0.78 0.76 0.71
v -84.412 0.441 -18.200 0.78 0.76 0.71
v -84.412 1.041 -17.300 0.78 0.76 0.71
v -87.176 1.147 -17.300 0.78 0.76 0.71
v -87.176 1.147 -23.700 0.78 0.76 0.71
v -87.176 0.797 -23.700 0.78 0.76 0.71
v -87.176 0.197 -22.800 0.78 0.76 0.71
v -87.176 0.197 -18.200 0.78 0.76 0.71
v -87.176 0.797 -17.300 0.78 0.76 0.71
v -89.941 0.941 -17.300 0.78 0.76 0.71
v -89.941 0.941 -23.700 0.78 0.76 0.71
v -89.941 0.591 -23.700 0.78 0.76 0.71
v -89.941 -0.009 -22.800 0.78 0.76 0.71
v -89.941 -0.009 -18.200 0.78 0.76 0.71
v -89.941 0.591 -17.300 0.78 0.76 0.71
v -92.706 0.775 -17.300 0.78 0.76 0.71
v -92.706 0.775 -23.700 0.78 0.76 0.71
v -92.706 0.425 -23.700 0.78 0.76 0.71
v -92.706 -0.175 -22.800 0.78 0.76 0.71
v -92.706 -0.175 -18.200 0.78 0.76 0.71
v -92.706 0.425 -17.300 0.78 0.76 0.71
v -95.471 0.652 -17.300 0.78 0.76 0.71
v -95.471 0.652 -23.700 0.78 0.76 0.71
v -95.471 0.302 -23.700 0.78 0.76 0.71
v -95.471 -0.298 -22.800 0.78 0.76 0.71
v -95.471 -0.298 -18.200 0.78 0.76 0.71
v -95.471 0.302 -17.300 0.78 0.76 0.71
v -98.235 0.576 -17.300 0.78 0.76 0.71
v -98.235 0.576 -23.700 0.78 0.76 0.71
v -98.235 0.226 -23.700 0.78 0.76 0.71
v -98.235 -0.374 -22.800 0.78 0.76 0.71
v -98.235 -0.374 -18.200 0.78 0.76 0.71
v -98.235 0.226 -17.300 0.78 0.76 0.71
v -101.000 0.550 -17.300 0.78 0.76 0.71
v -101.000 0.550 -23.700 0.78 0.76 0.71
v -101.000 0.200 -23.700 0.78 0.76 0.71
v -101.000 -0.400 -22.800 0.78 0.76 0.71
v -101.000 -0.400 -18.200 0.78 0.76 0.71
v -101.000 0.200 -17.300 0.78 0.76 0.71
v -7.000 10.000 -7.520 0.78 0.76 0.71
v -7.000 10.000 -8.080 0.78 0.76 0.71
v -7.000 10.080 -8.080 0.78 0.76 0.71
v -7.000 10.330 -7.970 0.78 0.76 0.71
v -7.000 10.950 -7.900 0.78 0.76 0.71
v -7.000 10.950 -7.700 0.78 0.76 0.71
v -7.000 10.330 -7.630 0.78 0.76 0.71
v -7.000 10.080 -7.520 0.78 0.76 0.71
v -9.768 10.000 -7.520 0.78 0.76 0.71
v -9.767 10.000 -8.080 0.78 0.76 0.71
v -9.767 10.080 -8.080 0.78 0.76 0.71
v -9.767 10.330 -7.970 0.78 0.76 0.71
v -9.767 10.950 -7.900 0.78 0.76 0.71
v -9.768 10.950 -7.700 0.78 0.76 0.71
v -9.768 10.330 -7.630 0.78 0.76 0.71
v -9.768 10.080 -7.520 0.78 0.76 0.71
v -12.586 9.989 -7.526 0.78 0.76 0.71
v -12.576 9.989 -8.086 0.78 0.76 0.71
v -12.576 10.069 -8.086 0.78 0.76 0.71
v -12.578 10.319 -7.976 0.78 0.76 0.71
v -12.579 10.939 -7.906 0.78 0.76 0.71
v -12.582 10.939 -7.706 0.78 0.76 0.71
v -12.584 10.319 -7.636 0.78 0.76 0.71
v -12.586 10.069 -7.526 0.78 0.76 0.71
v -15.461 9.931 -7.622 0.78 0.76 0.71
v -15.432 9.931 -8.181 0.78 0.76 0.71
v -15.432 10.011 -8.181 0.78 0.76 0.71
v -15.438 10.261 -8.072 0.78 0.76 0.71
v -15.441 10.881 -8.002 0.78 0.76 0.71
v -15.452 10.881 -7.802 0.78 0.76 0.71
v -15.455 10.261 -7.732 0.78 0.76 0.71
v -15.461 10.011 -7.622 0.78 0.76 0.71
v -18.341 9.825 -7.829 0.78 0.76 0.71
v -18.291 9.825 -8.387 0.78 0.76 0.71
v -18.291 9.905 -8.387 0.78 0.76 0.71
v -18.301 10.155 -8.277 0.78 0.76 0.71
v -18.307 10.775 -8.207 0.78 0.76 0.71
v -18.325 10.775 -8.008 0.78 0.76 0.71
v -18.331 10.155 -7.938 0.78 0.76 0.71
v -18.341 9.905 -7.829 0.78 0.76 0.71
v -21.207 9.674 -8.134 0.78 0.76 0.71
v -21.140 9.674 -8.689 0.78 0.76 0.71
v -21.140 9.754 -8.689 0.78 0.76 0.71
v -21.153 10.004 -8.580 0.78 0.76 0.71
v -21.161 10.624 -8.511 0.78 0.76 0.71
v -21.186 10.624 -8.312 0.78 0.76 0.71
v -21.194 10.004 -8.243 0.78 0.76 0.71
v -21.207 9.754 -8.134 0.78 0.76 0.71
v -24.060 9.481 -8.524 0.78 0.76 0.71
v -23.977 9.481 -9.078 0.78 0.76 0.71
v -23.977 9.561 -9.078 0.78 0.76 0.71
v -23.994 9.811 -8.969 0.78 0.76 0.71
v -24.004 10.431 -8.900 0.78 0.76 0.71
v -24.034 10.431 -8.702 0.78 0.76 0.71
v -24.044 9.811 -8.633 0.78 0.76 0.71
v -24.060 9.561 -8.524 0.78 0.76 0.71
v -26.900 9.251 -8.988 0.78 0.76 0.71
v -26.804 9.251 -9.540 0.78 0.76 0.71
v -26.804 9.331 -9.540 0.78 0.76 0.71
v -26.823 9.581 -9.431 0.78 0.76 0.71
v -26.835 10.201 -9.362 0.78 0.76 0.71
v -26.869 10.201 -9.165 0.78 0.76 0.71
v -26.882 9.581 -9.096 0.78 0.76 0.71
v -26.900 9.331 -8.988 0.78 0.76 0.71
v -29.728 8.986 -9.514 0.78 0.76 0.71
v -29.620 8.986 -10.064 0.78 0.76 0.71
v -29.620 9.066 -10.064 0.78 0.76 0.71
v -29.641 9.316 -9.956 0.78 0.76 0.71
v -29.655 9.936 -9.887 0.78 0.76 0.71
v -29.693 9.936 -9.691 0.78 0.76 0.71
v -29.707 9.316 -9.622 0.78 0.76 0.71
v -29.728 9.066 -9.514 0.78 0.76 0.71
v -32.543 8.689 -10.091 0.78 0.76 0.71
v -32.426 8.689 -10.638 0.78 0.76 0.71
v -32.426 8.769 -10.638 0.78 0.76 0.71
v -32.449 9.019 -10.531 0.78 0.76 0.71
v -32.464 9.639 -10.462 0.78 0.76 0.71
v -32.505 9.639 -10.267 0.78 0.76 0.71
v -32.520 9.019 -10.198 0.78 0.76 0.71
v -32.543 8.769 -10.091 0.78 0.76 0.71
v -35.345 8.364 -10.706 0.78 0.76 0.71
v -35.222 8.364 -11.252 0.78 0.76 0.71
v -35.222 8.444 -11.252 0.78 0.76 0.71
v -35.246 8.694 -11.145 0.78 0.76 0.71
v -35.262 9.314 -11.077 0.78 0.76 0.71
v -35.306 9.314 -10.882 0.78 0.76 0.71
v -35.321 8.694 -10.813 0.78 0.76 0.71
v -35.345 8.444 -10.706 0.78 0.76 0.71
v -38.136 8.014 -11.349 0.78 0.76 0.71
v -38.008 8.014 -11.895 0.78 0.76 0.71
v -38.008 8.094 -11.895 0.78 0.76 0.71
v -38.034 8.344 -11.787 0.78 0.76 0.71
v -38.049 8.964 -11.719 0.78 0.76 0.71
v -38.095 8.964 -11.525 0.78 0.76 0.71
v -38.111 8.344 -11.456 0.78 0.76 0.71
v -38.136 8.094 -11.349 0.78 0.76 0.71
v -40.915 7.642 -12.009 0.78 0.76 0.71
v -40.785 7.642 -12.554 0.78 0.76 0.71
v -40.785 7.722 -12.554 0.78 0.76 0.71
v -40.811 7.972 -12.447 0.78 0.76 0.71
v -40.827 8.592 -12.378 0.78 0.76 0.71
v -40.873 8.592 -12.184 0.78 0.76 0.71
v -40.890 7.972 -12.116 0.78 0.76 0.71
v -40.915 7.722 -12.009 0.78 0.76 0.71
v -43.683 7.252 -12.674 0.78 0.76 0.71
v -43.552 7.252 -13.218 0.78 0.76 0.71
v -43.552 7.332 -13.218 0.78 0.76 0.71
v -43.578 7.582 -13.112 0.78 0.76 0.71
v -43.594 8.202 -13.043 0.78 0.76 0.71
v -43.641 8.202 -12.849 0.78 0.76 0.71
v -43.657 7.582 -12.781 0.78 0.76 0.71
v -43.683 7.332 -12.674 0.78 0.76 0.71
v -46.439 6.846 -13.334 0.78 0.76 0.71
v -46.310 6.846 -13.878 0.78 0.76 0.71
v -46.310 6.926 -13.878 0.78 0.76 0.71
v -46.335 7.176 -13.771 0.78 0.76 0.71
v -46.351 7.796 -13.703 0.78 0.76 0.71
v -46.397 7.796 -13.509 0.78 0.76 0.71
v -46.413 7.176 -13.441 0.78 0.76 0.71
v -46.439 6.926 -13.334 0.78 0.76 0.71
v -49.183 6.428 -13.977 0.78 0.76 0.71
v -49.058 6.428 -14.523 0.78 0.76 0.71
v -49.058 6.508 -14.523 0.78 0.76 0.71
v -49.082 6.758 -14.415 0.78 0.76 0.71
v -49.098 7.378 -14.347 0.78 0.76 0.71
v -49.143 7.378 -14.152 0.78 0.76 0.71
v -49.159 6.758 -14.084 0.78 0.76 0.71
v -49.183 6.508 -13.977 0.78 0.76 0.71
v -51.916 6.002 -14.593 0.78 0.76 0.71
v -51.796 6.002 -15.140 0.78 0.76 0.71
v -51.796 6.082 -15.140 0.78 0.76 0.71
v -51.820 6.332 -15.033 0.78 0.76 0.71
v -51.835 6.952 -14.964 0.78 0.76 0.71
v -51.877 6.952 -14.769 0.78 0.76 0.71
v -51.892 6.332 -14.701 0.78 0.76 0.71
v -51.916 6.082 -14.593 0.78 0.76 0.71
v -54.637 5.570 -15.172 0.78 0.76 0.71
v -54.525 5.570 -15.721 0.78 0.76 0.71
v -54.525 5.650 -15.721 0.78 0.76 0.71
v -54.547 5.900 -15.613 0.78 0.76 0.71
v -54.561 6.520 -15.544 0.78 0.76 0.71
v -54.601 6.520 -15.348 0.78 0.76 0.71
v -54.615 5.900 -15.280 0.78 0.76 0.71
v -54.637 5.650 -15.172 0.78 0.76 0.71
v -57.345 5.136 -15.703 0.78 0.76 0.71
v -57.243 5.136 -16.253 0.78 0.76 0.71
v -57.243 5.216 -16.253 0.78 0.76 0.71
v -57.263 5.466 -16.145 0.78 0.76 0.71
v -57.276 6.086 -16.076 0.78 0.76 0.71
v -57.312 6.086 -15.880 0.78 0.76 0.71
v -57.325 5.466 -15.811 0.78 0.76 0.71
v -57.345 5.216 -15.703 0.78 0.76 0.71
v -60.041 4.703 -16.175 0.78 0.76 0.71
v -59.951 4.703 -16.728 0.78 0.76 0.71
v -59.951 4.783 -16.728 0.78 0.76 0.71
v -59.969 5.033 -16.619 0.78 0.76 0.71
v -59.980 5.653 -16.550 0.78 0.76 0.71
v -60.012 5.653 -16.353 0.78 0.76 0.71
v -60.023 5.033 -16.284 0.78 0.76 0.71
v -60.041 4.783 -16.175 0.78 0.76 0.71
v -62.724 4.274 -16.580 0.78 0.76 0.71
v -62.648 4.274 -17.134 0.78 0.76 0.71
v -62.648 4.354 -17.134 0.78 0.76 0.71
v -62.663 4.604 -17.025 0.78 0.76 0.71
v -62.672 5.224 -16.956 0.78 0.76 0.71
v -62.699 5.224 -16.758 0.78 0.76 0.71
v -62.709 4.604 -16.689 0.78 0.76 0.71
v -62.724 4.354 -16.580 0.78 0.76 0.71
v -65.393 3.853 -16.906 0.78 0.76 0.71
v -65.335 3.853 -17.462 0.78 0.76 0.71
v -65.335 3.933 -17.462 0.78 0.76 0.71
v -65.346 4.183 -17.353 0.78 0.76 0.71
v -65.353 4.803 -17.283 0.78 0.76 0.71
v -65.375 4.803 -17.085 0.78 0.76 0.71
v -65.382 4.183 -17.015 0.78 0.76 0.71
v -65.393 3.933 -16.906 0.78 0.76 0.71
v -68.050 3.443 -17.144 0.78 0.76 0.71
v -68.010 3.443 -17.702 0.78 0.76 0.71
v -68.010 3.523 -17.702 0.78 0.76 0.71
v -68.018 3.773 -17.592 0.78 0.76 0.71
v -68.023 4.393 -17.523 0.78 0.76 0.71
v -68.037 4.393 -17.323 0.78 0.76 0.71
v -68.042 3.773 -17.253 0.78 0.76 0.71
v -68.050 3.523 -17.144 0.78 0.76 0.71
v -70.694 3.046 -17.284 0.78 0.76 0.71
v -70.676 3.046 -17.844 0.78 0.76 0.71
v -70.676 3.126 -17.844 0.78 0.76 0.71
v -70.679 3.376 -17.734 0.78 0.76 0.71
v -70.682 3.996 -17.664 0.78 0.76 0.71
v -70.688 3.996 -17.464 0.78 0.76 0.71
v -70.691 3.376 -17.394 0.78 0.76 0.71
v -70.694 3.126 -17.284 0.78 0.76 0.71
v -73.375 2.668 -17.320 0.78 0.76 0.71
v -73.371 2.668 -17.880 0.78 0.76 0.71
v -73.371 2.748 -17.880 0.78 0.76 0.71
v -73.372 2.998 -17.770 0.78 0.76 0.71
v -73.372 3.618 -17.700 0.78 0.76 0.71
v -73.373 3.618 -17.500 0.78 0.76 0.71
v -73.374 2.998 -17.430 0.78 0.76 0.71
v -73.375 2.748 -17.320 0.78 0.76 0.71
v -76.118 2.309 -17.320 0.78 0.76 0.71
v -76.118 2.309 -17.880 0.78 0.76 0.71
v -76.118 2.389 -17.880 0.78 0.76 0.71
v -76.118 2.639 -17.770 0.78 0.76 0.71
v -76.118 3.259 -17.700 0.78 0.76 0.71
v -76.118 3.259 -17.500 0.78 0.76 0.71
v -76.118 2.639 -17.430 0.78 0.76 0.71
v -76.118 2.389 -17.320 0.78 0.76 0.71
v -78.882 1.975 -17.320 0.78 0.76 0.71
v -78.882 1.975 -17.880 0.78 0.76 0.71
v -78.882 2.055 -17.880 0.78 0.76 0.71
v -78.882 2.305 -17.770 0.78 0.76 0.71
v -78.882 2.925 -17.700 0.78 0.76 0.71
v -78.882 2.925 -17.500 0.78 0.76 0.71
v -78.882 2.305 -17.430 0.78 0.76 0.71
v -78.882 2.055 -17.320 0.78 0.76 0.71
v -81.647 1.667 -17.320 0.78 0.76 0.71
v -81.647 1.667 -17.880 0.78 0.76 0.71
v -81.647 1.747 -17.880 0.78 0.76 0.71
v -81.647 1.997 -17.770 0.78 0.76 0.71
v -81.647 2.617 -17.700 0.78 0.76 0.71
v -81.647 2.617 -17.500 0.78 0.76 0.71
v -81.647 1.997 -17.430 0.78 0.76 0.71
v -81.647 1.747 -17.320 0.78 0.76 0.71
v -84.412 1.391 -17.320 0.78 0.76 0.71
v -84.412 1.391 -17.880 0.78 0.76 0.71
v -84.412 1.471 -17.880 0.78 0.76 0.71
v -84.412 1.721 -17.770 0.78 0.76 0.71
v -84.412 2.341 -17.700 0.78 0.76 0.71
v -84.412 2.341 -17.500 0.78 0.76 0.71
v -84.412 1.721 -17.430 0.78 0.76 0.71
v -84.412 1.471 -17.320 0.78 0.76 0.71
v -87.176 1.147 -17.320 0.78 0.76 0.71
v -87.176 1.147 -17.880 0.78 0.76 0.71
v -87.176 1.227 -17.880 0.78 0.76 0.71
v -87.176 1.477 -17.770 0.78 0.76 0.71
v -87.176 2.097 -17.700 0.78 0.76 0.71
v -87.176 2.097 -17.500 0.78 0.76 0.71
v -87.176 1.477 -17.430 0.78 0.76 0.71
v -87.176 1.227 -17.320 0.78 0.76 0.71
v -89.941 0.941 -17.320 0.78 0.76 0.71
v -89.941 0.941 -17.880 0.78 0.76 0.71
v -89.941 1.021 -17.880 0.78 0.76 0.71
v -89.941 1.271 -17.770 0.78 0.76 0.71
v -89.941 1.891 -17.700 0.78 0.76 0.71
v -89.941 1.891 -17.500 0.78 0.76 0.71
v -89.941 1.271 -17.430 0.78 0.76 0.71
v -89.941 1.021 -17.320 0.78 0.76 0.71
v -92.706 0.775 -17.320 0.78 0.76 0.71
v -92.706 0.775 -17.880 0.78 0.76 0.71
v -92.706 0.855 -17.880 0.78 0.76 0.71
v -92.706 1.105 -17.770 0.78 0.76 0.71
v -92.706 1.725 -17.700 0.78 0.76 0.71
v -92.706 1.725 -17.500 0.78 0.76 0.71
v -92.706 1.105 -17.430 0.78 0.76 0.71
v -92.706 0.855 -17.320 0.78 0.76 0.71
v -95.471 0.652 -17.320 0.78 0.76 0.71
v -95.471 0.652 -17.880 0.78 0.76 0.71
v -95.471 0.732 -17.880 0.78 0.76 0.71
v -95.471 0.982 -17.770 0.78 0.76 0.71
v -95.471 1.602 -17.700 0.78 0.76 0.71
v -95.471 1.602 -17.500 0.78 0.76 0.71
v -95.471 0.982 -17.430 0.78 0.76 0.71
v -95.471 0.732 -17.320 0.78 0.76 0.71
v -98.235 0.576 -17.320 0.78 0.76 0.71
v -98.235 0.576 -17.880 0.78 0.76 0.71
v -98.235 0.656 -17.880 0.78 0.76 0.71
v -98.235 0.906 -17.770 0.78 0.76 0.71
v -98.235 1.526 -17.700 0.78 0.76 0.71
v -98.235 1.526 -17.500 0.78 0.76 0.71
v -98.235 0.906 -17.430 0.78 0.76 0.71
v -98.235 0.656 -17.320 0.78 0.76 0.71
v -101.000 0.550 -17.320 0.78 0.76 0.71
v -101.000 0.550 -17.880 0.78 0.76 0.71
v -101.000 0.630 -17.880 0.78 0.76 0.71
v -101.000 0.880 -17.770 0.78 0.76 0.71
v -101.000 1.500 -17.700 0.78 0.76 0.71
v -101.000 1.500 -17.500 0.78 0.76 0.71
v -101.000 0.880 -17.430 0.78 0.76 0.71
v -101.000 0.630 -17.320 0.78 0.76 0.71
v -7.000 10.000 -13.320 0.78 0.76 0.71
v -7.000 10.000 -13.880 0.78 0.76 0.71
v -7.000 10.080 -13.880 0.78 0.76 0.71
v -7.000 10.330 -13.770 0.78 0.76 0.71
v -7.000 10.950 -13.700 0.78 0.76 0.71
v -7.000 10.950 -13.500 0.78 0.76 0.71
v -7.000 10.330 -13.430 0.78 0.76 0.71
v -7.000 10.080 -13.320 0.78 0.76 0.71
v -9.762 10.000 -13.320 0.78 0.76 0.71
v -9.762 10.000 -13.880 0.78 0.76 0.71
v -9.762 10.080 -13.880 0.78 0.76 0.71
v -9.762 10.330 -13.770 0.78 0.76 0.71
v -9.762 10.950 -13.700 0.78 0.76 0.71
v -9.762 10.950 -13.500 0.78 0.76 0.71
v -9.762 10.330 -13.430 0.78 0.76 0.71
v -9.762 10.080 -13.320 0.78 0.76 0.71
v -12.483 9.989 -13.325 0.78 0.76 0.71
v -12.473 9.989 -13.885 0.78 0.76 0.71
v -12.473 10.069 -13.885 0.78 0.76 0.71
v -12.475 10.319 -13.775 0.78 0.76 0.71
v -12.476 10.939 -13.705 0.78 0.76 0.71
v -12.480 10.939 -13.505 0.78 0.76 0.71
v -12.481 10.319 -13.435 0.78 0.76 0.71
v -12.483 10.069 -13.325 0.78 0.76 0.71
v -15.156 9.931 -13.414 0.78 0.76 0.71
v -15.127 9.931 -13.973 0.78 0.76 0.71
v -15.127 10.011 -13.973 0.78 0.76 0.71
v -15.133 10.261 -13.863 0.78 0.76 0.71
v -15.136 10.881 -13.794 0.78 0.76 0.71
v -15.147 10.881 -13.594 0.78 0.76 0.71
v -15.151 10.261 -13.524 0.78 0.76 0.71
v -15.156 10.011 -13.414 0.78 0.76 0.71
v -17.826 9.825 -13.606 0.78 0.76 0.71
v -17.777 9.825 -14.164 0.78 0.76 0.71
v -17.777 9.905 -14.164 0.78 0.76 0.71
v -17.786 10.155 -14.054 0.78 0.76 0.71
v -17.793 10.775 -13.985 0.78 0.76 0.71
v -17.810 10.775 -13.785 0.78 0.76 0.71
v -17.817 10.155 -13.716 0.78 0.76 0.71
v -17.826 9.905 -13.606 0.78 0.76 0.71
v -20.507 9.674 -13.891 0.78 0.76 0.71
v -20.440 9.674 -14.447 0.78 0.76 0.71
v -20.440 9.754 -14.447 0.78 0.76 0.71
v -20.453 10.004 -14.338 0.78 0.76 0.71
v -20.461 10.624 -14.268 0.78 0.76 0.71
v -20.486 10.624 -14.070 0.78 0.76 0.71
v -20.494 10.004 -14.000 0.78 0.76 0.71
v -20.507 9.754 -13.891 0.78 0.76 0.71
v -23.199 9.481 -14.260 0.78 0.76 0.71
v -23.116 9.481 -14.813 0.78 0.76 0.71
v -23.116 9.561 -14.813 0.78 0.76 0.71
v -23.132 9.811 -14.705 0.78 0.76 0.71
v -23.143 10.431 -14.635 0.78 0.76 0.71
v -23.172 10.431 -14.438 0.78 0.76 0.71
v -23.183 9.811 -14.368 0.78 0.76 0.71
v -23.199 9.561 -14.260 0.78 0.76 0.71
v -25.902 9.251 -14.701 0.78 0.76 0.71
v -25.805 9.251 -15.253 0.78 0.76 0.71
v -25.805 9.331 -15.253 0.78 0.76 0.71
v -25.824 9.581 -15.145 0.78 0.76 0.71
v -25.836 10.201 -15.076 0.78 0.76 0.71
v -25.871 10.201 -14.879 0.78 0.76 0.71
v -25.883 9.581 -14.810 0.78 0.76 0.71
v -25.902 9.331 -14.701 0.78 0.76 0.71
v -28.615 8.986 -15.206 0.78 0.76 0.71
v -28.508 8.986 -15.756 0.78 0.76 0.71
v -28.508 9.066 -15.756 0.78 0.76 0.71
v -28.529 9.316 -15.648 0.78 0.76 0.71
v -28.542 9.936 -15.579 0.78 0.76 0.71
v -28.580 9.936 -15.383 0.78 0.76 0.71
v -28.594 9.316 -15.314 0.78 0.76 0.71
v -28.615 9.066 -15.206 0.78 0.76 0.71
v -31.338 8.689 -15.764 0.78 0.76 0.71
v -31.222 8.689 -16.312 0.78 0.76 0.71
v -31.222 8.769 -16.312 0.78 0.76 0.71
v -31.245 9.019 -16.205 0.78 0.76 0.71
v -31.260 9.639 -16.136 0.78 0.76 0.71
v -31.301 9.639 -15.940 0.78 0.76 0.71
v -31.316 9.019 -15.872 0.78 0.76 0.71
v -31.338 8.769 -15.764 0.78 0.76 0.71
v -34.072 8.364 -16.365 0.78 0.76 0.71
v -33.949 8.364 -16.911 0.78 0.76 0.71
v -33.949 8.444 -16.911 0.78 0.76 0.71
v -33.973 8.694 -16.804 0.78 0.76 0.71
v -33.988 9.314 -16.735 0.78 0.76 0.71
v -34.032 9.314 -16.540 0.78 0.76 0.71
v -34.048 8.694 -16.472 0.78 0.76 0.71
v -34.072 8.444 -16.365 0.78 0.76 0.71
v -36.815 8.014 -16.997 0.78 0.76 0.71
v -36.688 8.014 -17.542 0.78 0.76 0.71
v -36.688 8.094 -17.542 0.78 0.76 0.71
v -36.713 8.344 -17.435 0.78 0.76 0.71
v -36.729 8.964 -17.367 0.78 0.76 0.71
v -36.774 8.964 -17.172 0.78 0.76 0.71
v -36.790 8.344 -17.104 0.78 0.76 0.71
v -36.815 8.094 -16.997 0.78 0.76 0.71
v -39.568 7.642 -17.650 0.78 0.76 0.71
v -39.438 7.642 -18.195 0.78 0.76 0.71
v -39.438 7.722 -18.195 0.78 0.76 0.71
v -39.463 7.972 -18.088 0.78 0.76 0.71
v -39.480 8.592 -18.020 0.78 0.76 0.71
v -39.526 8.592 -17.825 0.78 0.76 0.71
v -39.542 7.972 -17.757 0.78 0.76 0.71
v -39.568 7.722 -17.650 0.78 0.76 0.71
v -42.330 7.252 -18.314 0.78 0.76 0.71
v -42.200 7.252 -18.859 0.78 0.76 0.71
v -42.200 7.332 -18.859 0.78 0.76 0.71
v -42.225 7.582 -18.752 0.78 0.76 0.71
v -42.242 8.202 -18.684 0.78 0.76 0.71
v -42.288 8.202 -18.489 0.78 0.76 0.71
v -42.305 7.582 -18.421 0.78 0.76 0.71
v -42.330 7.332 -18.314 0.78 0.76 0.71
v -45.102 6.846 -18.977 0.78 0.76 0.71
v -44.973 6.846 -19.522 0.78 0.76 0.71
v -44.973 6.926 -19.522 0.78 0.76 0.71
v -44.998 7.176 -19.415 0.78 0.76 0.71
v -45.014 7.796 -19.347 0.78 0.76 0.71
v -45.061 7.796 -19.153 0.78 0.76 0.71
v -45.077 7.176 -19.084 0.78 0.76 0.71
v -45.102 6.926 -18.977 0.78 0.76 0.71
v -47.883 6.428 -19.629 0.78 0.76 0.71
v -47.758 6.428 -20.175 0.78 0.76 0.71
v -47.758 6.508 -20.175 0.78 0.76 0.71
v -47.783 6.758 -20.068 0.78 0.76 0.71
v -47.798 7.378 -20.000 0.78 0.76 0.71
v -47.843 7.378 -19.805 0.78 0.76 0.71
v -47.859 6.758 -19.736 0.78 0.76 0.71
v -47.883 6.508 -19.629 0.78 0.76 0.71
v -50.675 6.002 -20.259 0.78 0.76 0.71
v -50.555 6.002 -20.806 0.78 0.76 0.71
v -50.555 6.082 -20.806 0.78 0.76 0.71
v -50.578 6.332 -20.698 0.78 0.76 0.71
v -50.593 6.952 -20.630 0.78 0.76 0.71
v -50.636 6.952 -20.435 0.78 0.76 0.71
v -50.651 6.332 -20.366 0.78 0.76 0.71
v -50.675 6.082 -20.259 0.78 0.76 0.71
v -53.475 5.570 -20.854 0.78 0.76 0.71
v -53.363 5.570 -21.403 0.78 0.76 0.71
v -53.363 5.650 -21.403 0.78 0.76 0.71
v -53.385 5.900 -21.295 0.78 0.76 0.71
v -53.399 6.520 -21.227 0.78 0.76 0.71
v -53.439 6.520 -21.031 0.78 0.76 0.71
v -53.453 5.900 -20.962 0.78 0.76 0.71
v -53.475 5.650 -20.854 0.78 0.76 0.71
v -56.287 5.136 -21.405 0.78 0.76 0.71
v -56.184 5.136 -21.956 0.78 0.76 0.71
v -56.184 5.216 -21.956 0.78 0.76 0.71
v -56.204 5.466 -21.848 0.78 0.76 0.71
v -56.217 6.086 -21.779 0.78 0.76 0.71
v -56.254 6.086 -21.582 0.78 0.76 0.71
v -56.266 5.466 -21.513 0.78 0.76 0.71
v -56.287 5.216 -21.405 0.78 0.76 0.71
v -59.108 4.703 -21.900 0.78 0.76 0.71
v -59.018 4.703 -22.453 0.78 0.76 0.71
v -59.018 4.783 -22.453 0.78 0.76 0.71
v -59.036 5.033 -22.344 0.78 0.76 0.71
v -59.047 5.653 -22.275 0.78 0.76 0.71
v -59.079 5.653 -22.077 0.78 0.76 0.71
v -59.090 5.033 -22.008 0.78 0.76 0.71
v -59.108 4.783 -21.900 0.78 0.76 0.71
v -61.940 4.274 -22.326 0.78 0.76 0.71
v -61.864 4.274 -22.881 0.78 0.76 0.71
v -61.864 4.354 -22.881 0.78 0.76 0.71
v -61.879 4.604 -22.772 0.78 0.76 0.71
v -61.889 5.224 -22.703 0.78 0.76 0.71
v -61.916 5.224 -22.505 0.78 0.76 0.71
v -61.925 4.604 -22.435 0.78 0.76 0.71
v -61.940 4.354 -22.326 0.78 0.76 0.71
v -64.783 3.853 -22.673 0.78 0.76 0.71
v -64.724 3.853 -23.230 0.78 0.76 0.71
v -64.724 3.933 -23.230 0.78 0.76 0.71
v -64.736 4.183 -23.121 0.78 0.76 0.71
v -64.743 4.803 -23.051 0.78 0.76 0.71
v -64.764 4.803 -22.852 0.78 0.76 0.71
v -64.772 4.183 -22.783 0.78 0.76 0.71
v -64.783 3.933 -22.673 0.78 0.76 0.71
v -67.637 3.443 -22.929 0.78 0.76 0.71
v -67.597 3.443 -23.487 0.78 0.76 0.71
v -67.597 3.523 -23.487 0.78 0.76 0.71
v -67.605 3.773 -23.378 0.78 0.76 0.71
v -67.610 4.393 -23.308 0.78 0.76 0.71
v -67.624 4.393 -23.108 0.78 0.76 0.71
v -67.629 3.773 -23.039 0.78 0.76 0.71
v -67.637 3.523 -22.929 0.78 0.76 0.71
v -70.501 3.046 -23.081 0.78 0.76 0.71
v -70.482 3.046 -23.641 0.78 0.76 0.71
v -70.482 3.126 -23.641 0.78 0.76 0.71
v -70.486 3.376 -23.531 0.78 0.76 0.71
v -70.488 3.996 -23.461 0.78 0.76 0.71
v -70.495 3.996 -23.261 0.78 0.76 0.71
v -70.497 3.376 -23.191 0.78 0.76 0.71
v -70.501 3.126 -23.081 0.78 0.76 0.71
v -73.335 2.668 -23.120 0.78 0.76 0.71
v -73.331 2.668 -23.680 0.78 0.76 0.71
v -73.331 2.748 -23.680 0.78 0.76 0.71
v -73.332 2.998 -23.570 0.78 0.76 0.71
v -73.333 3.618 -23.500 0.78 0.76 0.71
v -73.334 3.618 -23.300 0.78 0.76 0.71
v -73.334 2.998 -23.230 0.78 0.76 0.71
v -73.335 2.748 -23.120 0.78 0.76 0.71
v -76.118 2.309 -23.120 0.78 0.76 0.71
v -76.118 2.309 -23.680 0.78 0.76 0.71
v -76.118 2.389 -23.680 0.78 0.76 0.71
v -76.118 2.639 -23.570 0.78 0.76 0.71
v -76.118 3.259 -23.500 0.78 0.76 0.71
v -76.118 3.259 -23.300 0.78 0.76 0.71
v -76.118 2.639 -23.230 0.78 0.76 0.71
v -76.118 2.389 -23.120 0.78 0.76 0.71
v -78.882 1.975 -23.120 0.78 0.76 0.71
v -78.882 1.975 -23.680 0.78 0.76 0.71
v -78.882 2.055 -23.680 0.78 0.76 0.71
v -78.882 2.305 -23.570 0.78 0.76 0.71
v -78.882 2.925 -23.500 0.78 0.76 0.71
v -78.882 2.925 -23.300 0.78 0.76 0.71
v -78.882 2.305 -23.230 0.78 0.76 0.71
v -78.882 2.055 -23.120 0.78 0.76 0.71
v -81.647 1.667 -23.120 0.78 0.76 0.71
v -81.647 1.667 -23.680 0.78 0.76 0.71
v -81.647 1.747 -23.680 0.78 0.76 0.71
v -81.647 1.997 -23.570 0.78 0.76 0.71
v -81.647 2.617 -23.500 0.78 0.76 0.71
v -81.647 2.617 -23.300 0.78 0.76 0.71
v -81.647 1.997 -23.230 0.78 0.76 0.71
v -81.647 1.747 -23.120 0.78 0.76 0.71
v -84.412 1.391 -23.120 0.78 0.76 0.71
v -84.412 1.391 -23.680 0.78 0.76 0.71
v -84.412 1.471 -23.680 0.78 0.76 0.71
v -84.412 1.721 -23.570 0.78 0.76 0.71
v -84.412 2.341 -23.500 0.78 0.76 0.71
v -84.412 2.341 -23.300 0.78 0.76 0.71
v -84.412 1.721 -23.230 0.78 0.76 0.71
v -84.412 1.471 -23.120 0.78 0.76 0.71
v -87.176 1.147 -23.120 0.78 0.76 0.71
v -87.176 1.147 -23.680 0.78 0.76 0.71
v -87.176 1.227 -23.680 0.78 0.76 0.71
v -87.176 1.477 -23.570 0.78 0.76 0.71
v -87.176 2.097 -23.500 0.78 0.76 0.71
v -87.176 2.097 -23.300 0.78 0.76 0.71
v -87.176 1.477 -23.230 0.78 0.76 0.71
v -87.176 1.227 -23.120 0.78 0.76 0.71
v -89.941 0.941 -23.120 0.78 0.76 0.71
v -89.941 0.941 -23.680 0.78 0.76 0.71
v -89.941 1.021 -23.680 0.78 0.76 0.71
v -89.941 1.271 -23.570 0.78 0.76 0.71
v -89.941 1.891 -23.500 0.78 0.76 0.71
v -89.941 1.891 -23.300 0.78 0.76 0.71
v -89.941 1.271 -23.230 0.78 0.76 0.71
v -89.941 1.021 -23.120 0.78 0.76 0.71
v -92.706 0.775 -23.120 0.78 0.76 0.71
v -92.706 0.775 -23.680 0.78 0.76 0.71
v -92.706 0.855 -23.680 0.78 0.76 0.71
v -92.706 1.105 -23.570 0.78 0.76 0.71
v -92.706 1.725 -23.500 0.78 0.76 0.71
v -92.706 1.725 -23.300 0.78 0.76 0.71
v -92.706 1.105 -23.230 0.78 0.76 0.71
v -92.706 0.855 -23.120 0.78 0.76 0.71
v -95.471 0.652 -23.120 0.78 0.76 0.71
v -95.471 0.652 -23.680 0.78 0.76 0.71
v -95.471 0.732 -23.680 0.78 0.76 0.71
v -95.471 0.982 -23.570 0.78 0.76 0.71
v -95.471 1.602 -23.500 0.78 0.76 0.71
v -95.471 1.602 -23.300 0.78 0.76 0.71
v -95.471 0.982 -23.230 0.78 0.76 0.71
v -95.471 0.732 -23.120 0.78 0.76 0.71
v -98.235 0.576 -23.120 0.78 0.76 0.71
v -98.235 0.576 -23.680 0.78 0.76 0.71
v -98.235 0.656 -23.680 0.78 0.76 0.71
v -98.235 0.906 -23.570 0.78 0.76 0.71
v -98.235 1.526 -23.500 0.78 0.76 0.71
v -98.235 1.526 -23.300 0.78 0.76 0.71
v -98.235 0.906 -23.230 0.78 0.76 0.71
v -98.235 0.656 -23.120 0.78 0.76 0.71
v -101.000 0.550 -23.120 0.78 0.76 0.71
v -101.000 0.550 -23.680 0.78 0.76 0.71
v -101.000 0.630 -23.680 0.78 0.76 0.71
v -101.000 0.880 -23.570 0.78 0.76 0.71
v -101.000 1.500 -23.500 0.78 0.76 0.71
v -101.000 1.500 -23.300 0.78 0.76 0.71
v -101.000 0.880 -23.230 0.78 0.76 0.71
v -101.000 0.630 -23.120 0.78 0.76 0.71
v -22.724 0.000 -13.190 0.66 0.64 0.6
v -18.924 0.000 -13.190 0.66 0.64 0.6
v -18.924 0.000 -9.390 0.66 0.64 0.6
v -22.724 0.000 -9.390 0.66 0.64 0.6
v -22.724 0.450 -13.190 0.66 0.64 0.6
v -18.924 0.450 -13.190 0.66 0.64 0.6
v -18.924 0.450 -9.390 0.66 0.64 0.6
v -22.724 0.450 -9.390 0.66 0.64 0.6
v -19.674 0.450 -11.290 0.78 0.76 0.71
v -19.893 0.450 -10.614 0.78 0.76 0.71
v -20.468 0.450 -10.197 0.78 0.76 0.71
v -21.179 0.450 -10.197 0.78 0.76 0.71
v -21.754 0.450 -10.614 0.78 0.76 0.71
v -21.974 0.450 -11.290 0.78 0.76 0.71
v -21.754 0.450 -11.966 0.78 0.76 0.71
v -21.179 0.450 -12.384 0.78 0.76 0.71
v -20.468 0.450 -12.384 0.78 0.76 0.71
v -19.893 0.450 -11.966 0.78 0.76 0.71
v -19.924 8.624 -11.290 0.78 0.76 0.71
v -20.095 8.624 -10.761 0.78 0.76 0.71
v -20.545 8.624 -10.434 0.78 0.76 0.71
v -21.102 8.624 -10.434 0.78 0.76 0.71
v -21.552 8.624 -10.761 0.78 0.76 0.71
v -21.724 8.624 -11.290 0.78 0.76 0.71
v -21.552 8.624 -11.819 0.78 0.76 0.71
v -21.102 8.624 -12.146 0.78 0.76 0.71
v -20.545 8.624 -12.146 0.78 0.76 0.71
v -20.095 8.624 -11.819 0.78 0.76 0.71
v -36.547 0.000 -15.709 0.66 0.64 0.6
v -32.747 0.000 -15.709 0.66 0.64 0.6
v -32.747 0.000 -11.909 0.66 0.64 0.6
v -36.547 0.000 -11.909 0.66 0.64 0.6
v -36.547 0.450 -15.709 0.66 0.64 0.6
v -32.747 0.450 -15.709 0.66 0.64 0.6
v -32.747 0.450 -11.909 0.66 0.64 0.6
v -36.547 0.450 -11.909 0.66 0.64 0.6
v -33.497 0.450 -13.809 0.78 0.76 0.71
v -33.717 0.450 -13.133 0.78 0.76 0.71
v -34.292 0.450 -12.715 0.78 0.76 0.71
v -35.002 0.450 -12.715 0.78 0.76 0.71
v -35.577 0.450 -13.133 0.78 0.76 0.71
v -35.797 0.450 -13.809 0.78 0.76 0.71
v -35.577 0.450 -14.485 0.78 0.76 0.71
v -35.002 0.450 -14.902 0.78 0.76 0.71
v -34.292 0.450 -14.902 0.78 0.76 0.71
v -33.717 0.450 -14.485 0.78 0.76 0.71
v -33.747 7.314 -13.809 0.78 0.76 0.71
v -33.919 7.314 -13.280 0.78 0.76 0.71
v -34.369 7.314 -12.953 0.78 0.76 0.71
v -34.925 7.314 -12.953 0.78 0.76 0.71
v -35.375 7.314 -13.280 0.78 0.76 0.71
v -35.547 7.314 -13.809 0.78 0.76 0.71
v -35.375 7.314 -14.338 0.78 0.76 0.71
v -34.925 7.314 -14.665 0.78 0.76 0.71
v -34.369 7.314 -14.665 0.78 0.76 0.71
v -33.919 7.314 -14.338 0.78 0.76 0.71
v -50.371 0.000 -18.976 0.66 0.64 0.6
v -46.571 0.000 -18.976 0.66 0.64 0.6
v -46.571 0.000 -15.176 0.66 0.64 0.6
v -50.371 0.000 -15.176 0.66 0.64 0.6
v -50.371 0.450 -18.976 0.66 0.64 0.6
v -46.571 0.450 -18.976 0.66 0.64 0.6
v -46.571 0.450 -15.176 0.66 0.64 0.6
v -50.371 0.450 -15.176 0.66 0.64 0.6
v -47.321 0.450 -17.076 0.78 0.76 0.71
v -47.540 0.450 -16.400 0.78 0.76 0.71
v -48.115 0.450 -15.982 0.78 0.76 0.71
v -48.826 0.450 -15.982 0.78 0.76 0.71
v -49.401 0.450 -16.400 0.78 0.76 0.71
v -49.621 0.450 -17.076 0.78 0.76 0.71
v -49.401 0.450 -17.752 0.78 0.76 0.71
v -48.826 0.450 -18.170 0.78 0.76 0.71
v -48.115 0.450 -18.170 0.78 0.76 0.71
v -47.540 0.450 -17.752 0.78 0.76 0.71
v -47.571 5.378 -17.076 0.78 0.76 0.71
v -47.742 5.378 -16.547 0.78 0.76 0.71
v -48.192 5.378 -16.220 0.78 0.76 0.71
v -48.749 5.378 -16.220 0.78 0.76 0.71
v -49.199 5.378 -16.547 0.78 0.76 0.71
v -49.371 5.378 -17.076 0.78 0.76 0.71
v -49.199 5.378 -17.605 0.78 0.76 0.71
v -48.749 5.378 -17.932 0.78 0.76 0.71
v -48.192 5.378 -17.932 0.78 0.76 0.71
v -47.742 5.378 -17.605 0.78 0.76 0.71
v -64.194 0.000 -21.630 0.66 0.64 0.6
v -60.394 0.000 -21.630 0.66 0.64 0.6
v -60.394 0.000 -17.830 0.66 0.64 0.6
v -64.194 0.000 -17.830 0.66 0.64 0.6
v -64.194 0.450 -21.630 0.66 0.64 0.6
v -60.394 0.450 -21.630 0.66 0.64 0.6
v -60.394 0.450 -17.830 0.66 0.64 0.6
v -64.194 0.450 -17.830 0.66 0.64 0.6
v -61.144 0.450 -19.730 0.78 0.76 0.71
v -61.364 0.450 -19.054 0.78 0.76 0.71
v -61.939 0.450 -18.637 0.78 0.76 0.71
v -62.649 0.450 -18.637 0.78 0.76 0.71
v -63.224 0.450 -19.054 0.78 0.76 0.71
v -63.444 0.450 -19.730 0.78 0.76 0.71
v -63.224 0.450 -20.406 0.78 0.76 0.71
v -62.649 0.450 -20.824 0.78 0.76 0.71
v -61.939 0.450 -20.824 0.78 0.76 0.71
v -61.364 0.450 -20.406 0.78 0.76 0.71
v -61.394 3.224 -19.730 0.78 0.76 0.71
v -61.566 3.224 -19.201 0.78 0.76 0.71
v -62.016 3.224 -18.874 0.78 0.76 0.71
v -62.572 3.224 -18.874 0.78 0.76 0.71
v -63.022 3.224 -19.201 0.78 0.76 0.71
v -63.194 3.224 -19.730 0.78 0.76 0.71
v -63.022 3.224 -20.259 0.78 0.76 0.71
v -62.572 3.224 -20.586 0.78 0.76 0.71
v -62.016 3.224 -20.586 0.78 0.76 0.71
v -61.566 3.224 -20.259 0.78 0.76 0.71
v -103.000 10.000 -7.480 0.78 0.76 0.71
v -103.000 10.000 -6.920 0.78 0.76 0.71
v -103.000 10.080 -6.920 0.78 0.76 0.71
v -103.000 10.330 -7.030 0.78 0.76 0.71
v -103.000 11.050 -7.100 0.78 0.76 0.71
v -103.000 11.050 -7.300 0.78 0.76 0.71
v -103.000 10.330 -7.370 0.78 0.76 0.71
v -103.000 10.080 -7.480 0.78 0.76 0.71
v -83.700 10.000 -7.480 0.78 0.76 0.71
v -83.700 10.000 -6.920 0.78 0.76 0.71
v -83.700 10.080 -6.920 0.78 0.76 0.71
v -83.700 10.330 -7.030 0.78 0.76 0.71
v -83.700 11.050 -7.100 0.78 0.76 0.71
v -83.700 11.050 -7.300 0.78 0.76 0.71
v -83.700 10.330 -7.370 0.78 0.76 0.71
v -83.700 10.080 -7.480 0.78 0.76 0.71
v -64.400 10.000 -7.480 0.78 0.76 0.71
v -64.400 10.000 -6.920 0.78 0.76 0.71
v -64.400 10.080 -6.920 0.78 0.76 0.71
v -64.400 10.330 -7.030 0.78 0.76 0.71
v -64.400 11.050 -7.100 0.78 0.76 0.71
v -64.400 11.050 -7.300 0.78 0.76 0.71
v -64.400 10.330 -7.370 0.78 0.76 0.71
v -64.400 10.080 -7.480 0.78 0.76 0.71
v -45.100 10.000 -7.480 0.78 0.76 0.71
v -45.100 10.000 -6.920 0.78 0.76 0.71
v -45.100 10.080 -6.920 0.78 0.76 0.71
v -45.100 10.330 -7.030 0.78 0.76 0.71
v -45.100 11.050 -7.100 0.78 0.76 0.71
v -45.100 11.050 -7.300 0.78 0.76 0.71
v -45.100 10.330 -7.370 0.78 0.76 0.71
v -45.100 10.080 -7.480 0.78 0.76 0.71
v -25.800 10.000 -7.480 0.78 0.76 0.71
v -25.800 10.000 -6.920 0.78 0.76 0.71
v -25.800 10.080 -6.920 0.78 0.76 0.71
v -25.800 10.330 -7.030 0.78 0.76 0.71
v -25.800 11.050 -7.100 0.78 0.76 0.71
v -25.800 11.050 -7.300 0.78 0.76 0.71
v -25.800 10.330 -7.370 0.78 0.76 0.71
v -25.800 10.080 -7.480 0.78 0.76 0.71
v -7.000 10.000 -7.480 0.78 0.76 0.71
v -7.000 10.000 -6.920 0.78 0.76 0.71
v -7.000 10.080 -6.920 0.78 0.76 0.71
v -7.000 10.330 -7.030 0.78 0.76 0.71
v -7.000 11.050 -7.100 0.78 0.76 0.71
v -7.000 11.050 -7.300 0.78 0.76 0.71
v -7.000 10.330 -7.370 0.78 0.76 0.71
v -7.000 10.080 -7.480 0.78 0.76 0.71
v 7.000 10.000 -7.480 0.78 0.76 0.71
v 7.000 10.000 -6.920 0.78 0.76 0.71
v 7.000 10.080 -6.920 0.78 0.76 0.71
v 7.000 10.330 -7.030 0.78 0.76 0.71
v 7.000 11.050 -7.100 0.78 0.76 0.71
v 7.000 11.050 -7.300 0.78 0.76 0.71
v 7.000 10.330 -7.370 0.78 0.76 0.71
v 7.000 10.080 -7.480 0.78 0.76 0.71
v 25.800 10.000 -7.480 0.78 0.76 0.71
v 25.800 10.000 -6.920 0.78 0.76 0.71
v 25.800 10.080 -6.920 0.78 0.76 0.71
v 25.800 10.330 -7.030 0.78 0.76 0.71
v 25.800 11.050 -7.100 0.78 0.76 0.71
v 25.800 11.050 -7.300 0.78 0.76 0.71
v 25.800 10.330 -7.370 0.78 0.76 0.71
v 25.800 10.080 -7.480 0.78 0.76 0.71
v 45.100 10.000 -7.480 0.78 0.76 0.71
v 45.100 10.000 -6.920 0.78 0.76 0.71
v 45.100 10.080 -6.920 0.78 0.76 0.71
v 45.100 10.330 -7.030 0.78 0.76 0.71
v 45.100 11.050 -7.100 0.78 0.76 0.71
v 45.100 11.050 -7.300 0.78 0.76 0.71
v 45.100 10.330 -7.370 0.78 0.76 0.71
v 45.100 10.080 -7.480 0.78 0.76 0.71
v 64.400 10.000 -7.480 0.78 0.76 0.71
v 64.400 10.000 -6.920 0.78 0.76 0.71
v 64.400 10.080 -6.920 0.78 0.76 0.71
v 64.400 10.330 -7.030 0.78 0.76 0.71
v 64.400 11.050 -7.100 0.78 0.76 0.71
v 64.400 11.050 -7.300 0.78 0.76 0.71
v 64.400 10.330 -7.370 0.78 0.76 0.71
v 64.400 10.080 -7.480 0.78 0.76 0.71
v 83.700 10.000 -7.480 0.78 0.76 0.71
v 83.700 10.000 -6.920 0.78 0.76 0.71
v 83.700 10.080 -6.920 0.78 0.76 0.71
v 83.700 10.330 -7.030 0.78 0.76 0.71
v 83.700 11.050 -7.100 0.78 0.76 0.71
v 83.700 11.050 -7.300 0.78 0.76 0.71
v 83.700 10.330 -7.370 0.78 0.76 0.71
v 83.700 10.080 -7.480 0.78 0.76 0.71
v 103.000 10.000 -7.480 0.78 0.76 0.71
v 103.000 10.000 -6.920 0.78 0.76 0.71
v 103.000 10.080 -6.920 0.78 0.76 0.71
v 103.000 10.330 -7.030 0.78 0.76 0.71
v 103.000 11.050 -7.100 0.78 0.76 0.71
v 103.000 11.050 -7.300 0.78 0.76 0.71
v 103.000 10.330 -7.370 0.78 0.76 0.71
v 103.000 10.080 -7.480 0.78 0.76 0.71
v -103.000 10.000 6.920 0.78 0.76 0.71
v -103.000 10.000 7.480 0.78 0.76 0.71
v -103.000 10.080 7.480 0.78 0.76 0.71
v -103.000 10.330 7.370 0.78 0.76 0.71
v -103.000 11.050 7.300 0.78 0.76 0.71
v -103.000 11.050 7.100 0.78 0.76 0.71
v -103.000 10.330 7.030 0.78 0.76 0.71
v -103.000 10.080 6.920 0.78 0.76 0.71
v -80.111 10.000 6.920 0.78 0.76 0.71
v -80.111 10.000 7.480 0.78 0.76 0.71
v -80.111 10.080 7.480 0.78 0.76 0.71
v -80.111 10.330 7.370 0.78 0.76 0.71
v -80.111 11.050 7.300 0.78 0.76 0.71
v -80.111 11.050 7.100 0.78 0.76 0.71
v -80.111 10.330 7.030 0.78 0.76 0.71
v -80.111 10.080 6.920 0.78 0.76 0.71
v -57.222 10.000 6.920 0.78 0.76 0.71
v -57.222 10.000 7.480 0.78 0.76 0.71
v -57.222 10.080 7.480 0.78 0.76 0.71
v -57.222 10.330 7.370 0.78 0.76 0.71
v -57.222 11.050 7.300 0.78 0.76 0.71
v -57.222 11.050 7.100 0.78 0.76 0.71
v -57.222 10.330 7.030 0.78 0.76 0.71
v -57.222 10.080 6.920 0.78 0.76 0.71
v -34.333 10.000 6.920 0.78 0.76 0.71
v -34.333 10.000 7.480 0.78 0.76 0.71
v -34.333 10.080 7.480 0.78 0.76 0.71
v -34.333 10.330 7.370 0.78 0.76 0.71
v -34.333 11.050 7.300 0.78 0.76 0.71
v -34.333 11.050 7.100 0.78 0.76 0.71
v -34.333 10.330 7.030 0.78 0.76 0.71
v -34.333 10.080 6.920 0.78 0.76 0.71
v -11.444 10.000 6.920 0.78 0.76 0.71
v -11.444 10.000 7.480 0.78 0.76 0.71
v -11.444 10.080 7.480 0.78 0.76 0.71
v -11.444 10.330 7.370 0.78 0.76 0.71
v -11.444 11.050 7.300 0.78 0.76 0.71
v -11.444 11.050 7.100 0.78 0.76 0.71
v -11.444 10.330 7.030 0.78 0.76 0.71
v -11.444 10.080 6.920 0.78 0.76 0.71
v 11.444 10.000 6.920 0.78 0.76 0.71
v 11.444 10.000 7.480 0.78 0.76 0.71
v 11.444 10.080 7.480 0.78 0.76 0.71
v 11.444 10.330 7.370 0.78 0.76 0.71
v 11.444 11.050 7.300 0.78 0.76 0.71
v 11.444 11.050 7.100 0.78 0.76 0.71
v 11.444 10.330 7.030 0.78 0.76 0.71
v 11.444 10.080 6.920 0.78 0.76 0.71
v 34.333 10.000 6.920 0.78 0.76 0.71
v 34.333 10.000 7.480 0.78 0.76 0.71
v 34.333 10.080 7.480 0.78 0.76 0.71
v 34.333 10.330 7.370 0.78 0.76 0.71
v 34.333 11.050 7.300 0.78 0.76 0.71
v 34.333 11.050 7.100 0.78 0.76 0.71
v 34.333 10.330 7.030 0.78 0.76 0.71
v 34.333 10.080 6.920 0.78 0.76 0.71
v 57.222 10.000 6.920 0.78 0.76 0.71
v 57.222 10.000 7.480 0.78 0.76 0.71
v 57.222 10.080 7.480 0.78 0.76 0.71
v 57.222 10.330 7.370 0.78 0.76 0.71
v 57.222 11.050 7.300 0.78 0.76 0.71
v 57.222 11.050 7.100 0.78 0.76 0.71
v 57.222 10.330 7.030 0.78 0.76 0.71
v 57.222 10.080 6.920 0.78 0.76 0.71
v 80.111 10.000 6.920 0.78 0.76 0.71
v 80.111 10.000 7.480 0.78 0.76 0.71
v 80.111 10.080 7.480 0.78 0.76 0.71
v 80.111 10.330 7.370 0.78 0.76 0.71
v 80.111 11.050 7.300 0.78 0.76 0.71
v 80.111 11.050 7.100 0.78 0.76 0.71
v 80.111 10.330 7.030 0.78 0.76 0.71
v 80.111 10.080 6.920 0.78 0.76 0.71
v 103.000 10.000 6.920 0.78 0.76 0.71
v 103.000 10.000 7.480 0.78 0.76 0.71
v 103.000 10.080 7.480 0.78 0.76 0.71
v 103.000 10.330 7.370 0.78 0.76 0.71
v 103.000 11.050 7.300 0.78 0.76 0.71
v 103.000 11.050 7.100 0.78 0.76 0.71
v 103.000 10.330 7.030 0.78 0.76 0.71
v 103.000 10.080 6.920 0.78 0.76 0.71
v -103.000 10.000 -0.280 0.66 0.64 0.6
v -103.000 10.000 0.280 0.66 0.64 0.6
v -103.000 10.080 0.280 0.66 0.64 0.6
v -103.000 10.330 0.170 0.66 0.64 0.6
v -103.000 10.900 0.100 0.66 0.64 0.6
v -103.000 10.900 -0.100 0.66 0.64 0.6
v -103.000 10.330 -0.170 0.66 0.64 0.6
v -103.000 10.080 -0.280 0.66 0.64 0.6
v -80.111 10.000 -0.280 0.66 0.64 0.6
v -80.111 10.000 0.280 0.66 0.64 0.6
v -80.111 10.080 0.280 0.66 0.64 0.6
v -80.111 10.330 0.170 0.66 0.64 0.6
v -80.111 10.900 0.100 0.66 0.64 0.6
v -80.111 10.900 -0.100 0.66 0.64 0.6
v -80.111 10.330 -0.170 0.66 0.64 0.6
v -80.111 10.080 -0.280 0.66 0.64 0.6
v -57.222 10.000 -0.280 0.66 0.64 0.6
v -57.222 10.000 0.280 0.66 0.64 0.6
v -57.222 10.080 0.280 0.66 0.64 0.6
v -57.222 10.330 0.170 0.66 0.64 0.6
v -57.222 10.900 0.100 0.66 0.64 0.6
v -57.222 10.900 -0.100 0.66 0.64 0.6
v -57.222 10.330 -0.170 0.66 0.64 0.6
v -57.222 10.080 -0.280 0.66 0.64 0.6
v -34.333 10.000 -0.280 0.66 0.64 0.6
v -34.333 10.000 0.280 0.66 0.64 0.6
v -34.333 10.080 0.280 0.66 0.64 0.6
v -34.333 10.330 0.170 0.66 0.64 0.6
v -34.333 10.900 0.100 0.66 0.64 0.6
v -34.333 10.900 -0.100 0.66 0.64 0.6
v -34.333 10.330 -0.170 0.66 0.64 0.6
v -34.333 10.080 -0.280 0.66 0.64 0.6
v -11.444 10.000 -0.280 0.66 0.64 0.6
v -11.444 10.000 0.280 0.66 0.64 0.6
v -11.444 10.080 0.280 0.66 0.64 0.6
v -11.444 10.330 0.170 0.66 0.64 0.6
v -11.444 10.900 0.100 0.66 0.64 0.6
v -11.444 10.900 -0.100 0.66 0.64 0.6
v -11.444 10.330 -0.170 0.66 0.64 0.6
v -11.444 10.080 -0.280 0.66 0.64 0.6
v 11.444 10.000 -0.280 0.66 0.64 0.6
v 11.444 10.000 0.280 0.66 0.64 0.6
v 11.444 10.080 0.280 0.66 0.64 0.6
v 11.444 10.330 0.170 0.66 0.64 0.6
v 11.444 10.900 0.100 0.66 0.64 0.6
v 11.444 10.900 -0.100 0.66 0.64 0.6
v 11.444 10.330 -0.170 0.66 0.64 0.6
v 11.444 10.080 -0.280 0.66 0.64 0.6
v 34.333 10.000 -0.280 0.66 0.64 0.6
v 34.333 10.000 0.280 0.66 0.64 0.6
v 34.333 10.080 0.280 0.66 0.64 0.6
v 34.333 10.330 0.170 0.66 0.64 0.6
v 34.333 10.900 0.100 0.66 0.64 0.6
v 34.333 10.900 -0.100 0.66 0.64 0.6
v 34.333 10.330 -0.170 0.66 0.64 0.6
v 34.333 10.080 -0.280 0.66 0.64 0.6
v 57.222 10.000 -0.280 0.66 0.64 0.6
v 57.222 10.000 0.280 0.66 0.64 0.6
v 57.222 10.080 0.280 0.66 0.64 0.6
v 57.222 10.330 0.170 0.66 0.64 0.6
v 57.222 10.900 0.100 0.66 0.64 0.6
v 57.222 10.900 -0.100 0.66 0.64 0.6
v 57.222 10.330 -0.170 0.66 0.64 0.6
v 57.222 10.080 -0.280 0.66 0.64 0.6
v 80.111 10.000 -0.280 0.66 0.64 0.6
v 80.111 10.000 0.280 0.66 0.64 0.6
v 80.111 10.080 0.280 0.66 0.64 0.6
v 80.111 10.330 0.170 0.66 0.64 0.6
v 80.111 10.900 0.100 0.66 0.64 0.6
v 80.111 10.900 -0.100 0.66 0.64 0.6
v 80.111 10.330 -0.170 0.66 0.64 0.6
v 80.111 10.080 -0.280 0.66 0.64 0.6
v 103.000 10.000 -0.280 0.66 0.64 0.6
v 103.000 10.000 0.280 0.66 0.64 0.6
v 103.000 10.080 0.280 0.66 0.64 0.6
v 103.000 10.330 0.170 0.66 0.64 0.6
v 103.000 10.900 0.100 0.66 0.64 0.6
v 103.000 10.900 -0.100 0.66 0.64 0.6
v 103.000 10.330 -0.170 0.66 0.64 0.6
v 103.000 10.080 -0.280 0.66 0.64 0.6
v -102.000 10.020 -3.500 0.9 0.9 0.88
v -79.333 10.020 -3.500 0.9 0.9 0.88
v -79.333 10.020 -3.300 0.9 0.9 0.88
v -102.000 10.020 -3.300 0.9 0.9 0.88
v -102.000 10.040 -3.500 0.9 0.9 0.88
v -79.333 10.040 -3.500 0.9 0.9 0.88
v -79.333 10.040 -3.300 0.9 0.9 0.88
v -102.000 10.040 -3.300 0.9 0.9 0.88
v -79.333 10.020 -3.500 0.9 0.9 0.88
v -56.667 10.020 -3.500 0.9 0.9 0.88
v -56.667 10.020 -3.300 0.9 0.9 0.88
v -79.333 10.020 -3.300 0.9 0.9 0.88
v -79.333 10.040 -3.500 0.9 0.9 0.88
v -56.667 10.040 -3.500 0.9 0.9 0.88
v -56.667 10.040 -3.300 0.9 0.9 0.88
v -79.333 10.040 -3.300 0.9 0.9 0.88
v -56.667 10.020 -3.500 0.9 0.9 0.88
v -34.000 10.020 -3.500 0.9 0.9 0.88
v -34.000 10.020 -3.300 0.9 0.9 0.88
v -56.667 10.020 -3.300 0.9 0.9 0.88
v -56.667 10.040 -3.500 0.9 0.9 0.88
v -34.000 10.040 -3.500 0.9 0.9 0.88
v -34.000 10.040 -3.300 0.9 0.9 0.88
v -56.667 10.040 -3.300 0.9 0.9 0.88
v -34.000 10.020 -3.500 0.9 0.9 0.88
v -11.333 10.020 -3.500 0.9 0.9 0.88
v -11.333 10.020 -3.300 0.9 0.9 0.88
v -34.000 10.020 -3.300 0.9 0.9 0.88
v -34.000 10.040 -3.500 0.9 0.9 0.88
v -11.333 10.040 -3.500 0.9 0.9 0.88
v -11.333 10.040 -3.300 0.9 0.9 0.88
v -34.000 10.040 -3.300 0.9 0.9 0.88
v -11.333 10.020 -3.500 0.9 0.9 0.88
v 11.333 10.020 -3.500 0.9 0.9 0.88
v 11.333 10.020 -3.300 0.9 0.9 0.88
v -11.333 10.020 -3.300 0.9 0.9 0.88
v -11.333 10.040 -3.500 0.9 0.9 0.88
v 11.333 10.040 -3.500 0.9 0.9 0.88
v 11.333 10.040 -3.300 0.9 0.9 0.88
v -11.333 10.040 -3.300 0.9 0.9 0.88
v 11.333 10.020 -3.500 0.9 0.9 0.88
v 34.000 10.020 -3.500 0.9 0.9 0.88
v 34.000 10.020 -3.300 0.9 0.9 0.88
v 11.333 10.020 -3.300 0.9 0.9 0.88
v 11.333 10.040 -3.500 0.9 0.9 0.88
v 34.000 10.040 -3.500 0.9 0.9 0.88
v 34.000 10.040 -3.300 0.9 0.9 0.88
v 11.333 10.040 -3.300 0.9 0.9 0.88
v 34.000 10.020 -3.500 0.9 0.9 0.88
v 56.667 10.020 -3.500 0.9 0.9 0.88
v 56.667 10.020 -3.300 0.9 0.9 0.88
v 34.000 10.020 -3.300 0.9 0.9 0.88
v 34.000 10.040 -3.500 0.9 0.9 0.88
v 56.667 10.040 -3.500 0.9 0.9 0.88
v 56.667 10.040 -3.300 0.9 0.9 0.88
v 34.000 10.040 -3.300 0.9 0.9 0.88
v 56.667 10.020 -3.500 0.9 0.9 0.88
v 79.333 10.020 -3.500 0.9 0.9 0.88
v 79.333 10.020 -3.300 0.9 0.9 0.88
v 56.667 10.020 -3.300 0.9 0.9 0.88
v 56.667 10.040 -3.500 0.9 0.9 0.88
v 79.333 10.040 -3.500 0.9 0.9 0.88
v 79.333 10.040 -3.300 0.9 0.9 0.88
v 56.667 10.040 -3.300 0.9 0.9 0.88
v 79.333 10.020 -3.500 0.9 0.9 0.88
v 102.000 10.020 -3.500 0.9 0.9 0.88
v 102.000 10.020 -3.300 0.9 0.9 0.88
v 79.333 10.020 -3.300 0.9 0.9 0.88
v 79.333 10.040 -3.500 0.9 0.9 0.88
v 102.000 10.040 -3.500 0.9 0.9 0.88
v 102.000 10.040 -3.300 0.9 0.9 0.88
v 79.333 10.040 -3.300 0.9 0.9 0.88
v -102.000 10.020 3.300 0.9 0.9 0.88
v -79.333 10.020 3.300 0.9 0.9 0.88
v -79.333 10.020 3.500 0.9 0.9 0.88
v -102.000 10.020 3.500 0.9 0.9 0.88
v -102.000 10.040 3.300 0.9 0.9 0.88
v -79.333 10.040 3.300 0.9 0.9 0.88
v -79.333 10.040 3.500 0.9 0.9 0.88
v -102.000 10.040 3.500 0.9 0.9 0.88
v -79.333 10.020 3.300 0.9 0.9 0.88
v -56.667 10.020 3.300 0.9 0.9 0.88
v -56.667 10.020 3.500 0.9 0.9 0.88
v -79.333 10.020 3.500 0.9 0.9 0.88
v -79.333 10.040 3.300 0.9 0.9 0.88
v -56.667 10.040 3.300 0.9 0.9 0.88
v -56.667 10.040 3.500 0.9 0.9 0.88
v -79.333 10.040 3.500 0.9 0.9 0.88
v -56.667 10.020 3.300 0.9 0.9 0.88
v -34.000 10.020 3.300 0.9 0.9 0.88
v -34.000 10.020 3.500 0.9 0.9 0.88
v -56.667 10.020 3.500 0.9 0.9 0.88
v -56.667 10.040 3.300 0.9 0.9 0.88
v -34.000 10.040 3.300 0.9 0.9 0.88
v -34.000 10.040 3.500 0.9 0.9 0.88
v -56.667 10.040 3.500 0.9 0.9 0.88
v -34.000 10.020 3.300 0.9 0.9 0.88
v -11.333 10.020 3.300 0.9 0.9 0.88
v -11.333 10.020 3.500 0.9 0.9 0.88
v -34.000 10.020 3.500 0.9 0.9 0.88
v -34.000 10.040 3.300 0.9 0.9 0.88
v -11.333 10.040 3.300 0.9 0.9 0.88
v -11.333 10.040 3.500 0.9 0.9 0.88
v -34.000 10.040 3.500 0.9 0.9 0.88
v -11.333 10.020 3.300 0.9 0.9 0.88
v 11.333 10.020 3.300 0.9 0.9 0.88
v 11.333 10.020 3.500 0.9 0.9 0.88
v -11.333 10.020 3.500 0.9 0.9 0.88
v -11.333 10.040 3.300 0.9 0.9 0.88
v 11.333 10.040 3.300 0.9 0.9 0.88
v 11.333 10.040 3.500 0.9 0.9 0.88
v -11.333 10.040 3.500 0.9 0.9 0.88
v 11.333 10.020 3.300 0.9 0.9 0.88
v 34.000 10.020 3.300 0.9 0.9 0.88
v 34.000 10.020 3.500 0.9 0.9 0.88
v 11.333 10.020 3.500 0.9 0.9 0.88
v 11.333 10.040 3.300 0.9 0.9 0.88
v 34.000 10.040 3.300 0.9 0.9 0.88
v 34.000 10.040 3.500 0.9 0.9 0.88
v 11.333 10.040 3.500 0.9 0.9 0.88
v 34.000 10.020 3.300 0.9 0.9 0.88
v 56.667 10.020 3.300 0.9 0.9 0.88
v 56.667 10.020 3.500 0.9 0.9 0.88
v 34.000 10.020 3.500 0.9 0.9 0.88
v 34.000 10.040 3.300 0.9 0.9 0.88
v 56.667 10.040 3.300 0.9 0.9 0.88
v 56.667 10.040 3.500 0.9 0.9 0.88
v 34.000 10.040 3.500 0.9 0.9 0.88
v 56.667 10.020 3.300 0.9 0.9 0.88
v 79.333 10.020 3.300 0.9 0.9 0.88
v 79.333 10.020 3.500 0.9 0.9 0.88
v 56.667 10.020 3.500 0.9 0.9 0.88
v 56.667 10.040 3.300 0.9 0.9 0.88
v 79.333 10.040 3.300 0.9 0.9 0.88
v 79.333 10.040 3.500 0.9 0.9 0.88
v 56.667 10.040 3.500 0.9 0.9 0.88
v 79.333 10.020 3.300 0.9 0.9 0.88
v 102.000 10.020 3.300 0.9 0.9 0.88
v 102.000 10.020 3.500 0.9 0.9 0.88
v 79.333 10.020 3.500 0.9 0.9 0.88
v 79.333 10.040 3.300 0.9 0.9 0.88
v 102.000 10.040 3.300 0.9 0.9 0.88
v 102.000 10.040 3.500 0.9 0.9 0.88
v 79.333 10.040 3.500 0.9 0.9 0.88
v -101.000 10.020 -1.700 0.9 0.9 0.88
v -97.000 10.020 -1.700 0.9 0.9 0.88
v -97.000 10.020 -1.500 0.9 0.9 0.88
v -101.000 10.020 -1.500 0.9 0.9 0.88
v -101.000 10.040 -1.700 0.9 0.9 0.88
v -97.000 10.040 -1.700 0.9 0.9 0.88
v -97.000 10.040 -1.500 0.9 0.9 0.88
v -101.000 10.040 -1.500 0.9 0.9 0.88
v -92.000 10.020 -1.700 0.9 0.9 0.88
v -88.000 10.020 -1.700 0.9 0.9 0.88
v -88.000 10.020 -1.500 0.9 0.9 0.88
v -92.000 10.020 -1.500 0.9 0.9 0.88
v -92.000 10.040 -1.700 0.9 0.9 0.88
v -88.000 10.040 -1.700 0.9 0.9 0.88
v -88.000 10.040 -1.500 0.9 0.9 0.88
v -92.000 10.040 -1.500 0.9 0.9 0.88
v -83.000 10.020 -1.700 0.9 0.9 0.88
v -79.000 10.020 -1.700 0.9 0.9 0.88
v -79.000 10.020 -1.500 0.9 0.9 0.88
v -83.000 10.020 -1.500 0.9 0.9 0.88
v -83.000 10.040 -1.700 0.9 0.9 0.88
v -79.000 10.040 -1.700 0.9 0.9 0.88
v -79.000 10.040 -1.500 0.9 0.9 0.88
v -83.000 10.040 -1.500 0.9 0.9 0.88
v -74.000 10.020 -1.700 0.9 0.9 0.88
v -70.000 10.020 -1.700 0.9 0.9 0.88
v -70.000 10.020 -1.500 0.9 0.9 0.88
v -74.000 10.020 -1.500 0.9 0.9 0.88
v -74.000 10.040 -1.700 0.9 0.9 0.88
v -70.000 10.040 -1.700 0.9 0.9 0.88
v -70.000 10.040 -1.500 0.9 0.9 0.88
v -74.000 10.040 -1.500 0.9 0.9 0.88
v -65.000 10.020 -1.700 0.9 0.9 0.88
v -61.000 10.020 -1.700 0.9 0.9 0.88
v -61.000 10.020 -1.500 0.9 0.9 0.88
v -65.000 10.020 -1.500 0.9 0.9 0.88
v -65.000 10.040 -1.700 0.9 0.9 0.88
v -61.000 10.040 -1.700 0.9 0.9 0.88
v -61.000 10.040 -1.500 0.9 0.9 0.88
v -65.000 10.040 -1.500 0.9 0.9 0.88
v -56.000 10.020 -1.700 0.9 0.9 0.88
v -52.000 10.020 -1.700 0.9 0.9 0.88
v -52.000 10.020 -1.500 0.9 0.9 0.88
v -56.000 10.020 -1.500 0.9 0.9 0.88
v -56.000 10.040 -1.700 0.9 0.9 0.88
v -52.000 10.040 -1.700 0.9 0.9 0.88
v -52.000 10.040 -1.500 0.9 0.9 0.88
v -56.000 10.040 -1.500 0.9 0.9 0.88
v -47.000 10.020 -1.700 0.9 0.9 0.88
v -43.000 10.020 -1.700 0.9 0.9 0.88
v -43.000 10.020 -1.500 0.9 0.9 0.88
v -47.000 10.020 -1.500 0.9 0.9 0.88
v -47.000 10.040 -1.700 0.9 0.9 0.88
v -43.000 10.040 -1.700 0.9 0.9 0.88
v -43.000 10.040 -1.500 0.9 0.9 0.88
v -47.000 10.040 -1.500 0.9 0.9 0.88
v -38.000 10.020 -1.700 0.9 0.9 0.88
v -34.000 10.020 -1.700 0.9 0.9 0.88
v -34.000 10.020 -1.500 0.9 0.9 0.88
v -38.000 10.020 -1.500 0.9 0.9 0.88
v -38.000 10.040 -1.700 0.9 0.9 0.88
v -34.000 10.040 -1.700 0.9 0.9 0.88
v -34.000 10.040 -1.500 0.9 0.9 0.88
v -38.000 10.040 -1.500 0.9 0.9 0.88
v -29.000 10.020 -1.700 0.9 0.9 0.88
v -25.000 10.020 -1.700 0.9 0.9 0.88
v -25.000 10.020 -1.500 0.9 0.9 0.88
v -29.000 10.020 -1.500 0.9 0.9 0.88
v -29.000 10.040 -1.700 0.9 0.9 0.88
v -25.000 10.040 -1.700 0.9 0.9 0.88
v -25.000 10.040 -1.500 0.9 0.9 0.88
v -29.000 10.040 -1.500 0.9 0.9 0.88
v -20.000 10.020 -1.700 0.9 0.9 0.88
v -16.000 10.020 -1.700 0.9 0.9 0.88
v -16.000 10.020 -1.500 0.9 0.9 0.88
v -20.000 10.020 -1.500 0.9 0.9 0.88
v -20.000 10.040 -1.700 0.9 0.9 0.88
v -16.000 10.040 -1.700 0.9 0.9 0.88
v -16.000 10.040 -1.500 0.9 0.9 0.88
v -20.000 10.040 -1.500 0.9 0.9 0.88
v -11.000 10.020 -1.700 0.9 0.9 0.88
v -7.000 10.020 -1.700 0.9 0.9 0.88
v -7.000 10.020 -1.500 0.9 0.9 0.88
v -11.000 10.020 -1.500 0.9 0.9 0.88
v -11.000 10.040 -1.700 0.9 0.9 0.88
v -7.000 10.040 -1.700 0.9 0.9 0.88
v -7.000 10.040 -1.500 0.9 0.9 0.88
v -11.000 10.040 -1.500 0.9 0.9 0.88
v -2.000 10.020 -1.700 0.9 0.9 0.88
v 2.000 10.020 -1.700 0.9 0.9 0.88
v 2.000 10.020 -1.500 0.9 0.9 0.88
v -2.000 10.020 -1.500 0.9 0.9 0.88
v -2.000 10.040 -1.700 0.9 0.9 0.88
v 2.000 10.040 -1.700 0.9 0.9 0.88
v 2.000 10.040 -1.500 0.9 0.9 0.88
v -2.000 10.040 -1.500 0.9 0.9 0.88
v 7.000 10.020 -1.700 0.9 0.9 0.88
v 11.000 10.020 -1.700 0.9 0.9 0.88
v 11.000 10.020 -1.500 0.9 0.9 0.88
v 7.000 10.020 -1.500 0.9 0.9 0.88
v 7.000 10.040 -1.700 0.9 0.9 0.88
v 11.000 10.040 -1.700 0.9 0.9 0.88
v 11.000 10.040 -1.500 0.9 0.9 0.88
v 7.000 10.040 -1.500 0.9 0.9 0.88
v 16.000 10.020 -1.700 0.9 0.9 0.88
v 20.000 10.020 -1.700 0.9 0.9 0.88
v 20.000 10.020 -1.500 0.9 0.9 0.88
v 16.000 10.020 -1.500 0.9 0.9 0.88
v 16.000 10.040 -1.700 0.9 0.9 0.88
v 20.000 10.040 -1.700 0.9 0.9 0.88
v 20.000 10.040 -1.500 0.9 0.9 0.88
v 16.000 10.040 -1.500 0.9 0.9 0.88
v 25.000 10.020 -1.700 0.9 0.9 0.88
v 29.000 10.020 -1.700 0.9 0.9 0.88
v 29.000 10.020 -1.500 0.9 0.9 0.88
v 25.000 10.020 -1.500 0.9 0.9 0.88
v 25.000 10.040 -1.700 0.9 0.9 0.88
v 29.000 10.040 -1.700 0.9 0.9 0.88
v 29.000 10.040 -1.500 0.9 0.9 0.88
v 25.000 10.040 -1.500 0.9 0.9 0.88
v 34.000 10.020 -1.700 0.9 0.9 0.88
v 38.000 10.020 -1.700 0.9 0.9 0.88
v 38.000 10.020 -1.500 0.9 0.9 0.88
v 34.000 10.020 -1.500 0.9 0.9 0.88
v 34.000 10.040 -1.700 0.9 0.9 0.88
v 38.000 10.040 -1.700 0.9 0.9 0.88
v 38.000 10.040 -1.500 0.9 0.9 0.88
v 34.000 10.040 -1.500 0.9 0.9 0.88
v 43.000 10.020 -1.700 0.9 0.9 0.88
v 47.000 10.020 -1.700 0.9 0.9 0.88
v 47.000 10.020 -1.500 0.9 0.9 0.88
v 43.000 10.020 -1.500 0.9 0.9 0.88
v 43.000 10.040 -1.700 0.9 0.9 0.88
v 47.000 10.040 -1.700 0.9 0.9 0.88
v 47.000 10.040 -1.500 0.9 0.9 0.88
v 43.000 10.040 -1.500 0.9 0.9 0.88
v 52.000 10.020 -1.700 0.9 0.9 0.88
v 56.000 10.020 -1.700 0.9 0.9 0.88
v 56.000 10.020 -1.500 0.9 0.9 0.88
v 52.000 10.020 -1.500 0.9 0.9 0.88
v 52.000 10.040 -1.700 0.9 0.9 0.88
v 56.000 10.040 -1.700 0.9 0.9 0.88
v 56.000 10.040 -1.500 0.9 0.9 0.88
v 52.000 10.040 -1.500 0.9 0.9 0.88
v 61.000 10.020 -1.700 0.9 0.9 0.88
v 65.000 10.020 -1.700 0.9 0.9 0.88
v 65.000 10.020 -1.500 0.9 0.9 0.88
v 61.000 10.020 -1.500 0.9 0.9 0.88
v 61.000 10.040 -1.700 0.9 0.9 0.88
v 65.000 10.040 -1.700 0.9 0.9 0.88
v 65.000 10.040 -1.500 0.9 0.9 0.88
v 61.000 10.040 -1.500 0.9 0.9 0.88
v 70.000 10.020 -1.700 0.9 0.9 0.88
v 74.000 10.020 -1.700 0.9 0.9 0.88
v 74.000 10.020 -1.500 0.9 0.9 0.88
v 70.000 10.020 -1.500 0.9 0.9 0.88
v 70.000 10.040 -1.700 0.9 0.9 0.88
v 74.000 10.040 -1.700 0.9 0.9 0.88
v 74.000 10.040 -1.500 0.9 0.9 0.88
v 70.000 10.040 -1.500 0.9 0.9 0.88
v 79.000 10.020 -1.700 0.9 0.9 0.88
v 83.000 10.020 -1.700 0.9 0.9 0.88
v 83.000 10.020 -1.500 0.9 0.9 0.88
v 79.000 10.020 -1.500 0.9 0.9 0.88
v 79.000 10.040 -1.700 0.9 0.9 0.88
v 83.000 10.040 -1.700 0.9 0.9 0.88
v 83.000 10.040 -1.500 0.9 0.9 0.88
v 79.000 10.040 -1.500 0.9 0.9 0.88
v 88.000 10.020 -1.700 0.9 0.9 0.88
v 92.000 10.020 -1.700 0.9 0.9 0.88
v 92.000 10.020 -1.500 0.9 0.9 0.88
v 88.000 10.020 -1.500 0.9 0.9 0.88
v 88.000 10.040 -1.700 0.9 0.9 0.88
v 92.000 10.040 -1.700 0.9 0.9 0.88
v 92.000 10.040 -1.500 0.9 0.9 0.88
v 88.000 10.040 -1.500 0.9 0.9 0.88
v 97.000 10.020 -1.700 0.9 0.9 0.88
v 101.000 10.020 -1.700 0.9 0.9 0.88
v 101.000 10.020 -1.500 0.9 0.9 0.88
v 97.000 10.020 -1.500 0.9 0.9 0.88
v 97.000 10.040 -1.700 0.9 0.9 0.88
v 101.000 10.040 -1.700 0.9 0.9 0.88
v 101.000 10.040 -1.500 0.9 0.9 0.88
v 97.000 10.040 -1.500 0.9 0.9 0.88
v -101.000 10.020 1.500 0.9 0.9 0.88
v -97.000 10.020 1.500 0.9 0.9 0.88
v -97.000 10.020 1.700 0.9 0.9 0.88
v -101.000 10.020 1.700 0.9 0.9 0.88
v -101.000 10.040 1.500 0.9 0.9 0.88
v -97.000 10.040 1.500 0.9 0.9 0.88
v -97.000 10.040 1.700 0.9 0.9 0.88
v -101.000 10.040 1.700 0.9 0.9 0.88
v -92.000 10.020 1.500 0.9 0.9 0.88
v -88.000 10.020 1.500 0.9 0.9 0.88
v -88.000 10.020 1.700 0.9 0.9 0.88
v -92.000 10.020 1.700 0.9 0.9 0.88
v -92.000 10.040 1.500 0.9 0.9 0.88
v -88.000 10.040 1.500 0.9 0.9 0.88
v -88.000 10.040 1.700 0.9 0.9 0.88
v -92.000 10.040 1.700 0.9 0.9 0.88
v -83.000 10.020 1.500 0.9 0.9 0.88
v -79.000 10.020 1.500 0.9 0.9 0.88
v -79.000 10.020 1.700 0.9 0.9 0.88
v -83.000 10.020 1.700 0.9 0.9 0.88
v -83.000 10.040 1.500 0.9 0.9 0.88
v -79.000 10.040 1.500 0.9 0.9 0.88
v -79.000 10.040 1.700 0.9 0.9 0.88
v -83.000 10.040 1.700 0.9 0.9 0.88
v -74.000 10.020 1.500 0.9 0.9 0.88
v -70.000 10.020 1.500 0.9 0.9 0.88
v -70.000 10.020 1.700 0.9 0.9 0.88
v -74.000 10.020 1.700 0.9 0.9 0.88
v -74.000 10.040 1.500 0.9 0.9 0.88
v -70.000 10.040 1.500 0.9 0.9 0.88
v -70.000 10.040 1.700 0.9 0.9 0.88
v -74.000 10.040 1.700 0.9 0.9 0.88
v -65.000 10.020 1.500 0.9 0.9 0.88
v -61.000 10.020 1.500 0.9 0.9 0.88
v -61.000 10.020 1.700 0.9 0.9 0.88
v -65.000 10.020 1.700 0.9 0.9 0.88
v -65.000 10.040 1.500 0.9 0.9 0.88
v -61.000 10.040 1.500 0.9 0.9 0.88
v -61.000 10.040 1.700 0.9 0.9 0.88
v -65.000 10.040 1.700 0.9 0.9 0.88
v -56.000 10.020 1.500 0.9 0.9 0.88
v -52.000 10.020 1.500 0.9 0.9 0.88
v -52.000 10.020 1.700 0.9 0.9 0.88
v -56.000 10.020 1.700 0.9 0.9 0.88
v -56.000 10.040 1.500 0.9 0.9 0.88
v -52.000 10.040 1.500 0.9 0.9 0.88
v -52.000 10.040 1.700 0.9 0.9 0.88
v -56.000 10.040 1.700 0.9 0.9 0.88
v -47.000 10.020 1.500 0.9 0.9 0.88
v -43.000 10.020 1.500 0.9 0.9 0.88
v -43.000 10.020 1.700 0.9 0.9 0.88
v -47.000 10.020 1.700 0.9 0.9 0.88
v -47.000 10.040 1.500 0.9 0.9 0.88
v -43.000 10.040 1.500 0.9 0.9 0.88
v -43.000 10.040 1.700 0.9 0.9 0.88
v -47.000 10.040 1.700 0.9 0.9 0.88
v -38.000 10.020 1.500 0.9 0.9 0.88
v -34.000 10.020 1.500 0.9 0.9 0.88
v -34.000 10.020 1.700 0.9 0.9 0.88
v -38.000 10.020 1.700 0.9 0.9 0.88
v -38.000 10.040 1.500 0.9 0.9 0.88
v -34.000 10.040 1.500 0.9 0.9 0.88
v -34.000 10.040 1.700 0.9 0.9 0.88
v -38.000 10.040 1.700 0.9 0.9 0.88
v -29.000 10.020 1.500 0.9 0.9 0.88
v -25.000 10.020 1.500 0.9 0.9 0.88
v -25.000 10.020 1.700 0.9 0.9 0.88
v -29.000 10.020 1.700 0.9 0.9 0.88
v -29.000 10.040 1.500 0.9 0.9 0.88
v -25.000 10.040 1.500 0.9 0.9 0.88
v -25.000 10.040 1.700 0.9 0.9 0.88
v -29.000 10.040 1.700 0.9 0.9 0.88
v -20.000 10.020 1.500 0.9 0.9 0.88
v -16.000 10.020 1.500 0.9 0.9 0.88
v -16.000 10.020 1.700 0.9 0.9 0.88
v -20.000 10.020 1.700 0.9 0.9 0.88
v -20.000 10.040 1.500 0.9 0.9 0.88
v -16.000 10.040 1.500 0.9 0.9 0.88
v -16.000 10.040 1.700 0.9 0.9 0.88
v -20.000 10.040 1.700 0.9 0.9 0.88
v -11.000 10.020 1.500 0.9 0.9 0.88
v -7.000 10.020 1.500 0.9 0.9 0.88
v -7.000 10.020 1.700 0.9 0.9 0.88
v -11.000 10.020 1.700 0.9 0.9 0.88
v -11.000 10.040 1.500 0.9 0.9 0.88
v -7.000 10.040 1.500 0.9 0.9 0.88
v -7.000 10.040 1.700 0.9 0.9 0.88
v -11.000 10.040 1.700 0.9 0.9 0.88
v -2.000 10.020 1.500 0.9 0.9 0.88
v 2.000 10.020 1.500 0.9 0.9 0.88
v 2.000 10.020 1.700 0.9 0.9 0.88
v -2.000 10.020 1.700 0.9 0.9 0.88
v -2.000 10.040 1.500 0.9 0.9 0.88
v 2.000 10.040 1.500 0.9 0.9 0.88
v 2.000 10.040 1.700 0.9 0.9 0.88
v -2.000 10.040 1.700 0.9 0.9 0.88
v 7.000 10.020 1.500 0.9 0.9 0.88
v 11.000 10.020 1.500 0.9 0.9 0.88
v 11.000 10.020 1.700 0.9 0.9 0.88
v 7.000 10.020 1.700 0.9 0.9 0.88
v 7.000 10.040 1.500 0.9 0.9 0.88
v 11.000 10.040 1.500 0.9 0.9 0.88
v 11.000 10.040 1.700 0.9 0.9 0.88
v 7.000 10.040 1.700 0.9 0.9 0.88
v 16.000 10.020 1.500 0.9 0.9 0.88
v 20.000 10.020 1.500 0.9 0.9 0.88
v 20.000 10.020 1.700 0.9 0.9 0.88
v 16.000 10.020 1.700 0.9 0.9 0.88
v 16.000 10.040 1.500 0.9 0.9 0.88
v 20.000 10.040 1.500 0.9 0.9 0.88
v 20.000 10.040 1.700 0.9 0.9 0.88
v 16.000 10.040 1.700 0.9 0.9 0.88
v 25.000 10.020 1.500 0.9 0.9 0.88
v 29.000 10.020 1.500 0.9 0.9 0.88
v 29.000 10.020 1.700 0.9 0.9 0.88
v 25.000 10.020 1.700 0.9 0.9 0.88
v 25.000 10.040 1.500 0.9 0.9 0.88
v 29.000 10.040 1.500 0.9 0.9 0.88
v 29.000 10.040 1.700 0.9 0.9 0.88
v 25.000 10.040 1.700 0.9 0.9 0.88
v 34.000 10.020 1.500 0.9 0.9 0.88
v 38.000 10.020 1.500 0.9 0.9 0.88
v 38.000 10.020 1.700 0.9 0.9 0.88
v 34.000 10.020 1.700 0.9 0.9 0.88
v 34.000 10.040 1.500 0.9 0.9 0.88
v 38.000 10.040 1.500 0.9 0.9 0.88
v 38.000 10.040 1.700 0.9 0.9 0.88
v 34.000 10.040 1.700 0.9 0.9 0.88
v 43.000 10.020 1.500 0.9 0.9 0.88
v 47.000 10.020 1.500 0.9 0.9 0.88
v 47.000 10.020 1.700 0.9 0.9 0.88
v 43.000 10.020 1.700 0.9 0.9 0.88
v 43.000 10.040 1.500 0.9 0.9 0.88
v 47.000 10.040 1.500 0.9 0.9 0.88
v 47.000 10.040 1.700 0.9 0.9 0.88
v 43.000 10.040 1.700 0.9 0.9 0.88
v 52.000 10.020 1.500 0.9 0.9 0.88
v 56.000 10.020 1.500 0.9 0.9 0.88
v 56.000 10.020 1.700 0.9 0.9 0.88
v 52.000 10.020 1.700 0.9 0.9 0.88
v 52.000 10.040 1.500 0.9 0.9 0.88
v 56.000 10.040 1.500 0.9 0.9 0.88
v 56.000 10.040 1.700 0.9 0.9 0.88
v 52.000 10.040 1.700 0.9 0.9 0.88
v 61.000 10.020 1.500 0.9 0.9 0.88
v 65.000 10.020 1.500 0.9 0.9 0.88
v 65.000 10.020 1.700 0.9 0.9 0.88
v 61.000 10.020 1.700 0.9 0.9 0.88
v 61.000 10.040 1.500 0.9 0.9 0.88
v 65.000 10.040 1.500 0.9 0.9 0.88
v 65.000 10.040 1.700 0.9 0.9 0.88
v 61.000 10.040 1.700 0.9 0.9 0.88
v 70.000 10.020 1.500 0.9 0.9 0.88
v 74.000 10.020 1.500 0.9 0.9 0.88
v 74.000 10.020 1.700 0.9 0.9 0.88
v 70.000 10.020 1.700 0.9 0.9 0.88
v 70.000 10.040 1.500 0.9 0.9 0.88
v 74.000 10.040 1.500 0.9 0.9 0.88
v 74.000 10.040 1.700 0.9 0.9 0.88
v 70.000 10.040 1.700 0.9 0.9 0.88
v 79.000 10.020 1.500 0.9 0.9 0.88
v 83.000 10.020 1.500 0.9 0.9 0.88
v 83.000 10.020 1.700 0.9 0.9 0.88
v 79.000 10.020 1.700 0.9 0.9 0.88
v 79.000 10.040 1.500 0.9 0.9 0.88
v 83.000 10.040 1.500 0.9 0.9 0.88
v 83.000 10.040 1.700 0.9 0.9 0.88
v 79.000 10.040 1.700 0.9 0.9 0.88
v 88.000 10.020 1.500 0.9 0.9 0.88
v 92.000 10.020 1.500 0.9 0.9 0.88
v 92.000 10.020 1.700 0.9 0.9 0.88
v 88.000 10.020 1.700 0.9 0.9 0.88
v 88.000 10.040 1.500 0.9 0.9 0.88
v 92.000 10.040 1.500 0.9 0.9 0.88
v 92.000 10.040 1.700 0.9 0.9 0.88
v 88.000 10.040 1.700 0.9 0.9 0.88
v 97.000 10.020 1.500 0.9 0.9 0.88
v 101.000 10.020 1.500 0.9 0.9 0.88
v 101.000 10.020 1.700 0.9 0.9 0.88
v 97.000 10.020 1.700 0.9 0.9 0.88
v 97.000 10.040 1.500 0.9 0.9 0.88
v 101.000 10.040 1.500 0.9 0.9 0.88
v 101.000 10.040 1.700 0.9 0.9 0.88
v 97.000 10.040 1.700 0.9 0.9 0.88
v -102.000 10.020 -6.750 0.9 0.9 0.88
v -79.333 10.020 -6.750 0.9 0.9 0.88
v -79.333 10.020 -6.550 0.9 0.9 0.88
v -102.000 10.020 -6.550 0.9 0.9 0.88
v -102.000 10.040 -6.750 0.9 0.9 0.88
v -79.333 10.040 -6.750 0.9 0.9 0.88
v -79.333 10.040 -6.550 0.9 0.9 0.88
v -102.000 10.040 -6.550 0.9 0.9 0.88
v -79.333 10.020 -6.750 0.9 0.9 0.88
v -56.667 10.020 -6.750 0.9 0.9 0.88
v -56.667 10.020 -6.550 0.9 0.9 0.88
v -79.333 10.020 -6.550 0.9 0.9 0.88
v -79.333 10.040 -6.750 0.9 0.9 0.88
v -56.667 10.040 -6.750 0.9 0.9 0.88
v -56.667 10.040 -6.550 0.9 0.9 0.88
v -79.333 10.040 -6.550 0.9 0.9 0.88
v -56.667 10.020 -6.750 0.9 0.9 0.88
v -34.000 10.020 -6.750 0.9 0.9 0.88
v -34.000 10.020 -6.550 0.9 0.9 0.88
v -56.667 10.020 -6.550 0.9 0.9 0.88
v -56.667 10.040 -6.750 0.9 0.9 0.88
v -34.000 10.040 -6.750 0.9 0.9 0.88
v -34.000 10.040 -6.550 0.9 0.9 0.88
v -56.667 10.040 -6.550 0.9 0.9 0.88
v -34.000 10.020 -6.750 0.9 0.9 0.88
v -11.333 10.020 -6.750 0.9 0.9 0.88
v -11.333 10.020 -6.550 0.9 0.9 0.88
v -34.000 10.020 -6.550 0.9 0.9 0.88
v -34.000 10.040 -6.750 0.9 0.9 0.88
v -11.333 10.040 -6.750 0.9 0.9 0.88
v -11.333 10.040 -6.550 0.9 0.9 0.88
v -34.000 10.040 -6.550 0.9 0.9 0.88
v -11.333 10.020 -6.750 0.9 0.9 0.88
v 11.333 10.020 -6.750 0.9 0.9 0.88
v 11.333 10.020 -6.550 0.9 0.9 0.88
v -11.333 10.020 -6.550 0.9 0.9 0.88
v -11.333 10.040 -6.750 0.9 0.9 0.88
v 11.333 10.040 -6.750 0.9 0.9 0.88
v 11.333 10.040 -6.550 0.9 0.9 0.88
v -11.333 10.040 -6.550 0.9 0.9 0.88
v 11.333 10.020 -6.750 0.9 0.9 0.88
v 34.000 10.020 -6.750 0.9 0.9 0.88
v 34.000 10.020 -6.550 0.9 0.9 0.88
v 11.333 10.020 -6.550 0.9 0.9 0.88
v 11.333 10.040 -6.750 0.9 0.9 0.88
v 34.000 10.040 -6.750 0.9 0.9 0.88
v 34.000 10.040 -6.550 0.9 0.9 0.88
v 11.333 10.040 -6.550 0.9 0.9 0.88
v 34.000 10.020 -6.750 0.9 0.9 0.88
v 56.667 10.020 -6.750 0.9 0.9 0.88
v 56.667 10.020 -6.550 0.9 0.9 0.88
v 34.000 10.020 -6.550 0.9 0.9 0.88
v 34.000 10.040 -6.750 0.9 0.9 0.88
v 56.667 10.040 -6.750 0.9 0.9 0.88
v 56.667 10.040 -6.550 0.9 0.9 0.88
v 34.000 10.040 -6.550 0.9 0.9 0.88
v 56.667 10.020 -6.750 0.9 0.9 0.88
v 79.333 10.020 -6.750 0.9 0.9 0.88
v 79.333 10.020 -6.550 0.9 0.9 0.88
v 56.667 10.020 -6.550 0.9 0.9 0.88
v 56.667 10.040 -6.750 0.9 0.9 0.88
v 79.333 10.040 -6.750 0.9 0.9 0.88
v 79.333 10.040 -6.550 0.9 0.9 0.88
v 56.667 10.040 -6.550 0.9 0.9 0.88
v 79.333 10.020 -6.750 0.9 0.9 0.88
v 102.000 10.020 -6.750 0.9 0.9 0.88
v 102.000 10.020 -6.550 0.9 0.9 0.88
v 79.333 10.020 -6.550 0.9 0.9 0.88
v 79.333 10.040 -6.750 0.9 0.9 0.88
v 102.000 10.040 -6.750 0.9 0.9 0.88
v 102.000 10.040 -6.550 0.9 0.9 0.88
v 79.333 10.040 -6.550 0.9 0.9 0.88
v -102.000 10.020 6.550 0.9 0.9 0.88
v -79.333 10.020 6.550 0.9 0.9 0.88
v -79.333 10.020 6.750 0.9 0.9 0.88
v -102.000 10.020 6.750 0.9 0.9 0.88
v -102.000 10.040 6.550 0.9 0.9 0.88
v -79.333 10.040 6.550 0.9 0.9 0.88
v -79.333 10.040 6.750 0.9 0.9 0.88
v -102.000 10.040 6.750 0.9 0.9 0.88
v -79.333 10.020 6.550 0.9 0.9 0.88
v -56.667 10.020 6.550 0.9 0.9 0.88
v -56.667 10.020 6.750 0.9 0.9 0.88
v -79.333 10.020 6.750 0.9 0.9 0.88
v -79.333 10.040 6.550 0.9 0.9 0.88
v -56.667 10.040 6.550 0.9 0.9 0.88
v -56.667 10.040 6.750 0.9 0.9 0.88
v -79.333 10.040 6.750 0.9 0.9 0.88
v -56.667 10.020 6.550 0.9 0.9 0.88
v -34.000 10.020 6.550 0.9 0.9 0.88
v -34.000 10.020 6.750 0.9 0.9 0.88
v -56.667 10.020 6.750 0.9 0.9 0.88
v -56.667 10.040 6.550 0.9 0.9 0.88
v -34.000 10.040 6.550 0.9 0.9 0.88
v -34.000 10.040 6.750 0.9 0.9 0.88
v -56.667 10.040 6.750 0.9 0.9 0.88
v -34.000 10.020 6.550 0.9 0.9 0.88
v -11.333 10.020 6.550 0.9 0.9 0.88
v -11.333 10.020 6.750 0.9 0.9 0.88
v -34.000 10.020 6.750 0.9 0.9 0.88
v -34.000 10.040 6.550 0.9 0.9 0.88
v -11.333 10.040 6.550 0.9 0.9 0.88
v -11.333 10.040 6.750 0.9 0.9 0.88
v -34.000 10.040 6.750 0.9 0.9 0.88
v -11.333 10.020 6.550 0.9 0.9 0.88
v 11.333 10.020 6.550 0.9 0.9 0.88
v 11.333 10.020 6.750 0.9 0.9 0.88
v -11.333 10.020 6.750 0.9 0.9 0.88
v -11.333 10.040 6.550 0.9 0.9 0.88
v 11.333 10.040 6.550 0.9 0.9 0.88
v 11.333 10.040 6.750 0.9 0.9 0.88
v -11.333 10.040 6.750 0.9 0.9 0.88
v 11.333 10.020 6.550 0.9 0.9 0.88
v 34.000 10.020 6.550 0.9 0.9 0.88
v 34.000 10.020 6.750 0.9 0.9 0.88
v 11.333 10.020 6.750 0.9 0.9 0.88
v 11.333 10.040 6.550 0.9 0.9 0.88
v 34.000 10.040 6.550 0.9 0.9 0.88
v 34.000 10.040 6.750 0.9 0.9 0.88
v 11.333 10.040 6.750 0.9 0.9 0.88
v 34.000 10.020 6.550 0.9 0.9 0.88
v 56.667 10.020 6.550 0.9 0.9 0.88
v 56.667 10.020 6.750 0.9 0.9 0.88
v 34.000 10.020 6.750 0.9 0.9 0.88
v 34.000 10.040 6.550 0.9 0.9 0.88
v 56.667 10.040 6.550 0.9 0.9 0.88
v 56.667 10.040 6.750 0.9 0.9 0.88
v 34.000 10.040 6.750 0.9 0.9 0.88
v 56.667 10.020 6.550 0.9 0.9 0.88
v 79.333 10.020 6.550 0.9 0.9 0.88
v 79.333 10.020 6.750 0.9 0.9 0.88
v 56.667 10.020 6.750 0.9 0.9 0.88
v 56.667 10.040 6.550 0.9 0.9 0.88
v 79.333 10.040 6.550 0.9 0.9 0.88
v 79.333 10.040 6.750 0.9 0.9 0.88
v 56.667 10.040 6.750 0.9 0.9 0.88
v 79.333 10.020 6.550 0.9 0.9 0.88
v 102.000 10.020 6.550 0.9 0.9 0.88
v 102.000 10.020 6.750 0.9 0.9 0.88
v 79.333 10.020 6.750 0.9 0.9 0.88
v 79.333 10.040 6.550 0.9 0.9 0.88
v 102.000 10.040 6.550 0.9 0.9 0.88
v 102.000 10.040 6.750 0.9 0.9 0.88
v 79.333 10.040 6.750 0.9 0.9 0.88
v -86.840 0.000 0.000 0.4 0.43 0.46
v -86.887 0.000 0.113 0.4 0.43 0.46
v -87.000 0.000 0.160 0.4 0.43 0.46
v -87.113 0.000 0.113 0.4 0.43 0.46
v -87.160 0.000 0.000 0.4 0.43 0.46
v -87.113 0.000 -0.113 0.4 0.43 0.46
v -87.000 0.000 -0.160 0.4 0.43 0.46
v -86.887 0.000 -0.113 0.4 0.43 0.46
v -86.890 17.500 0.000 0.4 0.43 0.46
v -86.922 17.500 0.078 0.4 0.43 0.46
v -87.000 17.500 0.110 0.4 0.43 0.46
v -87.078 17.500 0.078 0.4 0.43 0.46
v -87.110 17.500 0.000 0.4 0.43 0.46
v -87.078 17.500 -0.078 0.4 0.43 0.46
v -87.000 17.500 -0.110 0.4 0.43 0.46
v -86.922 17.500 -0.078 0.4 0.43 0.46
v -87.090 17.380 -2.600 0.4 0.43 0.46
v -86.910 17.380 -2.600 0.4 0.43 0.46
v -86.910 17.380 0.000 0.4 0.43 0.46
v -87.090 17.380 0.000 0.4 0.43 0.46
v -87.090 17.500 -2.600 0.4 0.43 0.46
v -86.910 17.500 -2.600 0.4 0.43 0.46
v -86.910 17.500 0.000 0.4 0.43 0.46
v -87.090 17.500 0.000 0.4 0.43 0.46
v -87.280 17.160 -2.820 0.98 0.94 0.72
v -86.720 17.160 -2.820 0.98 0.94 0.72
v -86.720 17.160 -2.380 0.98 0.94 0.72
v -87.280 17.160 -2.380 0.98 0.94 0.72
v -87.280 17.440 -2.820 0.98 0.94 0.72
v -86.720 17.440 -2.820 0.98 0.94 0.72
v -86.720 17.440 -2.380 0.98 0.94 0.72
v -87.280 17.440 -2.380 0.98 0.94 0.72
v -87.090 17.380 0.000 0.4 0.43 0.46
v -86.910 17.380 0.000 0.4 0.43 0.46
v -86.910 17.380 2.600 0.4 0.43 0.46
v -87.090 17.380 2.600 0.4 0.43 0.46
v -87.090 17.500 0.000 0.4 0.43 0.46
v -86.910 17.500 0.000 0.4 0.43 0.46
v -86.910 17.500 2.600 0.4 0.43 0.46
v -87.090 17.500 2.600 0.4 0.43 0.46
v -87.280 17.160 2.380 0.98 0.94 0.72
v -86.720 17.160 2.380 0.98 0.94 0.72
v -86.720 17.160 2.820 0.98 0.94 0.72
v -87.280 17.160 2.820 0.98 0.94 0.72
v -87.280 17.440 2.380 0.98 0.94 0.72
v -86.720 17.440 2.380 0.98 0.94 0.72
v -86.720 17.440 2.820 0.98 0.94 0.72
v -87.280 17.440 2.820 0.98 0.94 0.72
v -52.840 0.000 0.000 0.4 0.43 0.46
v -52.887 0.000 0.113 0.4 0.43 0.46
v -53.000 0.000 0.160 0.4 0.43 0.46
v -53.113 0.000 0.113 0.4 0.43 0.46
v -53.160 0.000 0.000 0.4 0.43 0.46
v -53.113 0.000 -0.113 0.4 0.43 0.46
v -53.000 0.000 -0.160 0.4 0.43 0.46
v -52.887 0.000 -0.113 0.4 0.43 0.46
v -52.890 17.500 0.000 0.4 0.43 0.46
v -52.922 17.500 0.078 0.4 0.43 0.46
v -53.000 17.500 0.110 0.4 0.43 0.46
v -53.078 17.500 0.078 0.4 0.43 0.46
v -53.110 17.500 0.000 0.4 0.43 0.46
v -53.078 17.500 -0.078 0.4 0.43 0.46
v -53.000 17.500 -0.110 0.4 0.43 0.46
v -52.922 17.500 -0.078 0.4 0.43 0.46
v -53.090 17.380 -2.600 0.4 0.43 0.46
v -52.910 17.380 -2.600 0.4 0.43 0.46
v -52.910 17.380 0.000 0.4 0.43 0.46
v -53.090 17.380 0.000 0.4 0.43 0.46
v -53.090 17.500 -2.600 0.4 0.43 0.46
v -52.910 17.500 -2.600 0.4 0.43 0.46
v -52.910 17.500 0.000 0.4 0.43 0.46
v -53.090 17.500 0.000 0.4 0.43 0.46
v -53.280 17.160 -2.820 0.98 0.94 0.72
v -52.720 17.160 -2.820 0.98 0.94 0.72
v -52.720 17.160 -2.380 0.98 0.94 0.72
v -53.280 17.160 -2.380 0.98 0.94 0.72
v -53.280 17.440 -2.820 0.98 0.94 0.72
v -52.720 17.440 -2.820 0.98 0.94 0.72
v -52.720 17.440 -2.380 0.98 0.94 0.72
v -53.280 17.440 -2.380 0.98 0.94 0.72
v -53.090 17.380 0.000 0.4 0.43 0.46
v -52.910 17.380 0.000 0.4 0.43 0.46
v -52.910 17.380 2.600 0.4 0.43 0.46
v -53.090 17.380 2.600 0.4 0.43 0.46
v -53.090 17.500 0.000 0.4 0.43 0.46
v -52.910 17.500 0.000 0.4 0.43 0.46
v -52.910 17.500 2.600 0.4 0.43 0.46
v -53.090 17.500 2.600 0.4 0.43 0.46
v -53.280 17.160 2.380 0.98 0.94 0.72
v -52.720 17.160 2.380 0.98 0.94 0.72
v -52.720 17.160 2.820 0.98 0.94 0.72
v -53.280 17.160 2.820 0.98 0.94 0.72
v -53.280 17.440 2.380 0.98 0.94 0.72
v -52.720 17.440 2.380 0.98 0.94 0.72
v -52.720 17.440 2.820 0.98 0.94 0.72
v -53.280 17.440 2.820 0.98 0.94 0.72
v -18.840 0.000 0.000 0.4 0.43 0.46
v -18.887 0.000 0.113 0.4 0.43 0.46
v -19.000 0.000 0.160 0.4 0.43 0.46
v -19.113 0.000 0.113 0.4 0.43 0.46
v -19.160 0.000 0.000 0.4 0.43 0.46
v -19.113 0.000 -0.113 0.4 0.43 0.46
v -19.000 0.000 -0.160 0.4 0.43 0.46
v -18.887 0.000 -0.113 0.4 0.43 0.46
v -18.890 17.500 0.000 0.4 0.43 0.46
v -18.922 17.500 0.078 0.4 0.43 0.46
v -19.000 17.500 0.110 0.4 0.43 0.46
v -19.078 17.500 0.078 0.4 0.43 0.46
v -19.110 17.500 0.000 0.4 0.43 0.46
v -19.078 17.500 -0.078 0.4 0.43 0.46
v -19.000 17.500 -0.110 0.4 0.43 0.46
v -18.922 17.500 -0.078 0.4 0.43 0.46
v -19.090 17.380 -2.600 0.4 0.43 0.46
v -18.910 17.380 -2.600 0.4 0.43 0.46
v -18.910 17.380 0.000 0.4 0.43 0.46
v -19.090 17.380 0.000 0.4 0.43 0.46
v -19.090 17.500 -2.600 0.4 0.43 0.46
v -18.910 17.500 -2.600 0.4 0.43 0.46
v -18.910 17.500 0.000 0.4 0.43 0.46
v -19.090 17.500 0.000 0.4 0.43 0.46
v -19.280 17.160 -2.820 0.98 0.94 0.72
v -18.720 17.160 -2.820 0.98 0.94 0.72
v -18.720 17.160 -2.380 0.98 0.94 0.72
v -19.280 17.160 -2.380 0.98 0.94 0.72
v -19.280 17.440 -2.820 0.98 0.94 0.72
v -18.720 17.440 -2.820 0.98 0.94 0.72
v -18.720 17.440 -2.380 0.98 0.94 0.72
v -19.280 17.440 -2.380 0.98 0.94 0.72
v -19.090 17.380 0.000 0.4 0.43 0.46
v -18.910 17.380 0.000 0.4 0.43 0.46
v -18.910 17.380 2.600 0.4 0.43 0.46
v -19.090 17.380 2.600 0.4 0.43 0.46
v -19.090 17.500 0.000 0.4 0.43 0.46
v -18.910 17.500 0.000 0.4 0.43 0.46
v -18.910 17.500 2.600 0.4 0.43 0.46
v -19.090 17.500 2.600 0.4 0.43 0.46
v -19.280 17.160 2.380 0.98 0.94 0.72
v -18.720 17.160 2.380 0.98 0.94 0.72
v -18.720 17.160 2.820 0.98 0.94 0.72
v -19.280 17.160 2.820 0.98 0.94 0.72
v -19.280 17.440 2.380 0.98 0.94 0.72
v -18.720 17.440 2.380 0.98 0.94 0.72
v -18.720 17.440 2.820 0.98 0.94 0.72
v -19.280 17.440 2.820 0.98 0.94 0.72
v 15.160 0.000 0.000 0.4 0.43 0.46
v 15.113 0.000 0.113 0.4 0.43 0.46
v 15.000 0.000 0.160 0.4 0.43 0.46
v 14.887 0.000 0.113 0.4 0.43 0.46
v 14.840 0.000 0.000 0.4 0.43 0.46
v 14.887 0.000 -0.113 0.4 0.43 0.46
v 15.000 0.000 -0.160 0.4 0.43 0.46
v 15.113 0.000 -0.113 0.4 0.43 0.46
v 15.110 17.500 0.000 0.4 0.43 0.46
v 15.078 17.500 0.078 0.4 0.43 0.46
v 15.000 17.500 0.110 0.4 0.43 0.46
v 14.922 17.500 0.078 0.4 0.43 0.46
v 14.890 17.500 0.000 0.4 0.43 0.46
v 14.922 17.500 -0.078 0.4 0.43 0.46
v 15.000 17.500 -0.110 0.4 0.43 0.46
v 15.078 17.500 -0.078 0.4 0.43 0.46
v 14.910 17.380 -2.600 0.4 0.43 0.46
v 15.090 17.380 -2.600 0.4 0.43 0.46
v 15.090 17.380 0.000 0.4 0.43 0.46
v 14.910 17.380 0.000 0.4 0.43 0.46
v 14.910 17.500 -2.600 0.4 0.43 0.46
v 15.090 17.500 -2.600 0.4 0.43 0.46
v 15.090 17.500 0.000 0.4 0.43 0.46
v 14.910 17.500 0.000 0.4 0.43 0.46
v 14.720 17.160 -2.820 0.98 0.94 0.72
v 15.280 17.160 -2.820 0.98 0.94 0.72
v 15.280 17.160 -2.380 0.98 0.94 0.72
v 14.720 17.160 -2.380 0.98 0.94 0.72
v 14.720 17.440 -2.820 0.98 0.94 0.72
v 15.280 17.440 -2.820 0.98 0.94 0.72
v 15.280 17.440 -2.380 0.98 0.94 0.72
v 14.720 17.440 -2.380 0.98 0.94 0.72
v 14.910 17.380 0.000 0.4 0.43 0.46
v 15.090 17.380 0.000 0.4 0.43 0.46
v 15.090 17.380 2.600 0.4 0.43 0.46
v 14.910 17.380 2.600 0.4 0.43 0.46
v 14.910 17.500 0.000 0.4 0.43 0.46
v 15.090 17.500 0.000 0.4 0.43 0.46
v 15.090 17.500 2.600 0.4 0.43 0.46
v 14.910 17.500 2.600 0.4 0.43 0.46
v 14.720 17.160 2.380 0.98 0.94 0.72
v 15.280 17.160 2.380 0.98 0.94 0.72
v 15.280 17.160 2.820 0.98 0.94 0.72
v 14.720 17.160 2.820 0.98 0.94 0.72
v 14.720 17.440 2.380 0.98 0.94 0.72
v 15.280 17.440 2.380 0.98 0.94 0.72
v 15.280 17.440 2.820 0.98 0.94 0.72
v 14.720 17.440 2.820 0.98 0.94 0.72
v 49.160 0.000 0.000 0.4 0.43 0.46
v 49.113 0.000 0.113 0.4 0.43 0.46
v 49.000 0.000 0.160 0.4 0.43 0.46
v 48.887 0.000 0.113 0.4 0.43 0.46
v 48.840 0.000 0.000 0.4 0.43 0.46
v 48.887 0.000 -0.113 0.4 0.43 0.46
v 49.000 0.000 -0.160 0.4 0.43 0.46
v 49.113 0.000 -0.113 0.4 0.43 0.46
v 49.110 17.500 0.000 0.4 0.43 0.46
v 49.078 17.500 0.078 0.4 0.43 0.46
v 49.000 17.500 0.110 0.4 0.43 0.46
v 48.922 17.500 0.078 0.4 0.43 0.46
v 48.890 17.500 0.000 0.4 0.43 0.46
v 48.922 17.500 -0.078 0.4 0.43 0.46
v 49.000 17.500 -0.110 0.4 0.43 0.46
v 49.078 17.500 -0.078 0.4 0.43 0.46
v 48.910 17.380 -2.600 0.4 0.43 0.46
v 49.090 17.380 -2.600 0.4 0.43 0.46
v 49.090 17.380 0.000 0.4 0.43 0.46
v 48.910 17.380 0.000 0.4 0.43 0.46
v 48.910 17.500 -2.600 0.4 0.43 0.46
v 49.090 17.500 -2.600 0.4 0.43 0.46
v 49.090 17.500 0.000 0.4 0.43 0.46
v 48.910 17.500 0.000 0.4 0.43 0.46
v 48.720 17.160 -2.820 0.98 0.94 0.72
v 49.280 17.160 -2.820 0.98 0.94 0.72
v 49.280 17.160 -2.380 0.98 0.94 0.72
v 48.720 17.160 -2.380 0.98 0.94 0.72
v 48.720 17.440 -2.820 0.98 0.94 0.72
v 49.280 17.440 -2.820 0.98 0.94 0.72
v 49.280 17.440 -2.380 0.98 0.94 0.72
v 48.720 17.440 -2.380 0.98 0.94 0.72
v 48.910 17.380 0.000 0.4 0.43 0.46
v 49.090 17.380 0.000 0.4 0.43 0.46
v 49.090 17.380 2.600 0.4 0.43 0.46
v 48.910 17.380 2.600 0.4 0.43 0.46
v 48.910 17.500 0.000 0.4 0.43 0.46
v 49.090 17.500 0.000 0.4 0.43 0.46
v 49.090 17.500 2.600 0.4 0.43 0.46
v 48.910 17.500 2.600 0.4 0.43 0.46
v 48.720 17.160 2.380 0.98 0.94 0.72
v 49.280 17.160 2.380 0.98 0.94 0.72
v 49.280 17.160 2.820 0.98 0.94 0.72
v 48.720 17.160 2.820 0.98 0.94 0.72
v 48.720 17.440 2.380 0.98 0.94 0.72
v 49.280 17.440 2.380 0.98 0.94 0.72
v 49.280 17.440 2.820 0.98 0.94 0.72
v 48.720 17.440 2.820 0.98 0.94 0.72
v 83.160 0.000 0.000 0.4 0.43 0.46
v 83.113 0.000 0.113 0.4 0.43 0.46
v 83.000 0.000 0.160 0.4 0.43 0.46
v 82.887 0.000 0.113 0.4 0.43 0.46
v 82.840 0.000 0.000 0.4 0.43 0.46
v 82.887 0.000 -0.113 0.4 0.43 0.46
v 83.000 0.000 -0.160 0.4 0.43 0.46
v 83.113 0.000 -0.113 0.4 0.43 0.46
v 83.110 17.500 0.000 0.4 0.43 0.46
v 83.078 17.500 0.078 0.4 0.43 0.46
v 83.000 17.500 0.110 0.4 0.43 0.46
v 82.922 17.500 0.078 0.4 0.43 0.46
v 82.890 17.500 0.000 0.4 0.43 0.46
v 82.922 17.500 -0.078 0.4 0.43 0.46
v 83.000 17.500 -0.110 0.4 0.43 0.46
v 83.078 17.500 -0.078 0.4 0.43 0.46
v 82.910 17.380 -2.600 0.4 0.43 0.46
v 83.090 17.380 -2.600 0.4 0.43 0.46
v 83.090 17.380 0.000 0.4 0.43 0.46
v 82.910 17.380 0.000 0.4 0.43 0.46
v 82.910 17.500 -2.600 0.4 0.43 0.46
v 83.090 17.500 -2.600 0.4 0.43 0.46
v 83.090 17.500 0.000 0.4 0.43 0.46
v 82.910 17.500 0.000 0.4 0.43 0.46
v 82.720 17.160 -2.820 0.98 0.94 0.72
v 83.280 17.160 -2.820 0.98 0.94 0.72
v 83.280 17.160 -2.380 0.98 0.94 0.72
v 82.720 17.160 -2.380 0.98 0.94 0.72
v 82.720 17.440 -2.820 0.98 0.94 0.72
v 83.280 17.440 -2.820 0.98 0.94 0.72
v 83.280 17.440 -2.380 0.98 0.94 0.72
v 82.720 17.440 -2.380 0.98 0.94 0.72
v 82.910 17.380 0.000 0.4 0.43 0.46
v 83.090 17.380 0.000 0.4 0.43 0.46
v 83.090 17.380 2.600 0.4 0.43 0.46
v 82.910 17.380 2.600 0.4 0.43 0.46
v 82.910 17.500 0.000 0.4 0.43 0.46
v 83.090 17.500 0.000 0.4 0.43 0.46
v 83.090 17.500 2.600 0.4 0.43 0.46
v 82.910 17.500 2.600 0.4 0.43 0.46
v 82.720 17.160 2.380 0.98 0.94 0.72
v 83.280 17.160 2.380 0.98 0.94 0.72
v 83.280 17.160 2.820 0.98 0.94 0.72
v 82.720 17.160 2.820 0.98 0.94 0.72
v 82.720 17.440 2.380 0.98 0.94 0.72
v 83.280 17.440 2.380 0.98 0.94 0.72
v 83.280 17.440 2.820 0.98 0.94 0.72
v 82.720 17.440 2.820 0.98 0.94 0.72
v -88.150 10.360 -6.120 0.87 0.88 0.89
v -83.850 10.360 -6.120 0.87 0.88 0.89
v -83.850 10.760 -6.120 0.87 0.88 0.89
v -84.550 10.800 -6.120 0.87 0.88 0.89
v -85.100 11.420 -6.120 0.87 0.88 0.89
v -86.800 11.460 -6.120 0.87 0.88 0.89
v -87.400 10.820 -6.120 0.87 0.88 0.89
v -88.150 10.760 -6.120 0.87 0.88 0.89
v -88.150 10.360 -4.280 0.87 0.88 0.89
v -83.850 10.360 -4.280 0.87 0.88 0.89
v -83.850 10.760 -4.280 0.87 0.88 0.89
v -84.550 10.800 -4.280 0.87 0.88 0.89
v -85.100 11.420 -4.280 0.87 0.88 0.89
v -86.800 11.460 -4.280 0.87 0.88 0.89
v -87.400 10.820 -4.280 0.87 0.88 0.89
v -88.150 10.760 -4.280 0.87 0.88 0.89
v -84.700 10.820 -6.000 0.26 0.33 0.39
v -85.080 11.420 -6.000 0.26 0.33 0.39
v -86.780 11.460 -6.000 0.26 0.33 0.39
v -87.280 10.860 -6.000 0.26 0.33 0.39
v -84.700 10.820 -4.400 0.26 0.33 0.39
v -85.080 11.420 -4.400 0.26 0.33 0.39
v -86.780 11.460 -4.400 0.26 0.33 0.39
v -87.280 10.860 -4.400 0.26 0.33 0.39
v -87.090 10.390 -6.150 0.13 0.13 0.14
v -87.153 10.584 -6.150 0.13 0.13 0.14
v -87.318 10.704 -6.150 0.13 0.13 0.14
v -87.522 10.704 -6.150 0.13 0.13 0.14
v -87.687 10.584 -6.150 0.13 0.13 0.14
v -87.750 10.390 -6.150 0.13 0.13 0.14
v -87.687 10.196 -6.150 0.13 0.13 0.14
v -87.522 10.076 -6.150 0.13 0.13 0.14
v -87.318 10.076 -6.150 0.13 0.13 0.14
v -87.153 10.196 -6.150 0.13 0.13 0.14
v -87.090 10.390 -5.970 0.13 0.13 0.14
v -87.153 10.584 -5.970 0.13 0.13 0.14
v -87.318 10.704 -5.970 0.13 0.13 0.14
v -87.522 10.704 -5.970 0.13 0.13 0.14
v -87.687 10.584 -5.970 0.13 0.13 0.14
v -87.750 10.390 -5.970 0.13 0.13 0.14
v -87.687 10.196 -5.970 0.13 0.13 0.14
v -87.522 10.076 -5.970 0.13 0.13 0.14
v -87.318 10.076 -5.970 0.13 0.13 0.14
v -87.153 10.196 -5.970 0.13 0.13 0.14
v -87.090 10.390 -4.430 0.13 0.13 0.14
v -87.153 10.584 -4.430 0.13 0.13 0.14
v -87.318 10.704 -4.430 0.13 0.13 0.14
v -87.522 10.704 -4.430 0.13 0.13 0.14
v -87.687 10.584 -4.430 0.13 0.13 0.14
v -87.750 10.390 -4.430 0.13 0.13 0.14
v -87.687 10.196 -4.430 0.13 0.13 0.14
v -87.522 10.076 -4.430 0.13 0.13 0.14
v -87.318 10.076 -4.430 0.13 0.13 0.14
v -87.153 10.196 -4.430 0.13 0.13 0.14
v -87.090 10.390 -4.250 0.13 0.13 0.14
v -87.153 10.584 -4.250 0.13 0.13 0.14
v -87.318 10.704 -4.250 0.13 0.13 0.14
v -87.522 10.704 -4.250 0.13 0.13 0.14
v -87.687 10.584 -4.250 0.13 0.13 0.14
v -87.750 10.390 -4.250 0.13 0.13 0.14
v -87.687 10.196 -4.250 0.13 0.13 0.14
v -87.522 10.076 -4.250 0.13 0.13 0.14
v -87.318 10.076 -4.250 0.13 0.13 0.14
v -87.153 10.196 -4.250 0.13 0.13 0.14
v -84.250 10.390 -6.150 0.13 0.13 0.14
v -84.313 10.584 -6.150 0.13 0.13 0.14
v -84.478 10.704 -6.150 0.13 0.13 0.14
v -84.682 10.704 -6.150 0.13 0.13 0.14
v -84.847 10.584 -6.150 0.13 0.13 0.14
v -84.910 10.390 -6.150 0.13 0.13 0.14
v -84.847 10.196 -6.150 0.13 0.13 0.14
v -84.682 10.076 -6.150 0.13 0.13 0.14
v -84.478 10.076 -6.150 0.13 0.13 0.14
v -84.313 10.196 -6.150 0.13 0.13 0.14
v -84.250 10.390 -5.970 0.13 0.13 0.14
v -84.313 10.584 -5.970 0.13 0.13 0.14
v -84.478 10.704 -5.970 0.13 0.13 0.14
v -84.682 10.704 -5.970 0.13 0.13 0.14
v -84.847 10.584 -5.970 0.13 0.13 0.14
v -84.910 10.390 -5.970 0.13 0.13 0.14
v -84.847 10.196 -5.970 0.13 0.13 0.14
v -84.682 10.076 -5.970 0.13 0.13 0.14
v -84.478 10.076 -5.970 0.13 0.13 0.14
v -84.313 10.196 -5.970 0.13 0.13 0.14
v -84.250 10.390 -4.430 0.13 0.13 0.14
v -84.313 10.584 -4.430 0.13 0.13 0.14
v -84.478 10.704 -4.430 0.13 0.13 0.14
v -84.682 10.704 -4.430 0.13 0.13 0.14
v -84.847 10.584 -4.430 0.13 0.13 0.14
v -84.910 10.390 -4.430 0.13 0.13 0.14
v -84.847 10.196 -4.430 0.13 0.13 0.14
v -84.682 10.076 -4.430 0.13 0.13 0.14
v -84.478 10.076 -4.430 0.13 0.13 0.14
v -84.313 10.196 -4.430 0.13 0.13 0.14
v -84.250 10.390 -4.250 0.13 0.13 0.14
v -84.313 10.584 -4.250 0.13 0.13 0.14
v -84.478 10.704 -4.250 0.13 0.13 0.14
v -84.682 10.704 -4.250 0.13 0.13 0.14
v -84.847 10.584 -4.250 0.13 0.13 0.14
v -84.910 10.390 -4.250 0.13 0.13 0.14
v -84.847 10.196 -4.250 0.13 0.13 0.14
v -84.682 10.076 -4.250 0.13 0.13 0.14
v -84.478 10.076 -4.250 0.13 0.13 0.14
v -84.313 10.196 -4.250 0.13 0.13 0.14
v -54.150 10.360 -3.320 0.68 0.19 0.16
v -49.850 10.360 -3.320 0.68 0.19 0.16
v -49.850 10.760 -3.320 0.68 0.19 0.16
v -50.550 10.800 -3.320 0.68 0.19 0.16
v -51.100 11.420 -3.320 0.68 0.19 0.16
v -52.800 11.460 -3.320 0.68 0.19 0.16
v -53.400 10.820 -3.320 0.68 0.19 0.16
v -54.150 10.760 -3.320 0.68 0.19 0.16
v -54.150 10.360 -1.480 0.68 0.19 0.16
v -49.850 10.360 -1.480 0.68 0.19 0.16
v -49.850 10.760 -1.480 0.68 0.19 0.16
v -50.550 10.800 -1.480 0.68 0.19 0.16
v -51.100 11.420 -1.480 0.68 0.19 0.16
v -52.800 11.460 -1.480 0.68 0.19 0.16
v -53.400 10.820 -1.480 0.68 0.19 0.16
v -54.150 10.760 -1.480 0.68 0.19 0.16
v -50.700 10.820 -3.200 0.26 0.33 0.39
v -51.080 11.420 -3.200 0.26 0.33 0.39
v -52.780 11.460 -3.200 0.26 0.33 0.39
v -53.280 10.860 -3.200 0.26 0.33 0.39
v -50.700 10.820 -1.600 0.26 0.33 0.39
v -51.080 11.420 -1.600 0.26 0.33 0.39
v -52.780 11.460 -1.600 0.26 0.33 0.39
v -53.280 10.860 -1.600 0.26 0.33 0.39
v -53.090 10.390 -3.350 0.13 0.13 0.14
v -53.153 10.584 -3.350 0.13 0.13 0.14
v -53.318 10.704 -3.350 0.13 0.13 0.14
v -53.522 10.704 -3.350 0.13 0.13 0.14
v -53.687 10.584 -3.350 0.13 0.13 0.14
v -53.750 10.390 -3.350 0.13 0.13 0.14
v -53.687 10.196 -3.350 0.13 0.13 0.14
v -53.522 10.076 -3.350 0.13 0.13 0.14
v -53.318 10.076 -3.350 0.13 0.13 0.14
v -53.153 10.196 -3.350 0.13 0.13 0.14
v -53.090 10.390 -3.170 0.13 0.13 0.14
v -53.153 10.584 -3.170 0.13 0.13 0.14
v -53.318 10.704 -3.170 0.13 0.13 0.14
v -53.522 10.704 -3.170 0.13 0.13 0.14
v -53.687 10.584 -3.170 0.13 0.13 0.14
v -53.750 10.390 -3.170 0.13 0.13 0.14
v -53.687 10.196 -3.170 0.13 0.13 0.14
v -53.522 10.076 -3.170 0.13 0.13 0.14
v -53.318 10.076 -3.170 0.13 0.13 0.14
v -53.153 10.196 -3.170 0.13 0.13 0.14
v -53.090 10.390 -1.630 0.13 0.13 0.14
v -53.153 10.584 -1.630 0.13 0.13 0.14
v -53.318 10.704 -1.630 0.13 0.13 0.14
v -53.522 10.704 -1.630 0.13 0.13 0.14
v -53.687 10.584 -1.630 0.13 0.13 0.14
v -53.750 10.390 -1.630 0.13 0.13 0.14
v -53.687 10.196 -1.630 0.13 0.13 0.14
v -53.522 10.076 -1.630 0.13 0.13 0.14
v -53.318 10.076 -1.630 0.13 0.13 0.14
v -53.153 10.196 -1.630 0.13 0.13 0.14
v -53.090 10.390 -1.450 0.13 0.13 0.14
v -53.153 10.584 -1.450 0.13 0.13 0.14
v -53.318 10.704 -1.450 0.13 0.13 0.14
v -53.522 10.704 -1.450 0.13 0.13 0.14
v -53.687 10.584 -1.450 0.13 0.13 0.14
v -53.750 10.390 -1.450 0.13 0.13 0.14
v -53.687 10.196 -1.450 0.13 0.13 0.14
v -53.522 10.076 -1.450 0.13 0.13 0.14
v -53.318 10.076 -1.450 0.13 0.13 0.14
v -53.153 10.196 -1.450 0.13 0.13 0.14
v -50.250 10.390 -3.350 0.13 0.13 0.14
v -50.313 10.584 -3.350 0.13 0.13 0.14
v -50.478 10.704 -3.350 0.13 0.13 0.14
v -50.682 10.704 -3.350 0.13 0.13 0.14
v -50.847 10.584 -3.350 0.13 0.13 0.14
v -50.910 10.390 -3.350 0.13 0.13 0.14
v -50.847 10.196 -3.350 0.13 0.13 0.14
v -50.682 10.076 -3.350 0.13 0.13 0.14
v -50.478 10.076 -3.350 0.13 0.13 0.14
v -50.313 10.196 -3.350 0.13 0.13 0.14
v -50.250 10.390 -3.170 0.13 0.13 0.14
v -50.313 10.584 -3.170 0.13 0.13 0.14
v -50.478 10.704 -3.170 0.13 0.13 0.14
v -50.682 10.704 -3.170 0.13 0.13 0.14
v -50.847 10.584 -3.170 0.13 0.13 0.14
v -50.910 10.390 -3.170 0.13 0.13 0.14
v -50.847 10.196 -3.170 0.13 0.13 0.14
v -50.682 10.076 -3.170 0.13 0.13 0.14
v -50.478 10.076 -3.170 0.13 0.13 0.14
v -50.313 10.196 -3.170 0.13 0.13 0.14
v -50.250 10.390 -1.630 0.13 0.13 0.14
v -50.313 10.584 -1.630 0.13 0.13 0.14
v -50.478 10.704 -1.630 0.13 0.13 0.14
v -50.682 10.704 -1.630 0.13 0.13 0.14
v -50.847 10.584 -1.630 0.13 0.13 0.14
v -50.910 10.390 -1.630 0.13 0.13 0.14
v -50.847 10.196 -1.630 0.13 0.13 0.14
v -50.682 10.076 -1.630 0.13 0.13 0.14
v -50.478 10.076 -1.630 0.13 0.13 0.14
v -50.313 10.196 -1.630 0.13 0.13 0.14
v -50.250 10.390 -1.450 0.13 0.13 0.14
v -50.313 10.584 -1.450 0.13 0.13 0.14
v -50.478 10.704 -1.450 0.13 0.13 0.14
v -50.682 10.704 -1.450 0.13 0.13 0.14
v -50.847 10.584 -1.450 0.13 0.13 0.14
v -50.910 10.390 -1.450 0.13 0.13 0.14
v -50.847 10.196 -1.450 0.13 0.13 0.14
v -50.682 10.076 -1.450 0.13 0.13 0.14
v -50.478 10.076 -1.450 0.13 0.13 0.14
v -50.313 10.196 -1.450 0.13 0.13 0.14
v -22.150 10.360 -6.120 0.38 0.42 0.46
v -17.850 10.360 -6.120 0.38 0.42 0.46
v -17.850 10.760 -6.120 0.38 0.42 0.46
v -18.550 10.800 -6.120 0.38 0.42 0.46
v -19.100 11.420 -6.120 0.38 0.42 0.46
v -20.800 11.460 -6.120 0.38 0.42 0.46
v -21.400 10.820 -6.120 0.38 0.42 0.46
v -22.150 10.760 -6.120 0.38 0.42 0.46
v -22.150 10.360 -4.280 0.38 0.42 0.46
v -17.850 10.360 -4.280 0.38 0.42 0.46
v -17.850 10.760 -4.280 0.38 0.42 0.46
v -18.550 10.800 -4.280 0.38 0.42 0.46
v -19.100 11.420 -4.280 0.38 0.42 0.46
v -20.800 11.460 -4.280 0.38 0.42 0.46
v -21.400 10.820 -4.280 0.38 0.42 0.46
v -22.150 10.760 -4.280 0.38 0.42 0.46
v -18.700 10.820 -6.000 0.26 0.33 0.39
v -19.080 11.420 -6.000 0.26 0.33 0.39
v -20.780 11.460 -6.000 0.26 0.33 0.39
v -21.280 10.860 -6.000 0.26 0.33 0.39
v -18.700 10.820 -4.400 0.26 0.33 0.39
v -19.080 11.420 -4.400 0.26 0.33 0.39
v -20.780 11.460 -4.400 0.26 0.33 0.39
v -21.280 10.860 -4.400 0.26 0.33 0.39
v -21.090 10.390 -6.150 0.13 0.13 0.14
v -21.153 10.584 -6.150 0.13 0.13 0.14
v -21.318 10.704 -6.150 0.13 0.13 0.14
v -21.522 10.704 -6.150 0.13 0.13 0.14
v -21.687 10.584 -6.150 0.13 0.13 0.14
v -21.750 10.390 -6.150 0.13 0.13 0.14
v -21.687 10.196 -6.150 0.13 0.13 0.14
v -21.522 10.076 -6.150 0.13 0.13 0.14
v -21.318 10.076 -6.150 0.13 0.13 0.14
v -21.153 10.196 -6.150 0.13 0.13 0.14
v -21.090 10.390 -5.970 0.13 0.13 0.14
v -21.153 10.584 -5.970 0.13 0.13 0.14
v -21.318 10.704 -5.970 0.13 0.13 0.14
v -21.522 10.704 -5.970 0.13 0.13 0.14
v -21.687 10.584 -5.970 0.13 0.13 0.14
v -21.750 10.390 -5.970 0.13 0.13 0.14
v -21.687 10.196 -5.970 0.13 0.13 0.14
v -21.522 10.076 -5.970 0.13 0.13 0.14
v -21.318 10.076 -5.970 0.13 0.13 0.14
v -21.153 10.196 -5.970 0.13 0.13 0.14
v -21.090 10.390 -4.430 0.13 0.13 0.14
v -21.153 10.584 -4.430 0.13 0.13 0.14
v -21.318 10.704 -4.430 0.13 0.13 0.14
v -21.522 10.704 -4.430 0.13 0.13 0.14
v -21.687 10.584 -4.430 0.13 0.13 0.14
v -21.750 10.390 -4.430 0.13 0.13 0.14
v -21.687 10.196 -4.430 0.13 0.13 0.14
v -21.522 10.076 -4.430 0.13 0.13 0.14
v -21.318 10.076 -4.430 0.13 0.13 0.14
v -21.153 10.196 -4.430 0.13 0.13 0.14
v -21.090 10.390 -4.250 0.13 0.13 0.14
v -21.153 10.584 -4.250 0.13 0.13 0.14
v -21.318 10.704 -4.250 0.13 0.13 0.14
v -21.522 10.704 -4.250 0.13 0.13 0.14
v -21.687 10.584 -4.250 0.13 0.13 0.14
v -21.750 10.390 -4.250 0.13 0.13 0.14
v -21.687 10.196 -4.250 0.13 0.13 0.14
v -21.522 10.076 -4.250 0.13 0.13 0.14
v -21.318 10.076 -4.250 0.13 0.13 0.14
v -21.153 10.196 -4.250 0.13 0.13 0.14
v -18.250 10.390 -6.150 0.13 0.13 0.14
v -18.313 10.584 -6.150 0.13 0.13 0.14
v -18.478 10.704 -6.150 0.13 0.13 0.14
v -18.682 10.704 -6.150 0.13 0.13 0.14
v -18.847 10.584 -6.150 0.13 0.13 0.14
v -18.910 10.390 -6.150 0.13 0.13 0.14
v -18.847 10.196 -6.150 0.13 0.13 0.14
v -18.682 10.076 -6.150 0.13 0.13 0.14
v -18.478 10.076 -6.150 0.13 0.13 0.14
v -18.313 10.196 -6.150 0.13 0.13 0.14
v -18.250 10.390 -5.970 0.13 0.13 0.14
v -18.313 10.584 -5.970 0.13 0.13 0.14
v -18.478 10.704 -5.970 0.13 0.13 0.14
v -18.682 10.704 -5.970 0.13 0.13 0.14
v -18.847 10.584 -5.970 0.13 0.13 0.14
v -18.910 10.390 -5.970 0.13 0.13 0.14
v -18.847 10.196 -5.970 0.13 0.13 0.14
v -18.682 10.076 -5.970 0.13 0.13 0.14
v -18.478 10.076 -5.970 0.13 0.13 0.14
v -18.313 10.196 -5.970 0.13 0.13 0.14
v -18.250 10.390 -4.430 0.13 0.13 0.14
v -18.313 10.584 -4.430 0.13 0.13 0.14
v -18.478 10.704 -4.430 0.13 0.13 0.14
v -18.682 10.704 -4.430 0.13 0.13 0.14
v -18.847 10.584 -4.430 0.13 0.13 0.14
v -18.910 10.390 -4.430 0.13 0.13 0.14
v -18.847 10.196 -4.430 0.13 0.13 0.14
v -18.682 10.076 -4.430 0.13 0.13 0.14
v -18.478 10.076 -4.430 0.13 0.13 0.14
v -18.313 10.196 -4.430 0.13 0.13 0.14
v -18.250 10.390 -4.250 0.13 0.13 0.14
v -18.313 10.584 -4.250 0.13 0.13 0.14
v -18.478 10.704 -4.250 0.13 0.13 0.14
v -18.682 10.704 -4.250 0.13 0.13 0.14
v -18.847 10.584 -4.250 0.13 0.13 0.14
v -18.910 10.390 -4.250 0.13 0.13 0.14
v -18.847 10.196 -4.250 0.13 0.13 0.14
v -18.682 10.076 -4.250 0.13 0.13 0.14
v -18.478 10.076 -4.250 0.13 0.13 0.14
v -18.313 10.196 -4.250 0.13 0.13 0.14
v 13.850 10.360 -3.320 0.19 0.36 0.58
v 18.150 10.360 -3.320 0.19 0.36 0.58
v 18.150 10.760 -3.320 0.19 0.36 0.58
v 17.450 10.800 -3.320 0.19 0.36 0.58
v 16.900 11.420 -3.320 0.19 0.36 0.58
v 15.200 11.460 -3.320 0.19 0.36 0.58
v 14.600 10.820 -3.320 0.19 0.36 0.58
v 13.850 10.760 -3.320 0.19 0.36 0.58
v 13.850 10.360 -1.480 0.19 0.36 0.58
v 18.150 10.360 -1.480 0.19 0.36 0.58
v 18.150 10.760 -1.480 0.19 0.36 0.58
v 17.450 10.800 -1.480 0.19 0.36 0.58
v 16.900 11.420 -1.480 0.19 0.36 0.58
v 15.200 11.460 -1.480 0.19 0.36 0.58
v 14.600 10.820 -1.480 0.19 0.36 0.58
v 13.850 10.760 -1.480 0.19 0.36 0.58
v 17.300 10.820 -3.200 0.26 0.33 0.39
v 16.920 11.420 -3.200 0.26 0.33 0.39
v 15.220 11.460 -3.200 0.26 0.33 0.39
v 14.720 10.860 -3.200 0.26 0.33 0.39
v 17.300 10.820 -1.600 0.26 0.33 0.39
v 16.920 11.420 -1.600 0.26 0.33 0.39
v 15.220 11.460 -1.600 0.26 0.33 0.39
v 14.720 10.860 -1.600 0.26 0.33 0.39
v 14.910 10.390 -3.350 0.13 0.13 0.14
v 14.847 10.584 -3.350 0.13 0.13 0.14
v 14.682 10.704 -3.350 0.13 0.13 0.14
v 14.478 10.704 -3.350 0.13 0.13 0.14
v 14.313 10.584 -3.350 0.13 0.13 0.14
v 14.250 10.390 -3.350 0.13 0.13 0.14
v 14.313 10.196 -3.350 0.13 0.13 0.14
v 14.478 10.076 -3.350 0.13 0.13 0.14
v 14.682 10.076 -3.350 0.13 0.13 0.14
v 14.847 10.196 -3.350 0.13 0.13 0.14
v 14.910 10.390 -3.170 0.13 0.13 0.14
v 14.847 10.584 -3.170 0.13 0.13 0.14
v 14.682 10.704 -3.170 0.13 0.13 0.14
v 14.478 10.704 -3.170 0.13 0.13 0.14
v 14.313 10.584 -3.170 0.13 0.13 0.14
v 14.250 10.390 -3.170 0.13 0.13 0.14
v 14.313 10.196 -3.170 0.13 0.13 0.14
v 14.478 10.076 -3.170 0.13 0.13 0.14
v 14.682 10.076 -3.170 0.13 0.13 0.14
v 14.847 10.196 -3.170 0.13 0.13 0.14
v 14.910 10.390 -1.630 0.13 0.13 0.14
v 14.847 10.584 -1.630 0.13 0.13 0.14
v 14.682 10.704 -1.630 0.13 0.13 0.14
v 14.478 10.704 -1.630 0.13 0.13 0.14
v 14.313 10.584 -1.630 0.13 0.13 0.14
v 14.250 10.390 -1.630 0.13 0.13 0.14
v 14.313 10.196 -1.630 0.13 0.13 0.14
v 14.478 10.076 -1.630 0.13 0.13 0.14
v 14.682 10.076 -1.630 0.13 0.13 0.14
v 14.847 10.196 -1.630 0.13 0.13 0.14
v 14.910 10.390 -1.450 0.13 0.13 0.14
v 14.847 10.584 -1.450 0.13 0.13 0.14
v 14.682 10.704 -1.450 0.13 0.13 0.14
v 14.478 10.704 -1.450 0.13 0.13 0.14
v 14.313 10.584 -1.450 0.13 0.13 0.14
v 14.250 10.390 -1.450 0.13 0.13 0.14
v 14.313 10.196 -1.450 0.13 0.13 0.14
v 14.478 10.076 -1.450 0.13 0.13 0.14
v 14.682 10.076 -1.450 0.13 0.13 0.14
v 14.847 10.196 -1.450 0.13 0.13 0.14
v 17.750 10.390 -3.350 0.13 0.13 0.14
v 17.687 10.584 -3.350 0.13 0.13 0.14
v 17.522 10.704 -3.350 0.13 0.13 0.14
v 17.318 10.704 -3.350 0.13 0.13 0.14
v 17.153 10.584 -3.350 0.13 0.13 0.14
v 17.090 10.390 -3.350 0.13 0.13 0.14
v 17.153 10.196 -3.350 0.13 0.13 0.14
v 17.318 10.076 -3.350 0.13 0.13 0.14
v 17.522 10.076 -3.350 0.13 0.13 0.14
v 17.687 10.196 -3.350 0.13 0.13 0.14
v 17.750 10.390 -3.170 0.13 0.13 0.14
v 17.687 10.584 -3.170 0.13 0.13 0.14
v 17.522 10.704 -3.170 0.13 0.13 0.14
v 17.318 10.704 -3.170 0.13 0.13 0.14
v 17.153 10.584 -3.170 0.13 0.13 0.14
v 17.090 10.390 -3.170 0.13 0.13 0.14
v 17.153 10.196 -3.170 0.13 0.13 0.14
v 17.318 10.076 -3.170 0.13 0.13 0.14
v 17.522 10.076 -3.170 0.13 0.13 0.14
v 17.687 10.196 -3.170 0.13 0.13 0.14
v 17.750 10.390 -1.630 0.13 0.13 0.14
v 17.687 10.584 -1.630 0.13 0.13 0.14
v 17.522 10.704 -1.630 0.13 0.13 0.14
v 17.318 10.704 -1.630 0.13 0.13 0.14
v 17.153 10.584 -1.630 0.13 0.13 0.14
v 17.090 10.390 -1.630 0.13 0.13 0.14
v 17.153 10.196 -1.630 0.13 0.13 0.14
v 17.318 10.076 -1.630 0.13 0.13 0.14
v 17.522 10.076 -1.630 0.13 0.13 0.14
v 17.687 10.196 -1.630 0.13 0.13 0.14
v 17.750 10.390 -1.450 0.13 0.13 0.14
v 17.687 10.584 -1.450 0.13 0.13 0.14
v 17.522 10.704 -1.450 0.13 0.13 0.14
v 17.318 10.704 -1.450 0.13 0.13 0.14
v 17.153 10.584 -1.450 0.13 0.13 0.14
v 17.090 10.390 -1.450 0.13 0.13 0.14
v 17.153 10.196 -1.450 0.13 0.13 0.14
v 17.318 10.076 -1.450 0.13 0.13 0.14
v 17.522 10.076 -1.450 0.13 0.13 0.14
v 17.687 10.196 -1.450 0.13 0.13 0.14
v 49.850 10.360 -6.120 0.86 0.68 0.13
v 54.150 10.360 -6.120 0.86 0.68 0.13
v 54.150 10.760 -6.120 0.86 0.68 0.13
v 53.450 10.800 -6.120 0.86 0.68 0.13
v 52.900 11.420 -6.120 0.86 0.68 0.13
v 51.200 11.460 -6.120 0.86 0.68 0.13
v 50.600 10.820 -6.120 0.86 0.68 0.13
v 49.850 10.760 -6.120 0.86 0.68 0.13
v 49.850 10.360 -4.280 0.86 0.68 0.13
v 54.150 10.360 -4.280 0.86 0.68 0.13
v 54.150 10.760 -4.280 0.86 0.68 0.13
v 53.450 10.800 -4.280 0.86 0.68 0.13
v 52.900 11.420 -4.280 0.86 0.68 0.13
v 51.200 11.460 -4.280 0.86 0.68 0.13
v 50.600 10.820 -4.280 0.86 0.68 0.13
v 49.850 10.760 -4.280 0.86 0.68 0.13
v 53.300 10.820 -6.000 0.26 0.33 0.39
v 52.920 11.420 -6.000 0.26 0.33 0.39
v 51.220 11.460 -6.000 0.26 0.33 0.39
v 50.720 10.860 -6.000 0.26 0.33 0.39
v 53.300 10.820 -4.400 0.26 0.33 0.39
v 52.920 11.420 -4.400 0.26 0.33 0.39
v 51.220 11.460 -4.400 0.26 0.33 0.39
v 50.720 10.860 -4.400 0.26 0.33 0.39
v 50.910 10.390 -6.150 0.13 0.13 0.14
v 50.847 10.584 -6.150 0.13 0.13 0.14
v 50.682 10.704 -6.150 0.13 0.13 0.14
v 50.478 10.704 -6.150 0.13 0.13 0.14
v 50.313 10.584 -6.150 0.13 0.13 0.14
v 50.250 10.390 -6.150 0.13 0.13 0.14
v 50.313 10.196 -6.150 0.13 0.13 0.14
v 50.478 10.076 -6.150 0.13 0.13 0.14
v 50.682 10.076 -6.150 0.13 0.13 0.14
v 50.847 10.196 -6.150 0.13 0.13 0.14
v 50.910 10.390 -5.970 0.13 0.13 0.14
v 50.847 10.584 -5.970 0.13 0.13 0.14
v 50.682 10.704 -5.970 0.13 0.13 0.14
v 50.478 10.704 -5.970 0.13 0.13 0.14
v 50.313 10.584 -5.970 0.13 0.13 0.14
v 50.250 10.390 -5.970 0.13 0.13 0.14
v 50.313 10.196 -5.970 0.13 0.13 0.14
v 50.478 10.076 -5.970 0.13 0.13 0.14
v 50.682 10.076 -5.970 0.13 0.13 0.14
v 50.847 10.196 -5.970 0.13 0.13 0.14
v 50.910 10.390 -4.430 0.13 0.13 0.14
v 50.847 10.584 -4.430 0.13 0.13 0.14
v 50.682 10.704 -4.430 0.13 0.13 0.14
v 50.478 10.704 -4.430 0.13 0.13 0.14
v 50.313 10.584 -4.430 0.13 0.13 0.14
v 50.250 10.390 -4.430 0.13 0.13 0.14
v 50.313 10.196 -4.430 0.13 0.13 0.14
v 50.478 10.076 -4.430 0.13 0.13 0.14
v 50.682 10.076 -4.430 0.13 0.13 0.14
v 50.847 10.196 -4.430 0.13 0.13 0.14
v 50.910 10.390 -4.250 0.13 0.13 0.14
v 50.847 10.584 -4.250 0.13 0.13 0.14
v 50.682 10.704 -4.250 0.13 0.13 0.14
v 50.478 10.704 -4.250 0.13 0.13 0.14
v 50.313 10.584 -4.250 0.13 0.13 0.14
v 50.250 10.390 -4.250 0.13 0.13 0.14
v 50.313 10.196 -4.250 0.13 0.13 0.14
v 50.478 10.076 -4.250 0.13 0.13 0.14
v 50.682 10.076 -4.250 0.13 0.13 0.14
v 50.847 10.196 -4.250 0.13 0.13 0.14
v 53.750 10.390 -6.150 0.13 0.13 0.14
v 53.687 10.584 -6.150 0.13 0.13 0.14
v 53.522 10.704 -6.150 0.13 0.13 0.14
v 53.318 10.704 -6.150 0.13 0.13 0.14
v 53.153 10.584 -6.150 0.13 0.13 0.14
v 53.090 10.390 -6.150 0.13 0.13 0.14
v 53.153 10.196 -6.150 0.13 0.13 0.14
v 53.318 10.076 -6.150 0.13 0.13 0.14
v 53.522 10.076 -6.150 0.13 0.13 0.14
v 53.687 10.196 -6.150 0.13 0.13 0.14
v 53.750 10.390 -5.970 0.13 0.13 0.14
v 53.687 10.584 -5.970 0.13 0.13 0.14
v 53.522 10.704 -5.970 0.13 0.13 0.14
v 53.318 10.704 -5.970 0.13 0.13 0.14
v 53.153 10.584 -5.970 0.13 0.13 0.14
v 53.090 10.390 -5.970 0.13 0.13 0.14
v 53.153 10.196 -5.970 0.13 0.13 0.14
v 53.318 10.076 -5.970 0.13 0.13 0.14
v 53.522 10.076 -5.970 0.13 0.13 0.14
v 53.687 10.196 -5.970 0.13 0.13 0.14
v 53.750 10.390 -4.430 0.13 0.13 0.14
v 53.687 10.584 -4.430 0.13 0.13 0.14
v 53.522 10.704 -4.430 0.13 0.13 0.14
v 53.318 10.704 -4.430 0.13 0.13 0.14
v 53.153 10.584 -4.430 0.13 0.13 0.14
v 53.090 10.390 -4.430 0.13 0.13 0.14
v 53.153 10.196 -4.430 0.13 0.13 0.14
v 53.318 10.076 -4.430 0.13 0.13 0.14
v 53.522 10.076 -4.430 0.13 0.13 0.14
v 53.687 10.196 -4.430 0.13 0.13 0.14
v 53.750 10.390 -4.250 0.13 0.13 0.14
v 53.687 10.584 -4.250 0.13 0.13 0.14
v 53.522 10.704 -4.250 0.13 0.13 0.14
v 53.318 10.704 -4.250 0.13 0.13 0.14
v 53.153 10.584 -4.250 0.13 0.13 0.14
v 53.090 10.390 -4.250 0.13 0.13 0.14
v 53.153 10.196 -4.250 0.13 0.13 0.14
v 53.318 10.076 -4.250 0.13 0.13 0.14
v 53.522 10.076 -4.250 0.13 0.13 0.14
v 53.687 10.196 -4.250 0.13 0.13 0.14
v 85.850 10.360 -3.320 0.87 0.88 0.89
v 90.150 10.360 -3.320 0.87 0.88 0.89
v 90.150 10.760 -3.320 0.87 0.88 0.89
v 89.450 10.800 -3.320 0.87 0.88 0.89
v 88.900 11.420 -3.320 0.87 0.88 0.89
v 87.200 11.460 -3.320 0.87 0.88 0.89
v 86.600 10.820 -3.320 0.87 0.88 0.89
v 85.850 10.760 -3.320 0.87 0.88 0.89
v 85.850 10.360 -1.480 0.87 0.88 0.89
v 90.150 10.360 -1.480 0.87 0.88 0.89
v 90.150 10.760 -1.480 0.87 0.88 0.89
v 89.450 10.800 -1.480 0.87 0.88 0.89
v 88.900 11.420 -1.480 0.87 0.88 0.89
v 87.200 11.460 -1.480 0.87 0.88 0.89
v 86.600 10.820 -1.480 0.87 0.88 0.89
v 85.850 10.760 -1.480 0.87 0.88 0.89
v 89.300 10.820 -3.200 0.26 0.33 0.39
v 88.920 11.420 -3.200 0.26 0.33 0.39
v 87.220 11.460 -3.200 0.26 0.33 0.39
v 86.720 10.860 -3.200 0.26 0.33 0.39
v 89.300 10.820 -1.600 0.26 0.33 0.39
v 88.920 11.420 -1.600 0.26 0.33 0.39
v 87.220 11.460 -1.600 0.26 0.33 0.39
v 86.720 10.860 -1.600 0.26 0.33 0.39
v 86.910 10.390 -3.350 0.13 0.13 0.14
v 86.847 10.584 -3.350 0.13 0.13 0.14
v 86.682 10.704 -3.350 0.13 0.13 0.14
v 86.478 10.704 -3.350 0.13 0.13 0.14
v 86.313 10.584 -3.350 0.13 0.13 0.14
v 86.250 10.390 -3.350 0.13 0.13 0.14
v 86.313 10.196 -3.350 0.13 0.13 0.14
v 86.478 10.076 -3.350 0.13 0.13 0.14
v 86.682 10.076 -3.350 0.13 0.13 0.14
v 86.847 10.196 -3.350 0.13 0.13 0.14
v 86.910 10.390 -3.170 0.13 0.13 0.14
v 86.847 10.584 -3.170 0.13 0.13 0.14
v 86.682 10.704 -3.170 0.13 0.13 0.14
v 86.478 10.704 -3.170 0.13 0.13 0.14
v 86.313 10.584 -3.170 0.13 0.13 0.14
v 86.250 10.390 -3.170 0.13 0.13 0.14
v 86.313 10.196 -3.170 0.13 0.13 0.14
v 86.478 10.076 -3.170 0.13 0.13 0.14
v 86.682 10.076 -3.170 0.13 0.13 0.14
v 86.847 10.196 -3.170 0.13 0.13 0.14
v 86.910 10.390 -1.630 0.13 0.13 0.14
v 86.847 10.584 -1.630 0.13 0.13 0.14
v 86.682 10.704 -1.630 0.13 0.13 0.14
v 86.478 10.704 -1.630 0.13 0.13 0.14
v 86.313 10.584 -1.630 0.13 0.13 0.14
v 86.250 10.390 -1.630 0.13 0.13 0.14
v 86.313 10.196 -1.630 0.13 0.13 0.14
v 86.478 10.076 -1.630 0.13 0.13 0.14
v 86.682 10.076 -1.630 0.13 0.13 0.14
v 86.847 10.196 -1.630 0.13 0.13 0.14
v 86.910 10.390 -1.450 0.13 0.13 0.14
v 86.847 10.584 -1.450 0.13 0.13 0.14
v 86.682 10.704 -1.450 0.13 0.13 0.14
v 86.478 10.704 -1.450 0.13 0.13 0.14
v 86.313 10.584 -1.450 0.13 0.13 0.14
v 86.250 10.390 -1.450 0.13 0.13 0.14
v 86.313 10.196 -1.450 0.13 0.13 0.14
v 86.478 10.076 -1.450 0.13 0.13 0.14
v 86.682 10.076 -1.450 0.13 0.13 0.14
v 86.847 10.196 -1.450 0.13 0.13 0.14
v 89.750 10.390 -3.350 0.13 0.13 0.14
v 89.687 10.584 -3.350 0.13 0.13 0.14
v 89.522 10.704 -3.350 0.13 0.13 0.14
v 89.318 10.704 -3.350 0.13 0.13 0.14
v 89.153 10.584 -3.350 0.13 0.13 0.14
v 89.090 10.390 -3.350 0.13 0.13 0.14
v 89.153 10.196 -3.350 0.13 0.13 0.14
v 89.318 10.076 -3.350 0.13 0.13 0.14
v 89.522 10.076 -3.350 0.13 0.13 0.14
v 89.687 10.196 -3.350 0.13 0.13 0.14
v 89.750 10.390 -3.170 0.13 0.13 0.14
v 89.687 10.584 -3.170 0.13 0.13 0.14
v 89.522 10.704 -3.170 0.13 0.13 0.14
v 89.318 10.704 -3.170 0.13 0.13 0.14
v 89.153 10.584 -3.170 0.13 0.13 0.14
v 89.090 10.390 -3.170 0.13 0.13 0.14
v 89.153 10.196 -3.170 0.13 0.13 0.14
v 89.318 10.076 -3.170 0.13 0.13 0.14
v 89.522 10.076 -3.170 0.13 0.13 0.14
v 89.687 10.196 -3.170 0.13 0.13 0.14
v 89.750 10.390 -1.630 0.13 0.13 0.14
v 89.687 10.584 -1.630 0.13 0.13 0.14
v 89.522 10.704 -1.630 0.13 0.13 0.14
v 89.318 10.704 -1.630 0.13 0.13 0.14
v 89.153 10.584 -1.630 0.13 0.13 0.14
v 89.090 10.390 -1.630 0.13 0.13 0.14
v 89.153 10.196 -1.630 0.13 0.13 0.14
v 89.318 10.076 -1.630 0.13 0.13 0.14
v 89.522 10.076 -1.630 0.13 0.13 0.14
v 89.687 10.196 -1.630 0.13 0.13 0.14
v 89.750 10.390 -1.450 0.13 0.13 0.14
v 89.687 10.584 -1.450 0.13 0.13 0.14
v 89.522 10.704 -1.450 0.13 0.13 0.14
v 89.318 10.704 -1.450 0.13 0.13 0.14
v 89.153 10.584 -1.450 0.13 0.13 0.14
v 89.090 10.390 -1.450 0.13 0.13 0.14
v 89.153 10.196 -1.450 0.13 0.13 0.14
v 89.318 10.076 -1.450 0.13 0.13 0.14
v 89.522 10.076 -1.450 0.13 0.13 0.14
v 89.687 10.196 -1.450 0.13 0.13 0.14
v -72.150 10.360 1.480 0.38 0.42 0.46
v -67.850 10.360 1.480 0.38 0.42 0.46
v -67.850 10.760 1.480 0.38 0.42 0.46
v -68.550 10.800 1.480 0.38 0.42 0.46
v -69.100 11.420 1.480 0.38 0.42 0.46
v -70.800 11.460 1.480 0.38 0.42 0.46
v -71.400 10.820 1.480 0.38 0.42 0.46
v -72.150 10.760 1.480 0.38 0.42 0.46
v -72.150 10.360 3.320 0.38 0.42 0.46
v -67.850 10.360 3.320 0.38 0.42 0.46
v -67.850 10.760 3.320 0.38 0.42 0.46
v -68.550 10.800 3.320 0.38 0.42 0.46
v -69.100 11.420 3.320 0.38 0.42 0.46
v -70.800 11.460 3.320 0.38 0.42 0.46
v -71.400 10.820 3.320 0.38 0.42 0.46
v -72.150 10.760 3.320 0.38 0.42 0.46
v -68.700 10.820 1.600 0.26 0.33 0.39
v -69.080 11.420 1.600 0.26 0.33 0.39
v -70.780 11.460 1.600 0.26 0.33 0.39
v -71.280 10.860 1.600 0.26 0.33 0.39
v -68.700 10.820 3.200 0.26 0.33 0.39
v -69.080 11.420 3.200 0.26 0.33 0.39
v -70.780 11.460 3.200 0.26 0.33 0.39
v -71.280 10.860 3.200 0.26 0.33 0.39
v -71.090 10.390 1.450 0.13 0.13 0.14
v -71.153 10.584 1.450 0.13 0.13 0.14
v -71.318 10.704 1.450 0.13 0.13 0.14
v -71.522 10.704 1.450 0.13 0.13 0.14
v -71.687 10.584 1.450 0.13 0.13 0.14
v -71.750 10.390 1.450 0.13 0.13 0.14
v -71.687 10.196 1.450 0.13 0.13 0.14
v -71.522 10.076 1.450 0.13 0.13 0.14
v -71.318 10.076 1.450 0.13 0.13 0.14
v -71.153 10.196 1.450 0.13 0.13 0.14
v -71.090 10.390 1.630 0.13 0.13 0.14
v -71.153 10.584 1.630 0.13 0.13 0.14
v -71.318 10.704 1.630 0.13 0.13 0.14
v -71.522 10.704 1.630 0.13 0.13 0.14
v -71.687 10.584 1.630 0.13 0.13 0.14
v -71.750 10.390 1.630 0.13 0.13 0.14
v -71.687 10.196 1.630 0.13 0.13 0.14
v -71.522 10.076 1.630 0.13 0.13 0.14
v -71.318 10.076 1.630 0.13 0.13 0.14
v -71.153 10.196 1.630 0.13 0.13 0.14
v -71.090 10.390 3.170 0.13 0.13 0.14
v -71.153 10.584 3.170 0.13 0.13 0.14
v -71.318 10.704 3.170 0.13 0.13 0.14
v -71.522 10.704 3.170 0.13 0.13 0.14
v -71.687 10.584 3.170 0.13 0.13 0.14
v -71.750 10.390 3.170 0.13 0.13 0.14
v -71.687 10.196 3.170 0.13 0.13 0.14
v -71.522 10.076 3.170 0.13 0.13 0.14
v -71.318 10.076 3.170 0.13 0.13 0.14
v -71.153 10.196 3.170 0.13 0.13 0.14
v -71.090 10.390 3.350 0.13 0.13 0.14
v -71.153 10.584 3.350 0.13 0.13 0.14
v -71.318 10.704 3.350 0.13 0.13 0.14
v -71.522 10.704 3.350 0.13 0.13 0.14
v -71.687 10.584 3.350 0.13 0.13 0.14
v -71.750 10.390 3.350 0.13 0.13 0.14
v -71.687 10.196 3.350 0.13 0.13 0.14
v -71.522 10.076 3.350 0.13 0.13 0.14
v -71.318 10.076 3.350 0.13 0.13 0.14
v -71.153 10.196 3.350 0.13 0.13 0.14
v -68.250 10.390 1.450 0.13 0.13 0.14
v -68.313 10.584 1.450 0.13 0.13 0.14
v -68.478 10.704 1.450 0.13 0.13 0.14
v -68.682 10.704 1.450 0.13 0.13 0.14
v -68.847 10.584 1.450 0.13 0.13 0.14
v -68.910 10.390 1.450 0.13 0.13 0.14
v -68.847 10.196 1.450 0.13 0.13 0.14
v -68.682 10.076 1.450 0.13 0.13 0.14
v -68.478 10.076 1.450 0.13 0.13 0.14
v -68.313 10.196 1.450 0.13 0.13 0.14
v -68.250 10.390 1.630 0.13 0.13 0.14
v -68.313 10.584 1.630 0.13 0.13 0.14
v -68.478 10.704 1.630 0.13 0.13 0.14
v -68.682 10.704 1.630 0.13 0.13 0.14
v -68.847 10.584 1.630 0.13 0.13 0.14
v -68.910 10.390 1.630 0.13 0.13 0.14
v -68.847 10.196 1.630 0.13 0.13 0.14
v -68.682 10.076 1.630 0.13 0.13 0.14
v -68.478 10.076 1.630 0.13 0.13 0.14
v -68.313 10.196 1.630 0.13 0.13 0.14
v -68.250 10.390 3.170 0.13 0.13 0.14
v -68.313 10.584 3.170 0.13 0.13 0.14
v -68.478 10.704 3.170 0.13 0.13 0.14
v -68.682 10.704 3.170 0.13 0.13 0.14
v -68.847 10.584 3.170 0.13 0.13 0.14
v -68.910 10.390 3.170 0.13 0.13 0.14
v -68.847 10.196 3.170 0.13 0.13 0.14
v -68.682 10.076 3.170 0.13 0.13 0.14
v -68.478 10.076 3.170 0.13 0.13 0.14
v -68.313 10.196 3.170 0.13 0.13 0.14
v -68.250 10.390 3.350 0.13 0.13 0.14
v -68.313 10.584 3.350 0.13 0.13 0.14
v -68.478 10.704 3.350 0.13 0.13 0.14
v -68.682 10.704 3.350 0.13 0.13 0.14
v -68.847 10.584 3.350 0.13 0.13 0.14
v -68.910 10.390 3.350 0.13 0.13 0.14
v -68.847 10.196 3.350 0.13 0.13 0.14
v -68.682 10.076 3.350 0.13 0.13 0.14
v -68.478 10.076 3.350 0.13 0.13 0.14
v -68.313 10.196 3.350 0.13 0.13 0.14
v -34.150 10.360 4.280 0.87 0.88 0.89
v -29.850 10.360 4.280 0.87 0.88 0.89
v -29.850 10.760 4.280 0.87 0.88 0.89
v -30.550 10.800 4.280 0.87 0.88 0.89
v -31.100 11.420 4.280 0.87 0.88 0.89
v -32.800 11.460 4.280 0.87 0.88 0.89
v -33.400 10.820 4.280 0.87 0.88 0.89
v -34.150 10.760 4.280 0.87 0.88 0.89
v -34.150 10.360 6.120 0.87 0.88 0.89
v -29.850 10.360 6.120 0.87 0.88 0.89
v -29.850 10.760 6.120 0.87 0.88 0.89
v -30.550 10.800 6.120 0.87 0.88 0.89
v -31.100 11.420 6.120 0.87 0.88 0.89
v -32.800 11.460 6.120 0.87 0.88 0.89
v -33.400 10.820 6.120 0.87 0.88 0.89
v -34.150 10.760 6.120 0.87 0.88 0.89
v -30.700 10.820 4.400 0.26 0.33 0.39
v -31.080 11.420 4.400 0.26 0.33 0.39
v -32.780 11.460 4.400 0.26 0.33 0.39
v -33.280 10.860 4.400 0.26 0.33 0.39
v -30.700 10.820 6.000 0.26 0.33 0.39
v -31.080 11.420 6.000 0.26 0.33 0.39
v -32.780 11.460 6.000 0.26 0.33 0.39
v -33.280 10.860 6.000 0.26 0.33 0.39
v -33.090 10.390 4.250 0.13 0.13 0.14
v -33.153 10.584 4.250 0.13 0.13 0.14
v -33.318 10.704 4.250 0.13 0.13 0.14
v -33.522 10.704 4.250 0.13 0.13 0.14
v -33.687 10.584 4.250 0.13 0.13 0.14
v -33.750 10.390 4.250 0.13 0.13 0.14
v -33.687 10.196 4.250 0.13 0.13 0.14
v -33.522 10.076 4.250 0.13 0.13 0.14
v -33.318 10.076 4.250 0.13 0.13 0.14
v -33.153 10.196 4.250 0.13 0.13 0.14
v -33.090 10.390 4.430 0.13 0.13 0.14
v -33.153 10.584 4.430 0.13 0.13 0.14
v -33.318 10.704 4.430 0.13 0.13 0.14
v -33.522 10.704 4.430 0.13 0.13 0.14
v -33.687 10.584 4.430 0.13 0.13 0.14
v -33.750 10.390 4.430 0.13 0.13 0.14
v -33.687 10.196 4.430 0.13 0.13 0.14
v -33.522 10.076 4.430 0.13 0.13 0.14
v -33.318 10.076 4.430 0.13 0.13 0.14
v -33.153 10.196 4.430 0.13 0.13 0.14
v -33.090 10.390 5.970 0.13 0.13 0.14
v -33.153 10.584 5.970 0.13 0.13 0.14
v -33.318 10.704 5.970 0.13 0.13 0.14
v -33.522 10.704 5.970 0.13 0.13 0.14
v -33.687 10.584 5.970 0.13 0.13 0.14
v -33.750 10.390 5.970 0.13 0.13 0.14
v -33.687 10.196 5.970 0.13 0.13 0.14
v -33.522 10.076 5.970 0.13 0.13 0.14
v -33.318 10.076 5.970 0.13 0.13 0.14
v -33.153 10.196 5.970 0.13 0.13 0.14
v -33.090 10.390 6.150 0.13 0.13 0.14
v -33.153 10.584 6.150 0.13 0.13 0.14
v -33.318 10.704 6.150 0.13 0.13 0.14
v -33.522 10.704 6.150 0.13 0.13 0.14
v -33.687 10.584 6.150 0.13 0.13 0.14
v -33.750 10.390 6.150 0.13 0.13 0.14
v -33.687 10.196 6.150 0.13 0.13 0.14
v -33.522 10.076 6.150 0.13 0.13 0.14
v -33.318 10.076 6.150 0.13 0.13 0.14
v -33.153 10.196 6.150 0.13 0.13 0.14
v -30.250 10.390 4.250 0.13 0.13 0.14
v -30.313 10.584 4.250 0.13 0.13 0.14
v -30.478 10.704 4.250 0.13 0.13 0.14
v -30.682 10.704 4.250 0.13 0.13 0.14
v -30.847 10.584 4.250 0.13 0.13 0.14
v -30.910 10.390 4.250 0.13 0.13 0.14
v -30.847 10.196 4.250 0.13 0.13 0.14
v -30.682 10.076 4.250 0.13 0.13 0.14
v -30.478 10.076 4.250 0.13 0.13 0.14
v -30.313 10.196 4.250 0.13 0.13 0.14
v -30.250 10.390 4.430 0.13 0.13 0.14
v -30.313 10.584 4.430 0.13 0.13 0.14
v -30.478 10.704 4.430 0.13 0.13 0.14
v -30.682 10.704 4.430 0.13 0.13 0.14
v -30.847 10.584 4.430 0.13 0.13 0.14
v -30.910 10.390 4.430 0.13 0.13 0.14
v -30.847 10.196 4.430 0.13 0.13 0.14
v -30.682 10.076 4.430 0.13 0.13 0.14
v -30.478 10.076 4.430 0.13 0.13 0.14
v -30.313 10.196 4.430 0.13 0.13 0.14
v -30.250 10.390 5.970 0.13 0.13 0.14
v -30.313 10.584 5.970 0.13 0.13 0.14
v -30.478 10.704 5.970 0.13 0.13 0.14
v -30.682 10.704 5.970 0.13 0.13 0.14
v -30.847 10.584 5.970 0.13 0.13 0.14
v -30.910 10.390 5.970 0.13 0.13 0.14
v -30.847 10.196 5.970 0.13 0.13 0.14
v -30.682 10.076 5.970 0.13 0.13 0.14
v -30.478 10.076 5.970 0.13 0.13 0.14
v -30.313 10.196 5.970 0.13 0.13 0.14
v -30.250 10.390 6.150 0.13 0.13 0.14
v -30.313 10.584 6.150 0.13 0.13 0.14
v -30.478 10.704 6.150 0.13 0.13 0.14
v -30.682 10.704 6.150 0.13 0.13 0.14
v -30.847 10.584 6.150 0.13 0.13 0.14
v -30.910 10.390 6.150 0.13 0.13 0.14
v -30.847 10.196 6.150 0.13 0.13 0.14
v -30.682 10.076 6.150 0.13 0.13 0.14
v -30.478 10.076 6.150 0.13 0.13 0.14
v -30.313 10.196 6.150 0.13 0.13 0.14
v 5.850 10.360 1.480 0.68 0.19 0.16
v 10.150 10.360 1.480 0.68 0.19 0.16
v 10.150 10.760 1.480 0.68 0.19 0.16
v 9.450 10.800 1.480 0.68 0.19 0.16
v 8.900 11.420 1.480 0.68 0.19 0.16
v 7.200 11.460 1.480 0.68 0.19 0.16
v 6.600 10.820 1.480 0.68 0.19 0.16
v 5.850 10.760 1.480 0.68 0.19 0.16
v 5.850 10.360 3.320 0.68 0.19 0.16
v 10.150 10.360 3.320 0.68 0.19 0.16
v 10.150 10.760 3.320 0.68 0.19 0.16
v 9.450 10.800 3.320 0.68 0.19 0.16
v 8.900 11.420 3.320 0.68 0.19 0.16
v 7.200 11.460 3.320 0.68 0.19 0.16
v 6.600 10.820 3.320 0.68 0.19 0.16
v 5.850 10.760 3.320 0.68 0.19 0.16
v 9.300 10.820 1.600 0.26 0.33 0.39
v 8.920 11.420 1.600 0.26 0.33 0.39
v 7.220 11.460 1.600 0.26 0.33 0.39
v 6.720 10.860 1.600 0.26 0.33 0.39
v 9.300 10.820 3.200 0.26 0.33 0.39
v 8.920 11.420 3.200 0.26 0.33 0.39
v 7.220 11.460 3.200 0.26 0.33 0.39
v 6.720 10.860 3.200 0.26 0.33 0.39
v 6.910 10.390 1.450 0.13 0.13 0.14
v 6.847 10.584 1.450 0.13 0.13 0.14
v 6.682 10.704 1.450 0.13 0.13 0.14
v 6.478 10.704 1.450 0.13 0.13 0.14
v 6.313 10.584 1.450 0.13 0.13 0.14
v 6.250 10.390 1.450 0.13 0.13 0.14
v 6.313 10.196 1.450 0.13 0.13 0.14
v 6.478 10.076 1.450 0.13 0.13 0.14
v 6.682 10.076 1.450 0.13 0.13 0.14
v 6.847 10.196 1.450 0.13 0.13 0.14
v 6.910 10.390 1.630 0.13 0.13 0.14
v 6.847 10.584 1.630 0.13 0.13 0.14
v 6.682 10.704 1.630 0.13 0.13 0.14
v 6.478 10.704 1.630 0.13 0.13 0.14
v 6.313 10.584 1.630 0.13 0.13 0.14
v 6.250 10.390 1.630 0.13 0.13 0.14
v 6.313 10.196 1.630 0.13 0.13 0.14
v 6.478 10.076 1.630 0.13 0.13 0.14
v 6.682 10.076 1.630 0.13 0.13 0.14
v 6.847 10.196 1.630 0.13 0.13 0.14
v 6.910 10.390 3.170 0.13 0.13 0.14
v 6.847 10.584 3.170 0.13 0.13 0.14
v 6.682 10.704 3.170 0.13 0.13 0.14
v 6.478 10.704 3.170 0.13 0.13 0.14
v 6.313 10.584 3.170 0.13 0.13 0.14
v 6.250 10.390 3.170 0.13 0.13 0.14
v 6.313 10.196 3.170 0.13 0.13 0.14
v 6.478 10.076 3.170 0.13 0.13 0.14
v 6.682 10.076 3.170 0.13 0.13 0.14
v 6.847 10.196 3.170 0.13 0.13 0.14
v 6.910 10.390 3.350 0.13 0.13 0.14
v 6.847 10.584 3.350 0.13 0.13 0.14
v 6.682 10.704 3.350 0.13 0.13 0.14
v 6.478 10.704 3.350 0.13 0.13 0.14
v 6.313 10.584 3.350 0.13 0.13 0.14
v 6.250 10.390 3.350 0.13 0.13 0.14
v 6.313 10.196 3.350 0.13 0.13 0.14
v 6.478 10.076 3.350 0.13 0.13 0.14
v 6.682 10.076 3.350 0.13 0.13 0.14
v 6.847 10.196 3.350 0.13 0.13 0.14
v 9.750 10.390 1.450 0.13 0.13 0.14
v 9.687 10.584 1.450 0.13 0.13 0.14
v 9.522 10.704 1.450 0.13 0.13 0.14
v 9.318 10.704 1.450 0.13 0.13 0.14
v 9.153 10.584 1.450 0.13 0.13 0.14
v 9.090 10.390 1.450 0.13 0.13 0.14
v 9.153 10.196 1.450 0.13 0.13 0.14
v 9.318 10.076 1.450 0.13 0.13 0.14
v 9.522 10.076 1.450 0.13 0.13 0.14
v 9.687 10.196 1.450 0.13 0.13 0.14
v 9.750 10.390 1.630 0.13 0.13 0.14
v 9.687 10.584 1.630 0.13 0.13 0.14
v 9.522 10.704 1.630 0.13 0.13 0.14
v 9.318 10.704 1.630 0.13 0.13 0.14
v 9.153 10.584 1.630 0.13 0.13 0.14
v 9.090 10.390 1.630 0.13 0.13 0.14
v 9.153 10.196 1.630 0.13 0.13 0.14
v 9.318 10.076 1.630 0.13 0.13 0.14
v 9.522 10.076 1.630 0.13 0.13 0.14
v 9.687 10.196 1.630 0.13 0.13 0.14
v 9.750 10.390 3.170 0.13 0.13 0.14
v 9.687 10.584 3.170 0.13 0.13 0.14
v 9.522 10.704 3.170 0.13 0.13 0.14
v 9.318 10.704 3.170 0.13 0.13 0.14
v 9.153 10.584 3.170 0.13 0.13 0.14
v 9.090 10.390 3.170 0.13 0.13 0.14
v 9.153 10.196 3.170 0.13 0.13 0.14
v 9.318 10.076 3.170 0.13 0.13 0.14
v 9.522 10.076 3.170 0.13 0.13 0.14
v 9.687 10.196 3.170 0.13 0.13 0.14
v 9.750 10.390 3.350 0.13 0.13 0.14
v 9.687 10.584 3.350 0.13 0.13 0.14
v 9.522 10.704 3.350 0.13 0.13 0.14
v 9.318 10.704 3.350 0.13 0.13 0.14
v 9.153 10.584 3.350 0.13 0.13 0.14
v 9.090 10.390 3.350 0.13 0.13 0.14
v 9.153 10.196 3.350 0.13 0.13 0.14
v 9.318 10.076 3.350 0.13 0.13 0.14
v 9.522 10.076 3.350 0.13 0.13 0.14
v 9.687 10.196 3.350 0.13 0.13 0.14
v 41.850 10.360 4.280 0.19 0.36 0.58
v 46.150 10.360 4.280 0.19 0.36 0.58
v 46.150 10.760 4.280 0.19 0.36 0.58
v 45.450 10.800 4.280 0.19 0.36 0.58
v 44.900 11.420 4.280 0.19 0.36 0.58
v 43.200 11.460 4.280 0.19 0.36 0.58
v 42.600 10.820 4.280 0.19 0.36 0.58
v 41.850 10.760 4.280 0.19 0.36 0.58
v 41.850 10.360 6.120 0.19 0.36 0.58
v 46.150 10.360 6.120 0.19 0.36 0.58
v 46.150 10.760 6.120 0.19 0.36 0.58
v 45.450 10.800 6.120 0.19 0.36 0.58
v 44.900 11.420 6.120 0.19 0.36 0.58
v 43.200 11.460 6.120 0.19 0.36 0.58
v 42.600 10.820 6.120 0.19 0.36 0.58
v 41.850 10.760 6.120 0.19 0.36 0.58
v 45.300 10.820 4.400 0.26 0.33 0.39
v 44.920 11.420 4.400 0.26 0.33 0.39
v 43.220 11.460 4.400 0.26 0.33 0.39
v 42.720 10.860 4.400 0.26 0.33 0.39
v 45.300 10.820 6.000 0.26 0.33 0.39
v 44.920 11.420 6.000 0.26 0.33 0.39
v 43.220 11.460 6.000 0.26 0.33 0.39
v 42.720 10.860 6.000 0.26 0.33 0.39
v 42.910 10.390 4.250 0.13 0.13 0.14
v 42.847 10.584 4.250 0.13 0.13 0.14
v 42.682 10.704 4.250 0.13 0.13 0.14
v 42.478 10.704 4.250 0.13 0.13 0.14
v 42.313 10.584 4.250 0.13 0.13 0.14
v 42.250 10.390 4.250 0.13 0.13 0.14
v 42.313 10.196 4.250 0.13 0.13 0.14
v 42.478 10.076 4.250 0.13 0.13 0.14
v 42.682 10.076 4.250 0.13 0.13 0.14
v 42.847 10.196 4.250 0.13 0.13 0.14
v 42.910 10.390 4.430 0.13 0.13 0.14
v 42.847 10.584 4.430 0.13 0.13 0.14
v 42.682 10.704 4.430 0.13 0.13 0.14
v 42.478 10.704 4.430 0.13 0.13 0.14
v 42.313 10.584 4.430 0.13 0.13 0.14
v 42.250 10.390 4.430 0.13 0.13 0.14
v 42.313 10.196 4.430 0.13 0.13 0.14
v 42.478 10.076 4.430 0.13 0.13 0.14
v 42.682 10.076 4.430 0.13 0.13 0.14
v 42.847 10.196 4.430 0.13 0.13 0.14
v 42.910 10.390 5.970 0.13 0.13 0.14
v 42.847 10.584 5.970 0.13 0.13 0.14
v 42.682 10.704 5.970 0.13 0.13 0.14
v 42.478 10.704 5.970 0.13 0.13 0.14
v 42.313 10.584 5.970 0.13 0.13 0.14
v 42.250 10.390 5.970 0.13 0.13 0.14
v 42.313 10.196 5.970 0.13 0.13 0.14
v 42.478 10.076 5.970 0.13 0.13 0.14
v 42.682 10.076 5.970 0.13 0.13 0.14
v 42.847 10.196 5.970 0.13 0.13 0.14
v 42.910 10.390 6.150 0.13 0.13 0.14
v 42.847 10.584 6.150 0.13 0.13 0.14
v 42.682 10.704 6.150 0.13 0.13 0.14
v 42.478 10.704 6.150 0.13 0.13 0.14
v 42.313 10.584 6.150 0.13 0.13 0.14
v 42.250 10.390 6.150 0.13 0.13 0.14
v 42.313 10.196 6.150 0.13 0.13 0.14
v 42.478 10.076 6.150 0.13 0.13 0.14
v 42.682 10.076 6.150 0.13 0.13 0.14
v 42.847 10.196 6.150 0.13 0.13 0.14
v 45.750 10.390 4.250 0.13 0.13 0.14
v 45.687 10.584 4.250 0.13 0.13 0.14
v 45.522 10.704 4.250 0.13 0.13 0.14
v 45.318 10.704 4.250 0.13 0.13 0.14
v 45.153 10.584 4.250 0.13 0.13 0.14
v 45.090 10.390 4.250 0.13 0.13 0.14
v 45.153 10.196 4.250 0.13 0.13 0.14
v 45.318 10.076 4.250 0.13 0.13 0.14
v 45.522 10.076 4.250 0.13 0.13 0.14
v 45.687 10.196 4.250 0.13 0.13 0.14
v 45.750 10.390 4.430 0.13 0.13 0.14
v 45.687 10.584 4.430 0.13 0.13 0.14
v 45.522 10.704 4.430 0.13 0.13 0.14
v 45.318 10.704 4.430 0.13 0.13 0.14
v 45.153 10.584 4.430 0.13 0.13 0.14
v 45.090 10.390 4.430 0.13 0.13 0.14
v 45.153 10.196 4.430 0.13 0.13 0.14
v 45.318 10.076 4.430 0.13 0.13 0.14
v 45.522 10.076 4.430 0.13 0.13 0.14
v 45.687 10.196 4.430 0.13 0.13 0.14
v 45.750 10.390 5.970 0.13 0.13 0.14
v 45.687 10.584 5.970 0.13 0.13 0.14
v 45.522 10.704 5.970 0.13 0.13 0.14
v 45.318 10.704 5.970 0.13 0.13 0.14
v 45.153 10.584 5.970 0.13 0.13 0.14
v 45.090 10.390 5.970 0.13 0.13 0.14
v 45.153 10.196 5.970 0.13 0.13 0.14
v 45.318 10.076 5.970 0.13 0.13 0.14
v 45.522 10.076 5.970 0.13 0.13 0.14
v 45.687 10.196 5.970 0.13 0.13 0.14
v 45.750 10.390 6.150 0.13 0.13 0.14
v 45.687 10.584 6.150 0.13 0.13 0.14
v 45.522 10.704 6.150 0.13 0.13 0.14
v 45.318 10.704 6.150 0.13 0.13 0.14
v 45.153 10.584 6.150 0.13 0.13 0.14
v 45.090 10.390 6.150 0.13 0.13 0.14
v 45.153 10.196 6.150 0.13 0.13 0.14
v 45.318 10.076 6.150 0.13 0.13 0.14
v 45.522 10.076 6.150 0.13 0.13 0.14
v 45.687 10.196 6.150 0.13 0.13 0.14
v 75.850 10.360 1.480 0.87 0.88 0.89
v 80.150 10.360 1.480 0.87 0.88 0.89
v 80.150 10.760 1.480 0.87 0.88 0.89
v 79.450 10.800 1.480 0.87 0.88 0.89
v 78.900 11.420 1.480 0.87 0.88 0.89
v 77.200 11.460 1.480 0.87 0.88 0.89
v 76.600 10.820 1.480 0.87 0.88 0.89
v 75.850 10.760 1.480 0.87 0.88 0.89
v 75.850 10.360 3.320 0.87 0.88 0.89
v 80.150 10.360 3.320 0.87 0.88 0.89
v 80.150 10.760 3.320 0.87 0.88 0.89
v 79.450 10.800 3.320 0.87 0.88 0.89
v 78.900 11.420 3.320 0.87 0.88 0.89
v 77.200 11.460 3.320 0.87 0.88 0.89
v 76.600 10.820 3.320 0.87 0.88 0.89
v 75.850 10.760 3.320 0.87 0.88 0.89
v 79.300 10.820 1.600 0.26 0.33 0.39
v 78.920 11.420 1.600 0.26 0.33 0.39
v 77.220 11.460 1.600 0.26 0.33 0.39
v 76.720 10.860 1.600 0.26 0.33 0.39
v 79.300 10.820 3.200 0.26 0.33 0.39
v 78.920 11.420 3.200 0.26 0.33 0.39
v 77.220 11.460 3.200 0.26 0.33 0.39
v 76.720 10.860 3.200 0.26 0.33 0.39
v 76.910 10.390 1.450 0.13 0.13 0.14
v 76.847 10.584 1.450 0.13 0.13 0.14
v 76.682 10.704 1.450 0.13 0.13 0.14
v 76.478 10.704 1.450 0.13 0.13 0.14
v 76.313 10.584 1.450 0.13 0.13 0.14
v 76.250 10.390 1.450 0.13 0.13 0.14
v 76.313 10.196 1.450 0.13 0.13 0.14
v 76.478 10.076 1.450 0.13 0.13 0.14
v 76.682 10.076 1.450 0.13 0.13 0.14
v 76.847 10.196 1.450 0.13 0.13 0.14
v 76.910 10.390 1.630 0.13 0.13 0.14
v 76.847 10.584 1.630 0.13 0.13 0.14
v 76.682 10.704 1.630 0.13 0.13 0.14
v 76.478 10.704 1.630 0.13 0.13 0.14
v 76.313 10.584 1.630 0.13 0.13 0.14
v 76.250 10.390 1.630 0.13 0.13 0.14
v 76.313 10.196 1.630 0.13 0.13 0.14
v 76.478 10.076 1.630 0.13 0.13 0.14
v 76.682 10.076 1.630 0.13 0.13 0.14
v 76.847 10.196 1.630 0.13 0.13 0.14
v 76.910 10.390 3.170 0.13 0.13 0.14
v 76.847 10.584 3.170 0.13 0.13 0.14
v 76.682 10.704 3.170 0.13 0.13 0.14
v 76.478 10.704 3.170 0.13 0.13 0.14
v 76.313 10.584 3.170 0.13 0.13 0.14
v 76.250 10.390 3.170 0.13 0.13 0.14
v 76.313 10.196 3.170 0.13 0.13 0.14
v 76.478 10.076 3.170 0.13 0.13 0.14
v 76.682 10.076 3.170 0.13 0.13 0.14
v 76.847 10.196 3.170 0.13 0.13 0.14
v 76.910 10.390 3.350 0.13 0.13 0.14
v 76.847 10.584 3.350 0.13 0.13 0.14
v 76.682 10.704 3.350 0.13 0.13 0.14
v 76.478 10.704 3.350 0.13 0.13 0.14
v 76.313 10.584 3.350 0.13 0.13 0.14
v 76.250 10.390 3.350 0.13 0.13 0.14
v 76.313 10.196 3.350 0.13 0.13 0.14
v 76.478 10.076 3.350 0.13 0.13 0.14
v 76.682 10.076 3.350 0.13 0.13 0.14
v 76.847 10.196 3.350 0.13 0.13 0.14
v 79.750 10.390 1.450 0.13 0.13 0.14
v 79.687 10.584 1.450 0.13 0.13 0.14
v 79.522 10.704 1.450 0.13 0.13 0.14
v 79.318 10.704 1.450 0.13 0.13 0.14
v 79.153 10.584 1.450 0.13 0.13 0.14
v 79.090 10.390 1.450 0.13 0.13 0.14
v 79.153 10.196 1.450 0.13 0.13 0.14
v 79.318 10.076 1.450 0.13 0.13 0.14
v 79.522 10.076 1.450 0.13 0.13 0.14
v 79.687 10.196 1.450 0.13 0.13 0.14
v 79.750 10.390 1.630 0.13 0.13 0.14
v 79.687 10.584 1.630 0.13 0.13 0.14
v 79.522 10.704 1.630 0.13 0.13 0.14
v 79.318 10.704 1.630 0.13 0.13 0.14
v 79.153 10.584 1.630 0.13 0.13 0.14
v 79.090 10.390 1.630 0.13 0.13 0.14
v 79.153 10.196 1.630 0.13 0.13 0.14
v 79.318 10.076 1.630 0.13 0.13 0.14
v 79.522 10.076 1.630 0.13 0.13 0.14
v 79.687 10.196 1.630 0.13 0.13 0.14
v 79.750 10.390 3.170 0.13 0.13 0.14
v 79.687 10.584 3.170 0.13 0.13 0.14
v 79.522 10.704 3.170 0.13 0.13 0.14
v 79.318 10.704 3.170 0.13 0.13 0.14
v 79.153 10.584 3.170 0.13 0.13 0.14
v 79.090 10.390 3.170 0.13 0.13 0.14
v 79.153 10.196 3.170 0.13 0.13 0.14
v 79.318 10.076 3.170 0.13 0.13 0.14
v 79.522 10.076 3.170 0.13 0.13 0.14
v 79.687 10.196 3.170 0.13 0.13 0.14
v 79.750 10.390 3.350 0.13 0.13 0.14
v 79.687 10.584 3.350 0.13 0.13 0.14
v 79.522 10.704 3.350 0.13 0.13 0.14
v 79.318 10.704 3.350 0.13 0.13 0.14
v 79.153 10.584 3.350 0.13 0.13 0.14
v 79.090 10.390 3.350 0.13 0.13 0.14
v 79.153 10.196 3.350 0.13 0.13 0.14
v 79.318 10.076 3.350 0.13 0.13 0.14
v 79.522 10.076 3.350 0.13 0.13 0.14
v 79.687 10.196 3.350 0.13 0.13 0.14
v 25.530 9.488 -13.280 0.68 0.19 0.16
v 29.830 9.488 -13.280 0.68 0.19 0.16
v 29.830 9.888 -13.280 0.68 0.19 0.16
v 29.130 9.928 -13.280 0.68 0.19 0.16
v 28.580 10.548 -13.280 0.68 0.19 0.16
v 26.880 10.588 -13.280 0.68 0.19 0.16
v 26.280 9.948 -13.280 0.68 0.19 0.16
v 25.530 9.888 -13.280 0.68 0.19 0.16
v 25.530 9.488 -11.440 0.68 0.19 0.16
v 29.830 9.488 -11.440 0.68 0.19 0.16
v 29.830 9.888 -11.440 0.68 0.19 0.16
v 29.130 9.928 -11.440 0.68 0.19 0.16
v 28.580 10.548 -11.440 0.68 0.19 0.16
v 26.880 10.588 -11.440 0.68 0.19 0.16
v 26.280 9.948 -11.440 0.68 0.19 0.16
v 25.530 9.888 -11.440 0.68 0.19 0.16
v 28.980 9.948 -13.160 0.26 0.33 0.39
v 28.600 10.548 -13.160 0.26 0.33 0.39
v 26.900 10.588 -13.160 0.26 0.33 0.39
v 26.400 9.988 -13.160 0.26 0.33 0.39
v 28.980 9.948 -11.560 0.26 0.33 0.39
v 28.600 10.548 -11.560 0.26 0.33 0.39
v 26.900 10.588 -11.560 0.26 0.33 0.39
v 26.400 9.988 -11.560 0.26 0.33 0.39
v 26.590 9.518 -13.310 0.13 0.13 0.14
v 26.527 9.712 -13.310 0.13 0.13 0.14
v 26.362 9.832 -13.310 0.13 0.13 0.14
v 26.158 9.832 -13.310 0.13 0.13 0.14
v 25.993 9.712 -13.310 0.13 0.13 0.14
v 25.930 9.518 -13.310 0.13 0.13 0.14
v 25.993 9.324 -13.310 0.13 0.13 0.14
v 26.158 9.204 -13.310 0.13 0.13 0.14
v 26.362 9.204 -13.310 0.13 0.13 0.14
v 26.527 9.324 -13.310 0.13 0.13 0.14
v 26.590 9.518 -13.130 0.13 0.13 0.14
v 26.527 9.712 -13.130 0.13 0.13 0.14
v 26.362 9.832 -13.130 0.13 0.13 0.14
v 26.158 9.832 -13.130 0.13 0.13 0.14
v 25.993 9.712 -13.130 0.13 0.13 0.14
v 25.930 9.518 -13.130 0.13 0.13 0.14
v 25.993 9.324 -13.130 0.13 0.13 0.14
v 26.158 9.204 -13.130 0.13 0.13 0.14
v 26.362 9.204 -13.130 0.13 0.13 0.14
v 26.527 9.324 -13.130 0.13 0.13 0.14
v 26.590 9.518 -11.590 0.13 0.13 0.14
v 26.527 9.712 -11.590 0.13 0.13 0.14
v 26.362 9.832 -11.590 0.13 0.13 0.14
v 26.158 9.832 -11.590 0.13 0.13 0.14
v 25.993 9.712 -11.590 0.13 0.13 0.14
v 25.930 9.518 -11.590 0.13 0.13 0.14
v 25.993 9.324 -11.590 0.13 0.13 0.14
v 26.158 9.204 -11.590 0.13 0.13 0.14
v 26.362 9.204 -11.590 0.13 0.13 0.14
v 26.527 9.324 -11.590 0.13 0.13 0.14
v 26.590 9.518 -11.410 0.13 0.13 0.14
v 26.527 9.712 -11.410 0.13 0.13 0.14
v 26.362 9.832 -11.410 0.13 0.13 0.14
v 26.158 9.832 -11.410 0.13 0.13 0.14
v 25.993 9.712 -11.410 0.13 0.13 0.14
v 25.930 9.518 -11.410 0.13 0.13 0.14
v 25.993 9.324 -11.410 0.13 0.13 0.14
v 26.158 9.204 -11.410 0.13 0.13 0.14
v 26.362 9.204 -11.410 0.13 0.13 0.14
v 26.527 9.324 -11.410 0.13 0.13 0.14
v 29.430 9.518 -13.310 0.13 0.13 0.14
v 29.367 9.712 -13.310 0.13 0.13 0.14
v 29.202 9.832 -13.310 0.13 0.13 0.14
v 28.998 9.832 -13.310 0.13 0.13 0.14
v 28.833 9.712 -13.310 0.13 0.13 0.14
v 28.770 9.518 -13.310 0.13 0.13 0.14
v 28.833 9.324 -13.310 0.13 0.13 0.14
v 28.998 9.204 -13.310 0.13 0.13 0.14
v 29.202 9.204 -13.310 0.13 0.13 0.14
v 29.367 9.324 -13.310 0.13 0.13 0.14
v 29.430 9.518 -13.130 0.13 0.13 0.14
v 29.367 9.712 -13.130 0.13 0.13 0.14
v 29.202 9.832 -13.130 0.13 0.13 0.14
v 28.998 9.832 -13.130 0.13 0.13 0.14
v 28.833 9.712 -13.130 0.13 0.13 0.14
v 28.770 9.518 -13.130 0.13 0.13 0.14
v 28.833 9.324 -13.130 0.13 0.13 0.14
v 28.998 9.204 -13.130 0.13 0.13 0.14
v 29.202 9.204 -13.130 0.13 0.13 0.14
v 29.367 9.324 -13.130 0.13 0.13 0.14
v 29.430 9.518 -11.590 0.13 0.13 0.14
v 29.367 9.712 -11.590 0.13 0.13 0.14
v 29.202 9.832 -11.590 0.13 0.13 0.14
v 28.998 9.832 -11.590 0.13 0.13 0.14
v 28.833 9.712 -11.590 0.13 0.13 0.14
v 28.770 9.518 -11.590 0.13 0.13 0.14
v 28.833 9.324 -11.590 0.13 0.13 0.14
v 28.998 9.204 -11.590 0.13 0.13 0.14
v 29.202 9.204 -11.590 0.13 0.13 0.14
v 29.367 9.324 -11.590 0.13 0.13 0.14
v 29.430 9.518 -11.410 0.13 0.13 0.14
v 29.367 9.712 -11.410 0.13 0.13 0.14
v 29.202 9.832 -11.410 0.13 0.13 0.14
v 28.998 9.832 -11.410 0.13 0.13 0.14
v 28.833 9.712 -11.410 0.13 0.13 0.14
v 28.770 9.518 -11.410 0.13 0.13 0.14
v 28.833 9.324 -11.410 0.13 0.13 0.14
v 28.998 9.204 -11.410 0.13 0.13 0.14
v 29.202 9.204 -11.410 0.13 0.13 0.14
v 29.367 9.324 -11.410 0.13 0.13 0.14
v 56.550 5.193 -20.095 0.87 0.88 0.89
v 60.850 5.193 -20.095 0.87 0.88 0.89
v 60.850 5.593 -20.095 0.87 0.88 0.89
v 60.150 5.633 -20.095 0.87 0.88 0.89
v 59.600 6.253 -20.095 0.87 0.88 0.89
v 57.900 6.293 -20.095 0.87 0.88 0.89
v 57.300 5.653 -20.095 0.87 0.88 0.89
v 56.550 5.593 -20.095 0.87 0.88 0.89
v 56.550 5.193 -18.255 0.87 0.88 0.89
v 60.850 5.193 -18.255 0.87 0.88 0.89
v 60.850 5.593 -18.255 0.87 0.88 0.89
v 60.150 5.633 -18.255 0.87 0.88 0.89
v 59.600 6.253 -18.255 0.87 0.88 0.89
v 57.900 6.293 -18.255 0.87 0.88 0.89
v 57.300 5.653 -18.255 0.87 0.88 0.89
v 56.550 5.593 -18.255 0.87 0.88 0.89
v 60.000 5.653 -19.975 0.26 0.33 0.39
v 59.620 6.253 -19.975 0.26 0.33 0.39
v 57.920 6.293 -19.975 0.26 0.33 0.39
v 57.420 5.693 -19.975 0.26 0.33 0.39
v 60.000 5.653 -18.375 0.26 0.33 0.39
v 59.620 6.253 -18.375 0.26 0.33 0.39
v 57.920 6.293 -18.375 0.26 0.33 0.39
v 57.420 5.693 -18.375 0.26 0.33 0.39
v 57.610 5.223 -20.125 0.13 0.13 0.14
v 57.547 5.417 -20.125 0.13 0.13 0.14
v 57.382 5.536 -20.125 0.13 0.13 0.14
v 57.178 5.536 -20.125 0.13 0.13 0.14
v 57.013 5.417 -20.125 0.13 0.13 0.14
v 56.950 5.223 -20.125 0.13 0.13 0.14
v 57.013 5.029 -20.125 0.13 0.13 0.14
v 57.178 4.909 -20.125 0.13 0.13 0.14
v 57.382 4.909 -20.125 0.13 0.13 0.14
v 57.547 5.029 -20.125 0.13 0.13 0.14
v 57.610 5.223 -19.945 0.13 0.13 0.14
v 57.547 5.417 -19.945 0.13 0.13 0.14
v 57.382 5.536 -19.945 0.13 0.13 0.14
v 57.178 5.536 -19.945 0.13 0.13 0.14
v 57.013 5.417 -19.945 0.13 0.13 0.14
v 56.950 5.223 -19.945 0.13 0.13 0.14
v 57.013 5.029 -19.945 0.13 0.13 0.14
v 57.178 4.909 -19.945 0.13 0.13 0.14
v 57.382 4.909 -19.945 0.13 0.13 0.14
v 57.547 5.029 -19.945 0.13 0.13 0.14
v 57.610 5.223 -18.405 0.13 0.13 0.14
v 57.547 5.417 -18.405 0.13 0.13 0.14
v 57.382 5.536 -18.405 0.13 0.13 0.14
v 57.178 5.536 -18.405 0.13 0.13 0.14
v 57.013 5.417 -18.405 0.13 0.13 0.14
v 56.950 5.223 -18.405 0.13 0.13 0.14
v 57.013 5.029 -18.405 0.13 0.13 0.14
v 57.178 4.909 -18.405 0.13 0.13 0.14
v 57.382 4.909 -18.405 0.13 0.13 0.14
v 57.547 5.029 -18.405 0.13 0.13 0.14
v 57.610 5.223 -18.225 0.13 0.13 0.14
v 57.547 5.417 -18.225 0.13 0.13 0.14
v 57.382 5.536 -18.225 0.13 0.13 0.14
v 57.178 5.536 -18.225 0.13 0.13 0.14
v 57.013 5.417 -18.225 0.13 0.13 0.14
v 56.950 5.223 -18.225 0.13 0.13 0.14
v 57.013 5.029 -18.225 0.13 0.13 0.14
v 57.178 4.909 -18.225 0.13 0.13 0.14
v 57.382 4.909 -18.225 0.13 0.13 0.14
v 57.547 5.029 -18.225 0.13 0.13 0.14
v 60.450 5.223 -20.125 0.13 0.13 0.14
v 60.387 5.417 -20.125 0.13 0.13 0.14
v 60.222 5.536 -20.125 0.13 0.13 0.14
v 60.018 5.536 -20.125 0.13 0.13 0.14
v 59.853 5.417 -20.125 0.13 0.13 0.14
v 59.790 5.223 -20.125 0.13 0.13 0.14
v 59.853 5.029 -20.125 0.13 0.13 0.14
v 60.018 4.909 -20.125 0.13 0.13 0.14
v 60.222 4.909 -20.125 0.13 0.13 0.14
v 60.387 5.029 -20.125 0.13 0.13 0.14
v 60.450 5.223 -19.945 0.13 0.13 0.14
v 60.387 5.417 -19.945 0.13 0.13 0.14
v 60.222 5.536 -19.945 0.13 0.13 0.14
v 60.018 5.536 -19.945 0.13 0.13 0.14
v 59.853 5.417 -19.945 0.13 0.13 0.14
v 59.790 5.223 -19.945 0.13 0.13 0.14
v 59.853 5.029 -19.945 0.13 0.13 0.14
v 60.018 4.909 -19.945 0.13 0.13 0.14
v 60.222 4.909 -19.945 0.13 0.13 0.14
v 60.387 5.029 -19.945 0.13 0.13 0.14
v 60.450 5.223 -18.405 0.13 0.13 0.14
v 60.387 5.417 -18.405 0.13 0.13 0.14
v 60.222 5.536 -18.405 0.13 0.13 0.14
v 60.018 5.536 -18.405 0.13 0.13 0.14
v 59.853 5.417 -18.405 0.13 0.13 0.14
v 59.790 5.223 -18.405 0.13 0.13 0.14
v 59.853 5.029 -18.405 0.13 0.13 0.14
v 60.018 4.909 -18.405 0.13 0.13 0.14
v 60.222 4.909 -18.405 0.13 0.13 0.14
v 60.387 5.029 -18.405 0.13 0.13 0.14
v 60.450 5.223 -18.225 0.13 0.13 0.14
v 60.387 5.417 -18.225 0.13 0.13 0.14
v 60.222 5.536 -18.225 0.13 0.13 0.14
v 60.018 5.536 -18.225 0.13 0.13 0.14
v 59.853 5.417 -18.225 0.13 0.13 0.14
v 59.790 5.223 -18.225 0.13 0.13 0.14
v 59.853 5.029 -18.225 0.13 0.13 0.14
v 60.018 4.909 -18.225 0.13 0.13 0.14
v 60.222 4.909 -18.225 0.13 0.13 0.14
v 60.387 5.029 -18.225 0.13 0.13 0.14
v 81.930 1.782 -21.420 0.86 0.68 0.13
v 86.230 1.782 -21.420 0.86 0.68 0.13
v 86.230 2.182 -21.420 0.86 0.68 0.13
v 85.530 2.222 -21.420 0.86 0.68 0.13
v 84.980 2.842 -21.420 0.86 0.68 0.13
v 83.280 2.882 -21.420 0.86 0.68 0.13
v 82.680 2.242 -21.420 0.86 0.68 0.13
v 81.930 2.182 -21.420 0.86 0.68 0.13
v 81.930 1.782 -19.580 0.86 0.68 0.13
v 86.230 1.782 -19.580 0.86 0.68 0.13
v 86.230 2.182 -19.580 0.86 0.68 0.13
v 85.530 2.222 -19.580 0.86 0.68 0.13
v 84.980 2.842 -19.580 0.86 0.68 0.13
v 83.280 2.882 -19.580 0.86 0.68 0.13
v 82.680 2.242 -19.580 0.86 0.68 0.13
v 81.930 2.182 -19.580 0.86 0.68 0.13
v 85.380 2.242 -21.300 0.26 0.33 0.39
v 85.000 2.842 -21.300 0.26 0.33 0.39
v 83.300 2.882 -21.300 0.26 0.33 0.39
v 82.800 2.282 -21.300 0.26 0.33 0.39
v 85.380 2.242 -19.700 0.26 0.33 0.39
v 85.000 2.842 -19.700 0.26 0.33 0.39
v 83.300 2.882 -19.700 0.26 0.33 0.39
v 82.800 2.282 -19.700 0.26 0.33 0.39
v 82.990 1.812 -21.450 0.13 0.13 0.14
v 82.927 2.006 -21.450 0.13 0.13 0.14
v 82.762 2.126 -21.450 0.13 0.13 0.14
v 82.558 2.126 -21.450 0.13 0.13 0.14
v 82.393 2.006 -21.450 0.13 0.13 0.14
v 82.330 1.812 -21.450 0.13 0.13 0.14
v 82.393 1.618 -21.450 0.13 0.13 0.14
v 82.558 1.498 -21.450 0.13 0.13 0.14
v 82.762 1.498 -21.450 0.13 0.13 0.14
v 82.927 1.618 -21.450 0.13 0.13 0.14
v 82.990 1.812 -21.270 0.13 0.13 0.14
v 82.927 2.006 -21.270 0.13 0.13 0.14
v 82.762 2.126 -21.270 0.13 0.13 0.14
v 82.558 2.126 -21.270 0.13 0.13 0.14
v 82.393 2.006 -21.270 0.13 0.13 0.14
v 82.330 1.812 -21.270 0.13 0.13 0.14
v 82.393 1.618 -21.270 0.13 0.13 0.14
v 82.558 1.498 -21.270 0.13 0.13 0.14
v 82.762 1.498 -21.270 0.13 0.13 0.14
v 82.927 1.618 -21.270 0.13 0.13 0.14
v 82.990 1.812 -19.730 0.13 0.13 0.14
v 82.927 2.006 -19.730 0.13 0.13 0.14
v 82.762 2.126 -19.730 0.13 0.13 0.14
v 82.558 2.126 -19.730 0.13 0.13 0.14
v 82.393 2.006 -19.730 0.13 0.13 0.14
v 82.330 1.812 -19.730 0.13 0.13 0.14
v 82.393 1.618 -19.730 0.13 0.13 0.14
v 82.558 1.498 -19.730 0.13 0.13 0.14
v 82.762 1.498 -19.730 0.13 0.13 0.14
v 82.927 1.618 -19.730 0.13 0.13 0.14
v 82.990 1.812 -19.550 0.13 0.13 0.14
v 82.927 2.006 -19.550 0.13 0.13 0.14
v 82.762 2.126 -19.550 0.13 0.13 0.14
v 82.558 2.126 -19.550 0.13 0.13 0.14
v 82.393 2.006 -19.550 0.13 0.13 0.14
v 82.330 1.812 -19.550 0.13 0.13 0.14
v 82.393 1.618 -19.550 0.13 0.13 0.14
v 82.558 1.498 -19.550 0.13 0.13 0.14
v 82.762 1.498 -19.550 0.13 0.13 0.14
v 82.927 1.618 -19.550 0.13 0.13 0.14
v 85.830 1.812 -21.450 0.13 0.13 0.14
v 85.767 2.006 -21.450 0.13 0.13 0.14
v 85.602 2.126 -21.450 0.13 0.13 0.14
v 85.398 2.126 -21.450 0.13 0.13 0.14
v 85.233 2.006 -21.450 0.13 0.13 0.14
v 85.170 1.812 -21.450 0.13 0.13 0.14
v 85.233 1.618 -21.450 0.13 0.13 0.14
v 85.398 1.498 -21.450 0.13 0.13 0.14
v 85.602 1.498 -21.450 0.13 0.13 0.14
v 85.767 1.618 -21.450 0.13 0.13 0.14
v 85.830 1.812 -21.270 0.13 0.13 0.14
v 85.767 2.006 -21.270 0.13 0.13 0.14
v 85.602 2.126 -21.270 0.13 0.13 0.14
v 85.398 2.126 -21.270 0.13 0.13 0.14
v 85.233 2.006 -21.270 0.13 0.13 0.14
v 85.170 1.812 -21.270 0.13 0.13 0.14
v 85.233 1.618 -21.270 0.13 0.13 0.14
v 85.398 1.498 -21.270 0.13 0.13 0.14
v 85.602 1.498 -21.270 0.13 0.13 0.14
v 85.767 1.618 -21.270 0.13 0.13 0.14
v 85.830 1.812 -19.730 0.13 0.13 0.14
v 85.767 2.006 -19.730 0.13 0.13 0.14
v 85.602 2.126 -19.730 0.13 0.13 0.14
v 85.398 2.126 -19.730 0.13 0.13 0.14
v 85.233 2.006 -19.730 0.13 0.13 0.14
v 85.170 1.812 -19.730 0.13 0.13 0.14
v 85.233 1.618 -19.730 0.13 0.13 0.14
v 85.398 1.498 -19.730 0.13 0.13 0.14
v 85.602 1.498 -19.730 0.13 0.13 0.14
v 85.767 1.618 -19.730 0.13 0.13 0.14
v 85.830 1.812 -19.550 0.13 0.13 0.14
v 85.767 2.006 -19.550 0.13 0.13 0.14
v 85.602 2.126 -19.550 0.13 0.13 0.14
v 85.398 2.126 -19.550 0.13 0.13 0.14
v 85.233 2.006 -19.550 0.13 0.13 0.14
v 85.170 1.812 -19.550 0.13 0.13 0.14
v 85.233 1.618 -19.550 0.13 0.13 0.14
v 85.398 1.498 -19.550 0.13 0.13 0.14
v 85.602 1.498 -19.550 0.13 0.13 0.14
v 85.767 1.618 -19.550 0.13 0.13 0.14
v -29.830 9.488 -13.280 0.68 0.19 0.16
v -25.530 9.488 -13.280 0.68 0.19 0.16
v -25.530 9.888 -13.280 0.68 0.19 0.16
v -26.230 9.928 -13.280 0.68 0.19 0.16
v -26.780 10.548 -13.280 0.68 0.19 0.16
v -28.480 10.588 -13.280 0.68 0.19 0.16
v -29.080 9.948 -13.280 0.68 0.19 0.16
v -29.830 9.888 -13.280 0.68 0.19 0.16
v -29.830 9.488 -11.440 0.68 0.19 0.16
v -25.530 9.488 -11.440 0.68 0.19 0.16
v -25.530 9.888 -11.440 0.68 0.19 0.16
v -26.230 9.928 -11.440 0.68 0.19 0.16
v -26.780 10.548 -11.440 0.68 0.19 0.16
v -28.480 10.588 -11.440 0.68 0.19 0.16
v -29.080 9.948 -11.440 0.68 0.19 0.16
v -29.830 9.888 -11.440 0.68 0.19 0.16
v -26.380 9.948 -13.160 0.26 0.33 0.39
v -26.760 10.548 -13.160 0.26 0.33 0.39
v -28.460 10.588 -13.160 0.26 0.33 0.39
v -28.960 9.988 -13.160 0.26 0.33 0.39
v -26.380 9.948 -11.560 0.26 0.33 0.39
v -26.760 10.548 -11.560 0.26 0.33 0.39
v -28.460 10.588 -11.560 0.26 0.33 0.39
v -28.960 9.988 -11.560 0.26 0.33 0.39
v -28.770 9.518 -13.310 0.13 0.13 0.14
v -28.833 9.712 -13.310 0.13 0.13 0.14
v -28.998 9.832 -13.310 0.13 0.13 0.14
v -29.202 9.832 -13.310 0.13 0.13 0.14
v -29.367 9.712 -13.310 0.13 0.13 0.14
v -29.430 9.518 -13.310 0.13 0.13 0.14
v -29.367 9.324 -13.310 0.13 0.13 0.14
v -29.202 9.204 -13.310 0.13 0.13 0.14
v -28.998 9.204 -13.310 0.13 0.13 0.14
v -28.833 9.324 -13.310 0.13 0.13 0.14
v -28.770 9.518 -13.130 0.13 0.13 0.14
v -28.833 9.712 -13.130 0.13 0.13 0.14
v -28.998 9.832 -13.130 0.13 0.13 0.14
v -29.202 9.832 -13.130 0.13 0.13 0.14
v -29.367 9.712 -13.130 0.13 0.13 0.14
v -29.430 9.518 -13.130 0.13 0.13 0.14
v -29.367 9.324 -13.130 0.13 0.13 0.14
v -29.202 9.204 -13.130 0.13 0.13 0.14
v -28.998 9.204 -13.130 0.13 0.13 0.14
v -28.833 9.324 -13.130 0.13 0.13 0.14
v -28.770 9.518 -11.590 0.13 0.13 0.14
v -28.833 9.712 -11.590 0.13 0.13 0.14
v -28.998 9.832 -11.590 0.13 0.13 0.14
v -29.202 9.832 -11.590 0.13 0.13 0.14
v -29.367 9.712 -11.590 0.13 0.13 0.14
v -29.430 9.518 -11.590 0.13 0.13 0.14
v -29.367 9.324 -11.590 0.13 0.13 0.14
v -29.202 9.204 -11.590 0.13 0.13 0.14
v -28.998 9.204 -11.590 0.13 0.13 0.14
v -28.833 9.324 -11.590 0.13 0.13 0.14
v -28.770 9.518 -11.410 0.13 0.13 0.14
v -28.833 9.712 -11.410 0.13 0.13 0.14
v -28.998 9.832 -11.410 0.13 0.13 0.14
v -29.202 9.832 -11.410 0.13 0.13 0.14
v -29.367 9.712 -11.410 0.13 0.13 0.14
v -29.430 9.518 -11.410 0.13 0.13 0.14
v -29.367 9.324 -11.410 0.13 0.13 0.14
v -29.202 9.204 -11.410 0.13 0.13 0.14
v -28.998 9.204 -11.410 0.13 0.13 0.14
v -28.833 9.324 -11.410 0.13 0.13 0.14
v -25.930 9.518 -13.310 0.13 0.13 0.14
v -25.993 9.712 -13.310 0.13 0.13 0.14
v -26.158 9.832 -13.310 0.13 0.13 0.14
v -26.362 9.832 -13.310 0.13 0.13 0.14
v -26.527 9.712 -13.310 0.13 0.13 0.14
v -26.590 9.518 -13.310 0.13 0.13 0.14
v -26.527 9.324 -13.310 0.13 0.13 0.14
v -26.362 9.204 -13.310 0.13 0.13 0.14
v -26.158 9.204 -13.310 0.13 0.13 0.14
v -25.993 9.324 -13.310 0.13 0.13 0.14
v -25.930 9.518 -13.130 0.13 0.13 0.14
v -25.993 9.712 -13.130 0.13 0.13 0.14
v -26.158 9.832 -13.130 0.13 0.13 0.14
v -26.362 9.832 -13.130 0.13 0.13 0.14
v -26.527 9.712 -13.130 0.13 0.13 0.14
v -26.590 9.518 -13.130 0.13 0.13 0.14
v -26.527 9.324 -13.130 0.13 0.13 0.14
v -26.362 9.204 -13.130 0.13 0.13 0.14
v -26.158 9.204 -13.130 0.13 0.13 0.14
v -25.993 9.324 -13.130 0.13 0.13 0.14
v -25.930 9.518 -11.590 0.13 0.13 0.14
v -25.993 9.712 -11.590 0.13 0.13 0.14
v -26.158 9.832 -11.590 0.13 0.13 0.14
v -26.362 9.832 -11.590 0.13 0.13 0.14
v -26.527 9.712 -11.590 0.13 0.13 0.14
v -26.590 9.518 -11.590 0.13 0.13 0.14
v -26.527 9.324 -11.590 0.13 0.13 0.14
v -26.362 9.204 -11.590 0.13 0.13 0.14
v -26.158 9.204 -11.590 0.13 0.13 0.14
v -25.993 9.324 -11.590 0.13 0.13 0.14
v -25.930 9.518 -11.410 0.13 0.13 0.14
v -25.993 9.712 -11.410 0.13 0.13 0.14
v -26.158 9.832 -11.410 0.13 0.13 0.14
v -26.362 9.832 -11.410 0.13 0.13 0.14
v -26.527 9.712 -11.410 0.13 0.13 0.14
v -26.590 9.518 -11.410 0.13 0.13 0.14
v -26.527 9.324 -11.410 0.13 0.13 0.14
v -26.362 9.204 -11.410 0.13 0.13 0.14
v -26.158 9.204 -11.410 0.13 0.13 0.14
v -25.993 9.324 -11.410 0.13 0.13 0.14
v -60.850 5.193 -20.095 0.87 0.88 0.89
v -56.550 5.193 -20.095 0.87 0.88 0.89
v -56.550 5.593 -20.095 0.87 0.88 0.89
v -57.250 5.633 -20.095 0.87 0.88 0.89
v -57.800 6.253 -20.095 0.87 0.88 0.89
v -59.500 6.293 -20.095 0.87 0.88 0.89
v -60.100 5.653 -20.095 0.87 0.88 0.89
v -60.850 5.593 -20.095 0.87 0.88 0.89
v -60.850 5.193 -18.255 0.87 0.88 0.89
v -56.550 5.193 -18.255 0.87 0.88 0.89
v -56.550 5.593 -18.255 0.87 0.88 0.89
v -57.250 5.633 -18.255 0.87 0.88 0.89
v -57.800 6.253 -18.255 0.87 0.88 0.89
v -59.500 6.293 -18.255 0.87 0.88 0.89
v -60.100 5.653 -18.255 0.87 0.88 0.89
v -60.850 5.593 -18.255 0.87 0.88 0.89
v -57.400 5.653 -19.975 0.26 0.33 0.39
v -57.780 6.253 -19.975 0.26 0.33 0.39
v -59.480 6.293 -19.975 0.26 0.33 0.39
v -59.980 5.693 -19.975 0.26 0.33 0.39
v -57.400 5.653 -18.375 0.26 0.33 0.39
v -57.780 6.253 -18.375 0.26 0.33 0.39
v -59.480 6.293 -18.375 0.26 0.33 0.39
v -59.980 5.693 -18.375 0.26 0.33 0.39
v -59.790 5.223 -20.125 0.13 0.13 0.14
v -59.853 5.417 -20.125 0.13 0.13 0.14
v -60.018 5.536 -20.125 0.13 0.13 0.14
v -60.222 5.536 -20.125 0.13 0.13 0.14
v -60.387 5.417 -20.125 0.13 0.13 0.14
v -60.450 5.223 -20.125 0.13 0.13 0.14
v -60.387 5.029 -20.125 0.13 0.13 0.14
v -60.222 4.909 -20.125 0.13 0.13 0.14
v -60.018 4.909 -20.125 0.13 0.13 0.14
v -59.853 5.029 -20.125 0.13 0.13 0.14
v -59.790 5.223 -19.945 0.13 0.13 0.14
v -59.853 5.417 -19.945 0.13 0.13 0.14
v -60.018 5.536 -19.945 0.13 0.13 0.14
v -60.222 5.536 -19.945 0.13 0.13 0.14
v -60.387 5.417 -19.945 0.13 0.13 0.14
v -60.450 5.223 -19.945 0.13 0.13 0.14
v -60.387 5.029 -19.945 0.13 0.13 0.14
v -60.222 4.909 -19.945 0.13 0.13 0.14
v -60.018 4.909 -19.945 0.13 0.13 0.14
v -59.853 5.029 -19.945 0.13 0.13 0.14
v -59.790 5.223 -18.405 0.13 0.13 0.14
v -59.853 5.417 -18.405 0.13 0.13 0.14
v -60.018 5.536 -18.405 0.13 0.13 0.14
v -60.222 5.536 -18.405 0.13 0.13 0.14
v -60.387 5.417 -18.405 0.13 0.13 0.14
v -60.450 5.223 -18.405 0.13 0.13 0.14
v -60.387 5.029 -18.405 0.13 0.13 0.14
v -60.222 4.909 -18.405 0.13 0.13 0.14
v -60.018 4.909 -18.405 0.13 0.13 0.14
v -59.853 5.029 -18.405 0.13 0.13 0.14
v -59.790 5.223 -18.225 0.13 0.13 0.14
v -59.853 5.417 -18.225 0.13 0.13 0.14
v -60.018 5.536 -18.225 0.13 0.13 0.14
v -60.222 5.536 -18.225 0.13 0.13 0.14
v -60.387 5.417 -18.225 0.13 0.13 0.14
v -60.450 5.223 -18.225 0.13 0.13 0.14
v -60.387 5.029 -18.225 0.13 0.13 0.14
v -60.222 4.909 -18.225 0.13 0.13 0.14
v -60.018 4.909 -18.225 0.13 0.13 0.14
v -59.853 5.029 -18.225 0.13 0.13 0.14
v -56.950 5.223 -20.125 0.13 0.13 0.14
v -57.013 5.417 -20.125 0.13 0.13 0.14
v -57.178 5.536 -20.125 0.13 0.13 0.14
v -57.382 5.536 -20.125 0.13 0.13 0.14
v -57.547 5.417 -20.125 0.13 0.13 0.14
v -57.610 5.223 -20.125 0.13 0.13 0.14
v -57.547 5.029 -20.125 0.13 0.13 0.14
v -57.382 4.909 -20.125 0.13 0.13 0.14
v -57.178 4.909 -20.125 0.13 0.13 0.14
v -57.013 5.029 -20.125 0.13 0.13 0.14
v -56.950 5.223 -19.945 0.13 0.13 0.14
v -57.013 5.417 -19.945 0.13 0.13 0.14
v -57.178 5.536 -19.945 0.13 0.13 0.14
v -57.382 5.536 -19.945 0.13 0.13 0.14
v -57.547 5.417 -19.945 0.13 0.13 0.14
v -57.610 5.223 -19.945 0.13 0.13 0.14
v -57.547 5.029 -19.945 0.13 0.13 0.14
v -57.382 4.909 -19.945 0.13 0.13 0.14
v -57.178 4.909 -19.945 0.13 0.13 0.14
v -57.013 5.029 -19.945 0.13 0.13 0.14
v -56.950 5.223 -18.405 0.13 0.13 0.14
v -57.013 5.417 -18.405 0.13 0.13 0.14
v -57.178 5.536 -18.405 0.13 0.13 0.14
v -57.382 5.536 -18.405 0.13 0.13 0.14
v -57.547 5.417 -18.405 0.13 0.13 0.14
v -57.610 5.223 -18.405 0.13 0.13 0.14
v -57.547 5.029 -18.405 0.13 0.13 0.14
v -57.382 4.909 -18.405 0.13 0.13 0.14
v -57.178 4.909 -18.405 0.13 0.13 0.14
v -57.013 5.029 -18.405 0.13 0.13 0.14
v -56.950 5.223 -18.225 0.13 0.13 0.14
v -57.013 5.417 -18.225 0.13 0.13 0.14
v -57.178 5.536 -18.225 0.13 0.13 0.14
v -57.382 5.536 -18.225 0.13 0.13 0.14
v -57.547 5.417 -18.225 0.13 0.13 0.14
v -57.610 5.223 -18.225 0.13 0.13 0.14
v -57.547 5.029 -18.225 0.13 0.13 0.14
v -57.382 4.909 -18.225 0.13 0.13 0.14
v -57.178 4.909 -18.225 0.13 0.13 0.14
v -57.013 5.029 -18.225 0.13 0.13 0.14
v -86.230 1.782 -21.420 0.86 0.68 0.13
v -81.930 1.782 -21.420 0.86 0.68 0.13
v -81.930 2.182 -21.420 0.86 0.68 0.13
v -82.630 2.222 -21.420 0.86 0.68 0.13
v -83.180 2.842 -21.420 0.86 0.68 0.13
v -84.880 2.882 -21.420 0.86 0.68 0.13
v -85.480 2.242 -21.420 0.86 0.68 0.13
v -86.230 2.182 -21.420 0.86 0.68 0.13
v -86.230 1.782 -19.580 0.86 0.68 0.13
v -81.930 1.782 -19.580 0.86 0.68 0.13
v -81.930 2.182 -19.580 0.86 0.68 0.13
v -82.630 2.222 -19.580 0.86 0.68 0.13
v -83.180 2.842 -19.580 0.86 0.68 0.13
v -84.880 2.882 -19.580 0.86 0.68 0.13
v -85.480 2.242 -19.580 0.86 0.68 0.13
v -86.230 2.182 -19.580 0.86 0.68 0.13
v -82.780 2.242 -21.300 0.26 0.33 0.39
v -83.160 2.842 -21.300 0.26 0.33 0.39
v -84.860 2.882 -21.300 0.26 0.33 0.39
v -85.360 2.282 -21.300 0.26 0.33 0.39
v -82.780 2.242 -19.700 0.26 0.33 0.39
v -83.160 2.842 -19.700 0.26 0.33 0.39
v -84.860 2.882 -19.700 0.26 0.33 0.39
v -85.360 2.282 -19.700 0.26 0.33 0.39
v -85.170 1.812 -21.450 0.13 0.13 0.14
v -85.233 2.006 -21.450 0.13 0.13 0.14
v -85.398 2.126 -21.450 0.13 0.13 0.14
v -85.602 2.126 -21.450 0.13 0.13 0.14
v -85.767 2.006 -21.450 0.13 0.13 0.14
v -85.830 1.812 -21.450 0.13 0.13 0.14
v -85.767 1.618 -21.450 0.13 0.13 0.14
v -85.602 1.498 -21.450 0.13 0.13 0.14
v -85.398 1.498 -21.450 0.13 0.13 0.14
v -85.233 1.618 -21.450 0.13 0.13 0.14
v -85.170 1.812 -21.270 0.13 0.13 0.14
v -85.233 2.006 -21.270 0.13 0.13 0.14
v -85.398 2.126 -21.270 0.13 0.13 0.14
v -85.602 2.126 -21.270 0.13 0.13 0.14
v -85.767 2.006 -21.270 0.13 0.13 0.14
v -85.830 1.812 -21.270 0.13 0.13 0.14
v -85.767 1.618 -21.270 0.13 0.13 0.14
v -85.602 1.498 -21.270 0.13 0.13 0.14
v -85.398 1.498 -21.270 0.13 0.13 0.14
v -85.233 1.618 -21.270 0.13 0.13 0.14
v -85.170 1.812 -19.730 0.13 0.13 0.14
v -85.233 2.006 -19.730 0.13 0.13 0.14
v -85.398 2.126 -19.730 0.13 0.13 0.14
v -85.602 2.126 -19.730 0.13 0.13 0.14
v -85.767 2.006 -19.730 0.13 0.13 0.14
v -85.830 1.812 -19.730 0.13 0.13 0.14
v -85.767 1.618 -19.730 0.13 0.13 0.14
v -85.602 1.498 -19.730 0.13 0.13 0.14
v -85.398 1.498 -19.730 0.13 0.13 0.14
v -85.233 1.618 -19.730 0.13 0.13 0.14
v -85.170 1.812 -19.550 0.13 0.13 0.14
v -85.233 2.006 -19.550 0.13 0.13 0.14
v -85.398 2.126 -19.550 0.13 0.13 0.14
v -85.602 2.126 -19.550 0.13 0.13 0.14
v -85.767 2.006 -19.550 0.13 0.13 0.14
v -85.830 1.812 -19.550 0.13 0.13 0.14
v -85.767 1.618 -19.550 0.13 0.13 0.14
v -85.602 1.498 -19.550 0.13 0.13 0.14
v -85.398 1.498 -19.550 0.13 0.13 0.14
v -85.233 1.618 -19.550 0.13 0.13 0.14
v -82.330 1.812 -21.450 0.13 0.13 0.14
v -82.393 2.006 -21.450 0.13 0.13 0.14
v -82.558 2.126 -21.450 0.13 0.13 0.14
v -82.762 2.126 -21.450 0.13 0.13 0.14
v -82.927 2.006 -21.450 0.13 0.13 0.14
v -82.990 1.812 -21.450 0.13 0.13 0.14
v -82.927 1.618 -21.450 0.13 0.13 0.14
v -82.762 1.498 -21.450 0.13 0.13 0.14
v -82.558 1.498 -21.450 0.13 0.13 0.14
v -82.393 1.618 -21.450 0.13 0.13 0.14
v -82.330 1.812 -21.270 0.13 0.13 0.14
v -82.393 2.006 -21.270 0.13 0.13 0.14
v -82.558 2.126 -21.270 0.13 0.13 0.14
v -82.762 2.126 -21.270 0.13 0.13 0.14
v -82.927 2.006 -21.270 0.13 0.13 0.14
v -82.990 1.812 -21.270 0.13 0.13 0.14
v -82.927 1.618 -21.270 0.13 0.13 0.14
v -82.762 1.498 -21.270 0.13 0.13 0.14
v -82.558 1.498 -21.270 0.13 0.13 0.14
v -82.393 1.618 -21.270 0.13 0.13 0.14
v -82.330 1.812 -19.730 0.13 0.13 0.14
v -82.393 2.006 -19.730 0.13 0.13 0.14
v -82.558 2.126 -19.730 0.13 0.13 0.14
v -82.762 2.126 -19.730 0.13 0.13 0.14
v -82.927 2.006 -19.730 0.13 0.13 0.14
v -82.990 1.812 -19.730 0.13 0.13 0.14
v -82.927 1.618 -19.730 0.13 0.13 0.14
v -82.762 1.498 -19.730 0.13 0.13 0.14
v -82.558 1.498 -19.730 0.13 0.13 0.14
v -82.393 1.618 -19.730 0.13 0.13 0.14
v -82.330 1.812 -19.550 0.13 0.13 0.14
v -82.393 2.006 -19.550 0.13 0.13 0.14
v -82.558 2.126 -19.550 0.13 0.13 0.14
v -82.762 2.126 -19.550 0.13 0.13 0.14
v -82.927 2.006 -19.550 0.13 0.13 0.14
v -82.990 1.812 -19.550 0.13 0.13 0.14
v -82.927 1.618 -19.550 0.13 0.13 0.14
v -82.762 1.498 -19.550 0.13 0.13 0.14
v -82.558 1.498 -19.550 0.13 0.13 0.14
v -82.393 1.618 -19.550 0.13 0.13 0.14
v -94.150 0.450 -24.820 0.19 0.36 0.58
v -89.850 0.450 -24.820 0.19 0.36 0.58
v -89.850 0.850 -24.820 0.19 0.36 0.58
v -90.550 0.890 -24.820 0.19 0.36 0.58
v -91.100 1.510 -24.820 0.19 0.36 0.58
v -92.800 1.550 -24.820 0.19 0.36 0.58
v -93.400 0.910 -24.820 0.19 0.36 0.58
v -94.150 0.850 -24.820 0.19 0.36 0.58
v -94.150 0.450 -22.980 0.19 0.36 0.58
v -89.850 0.450 -22.980 0.19 0.36 0.58
v -89.850 0.850 -22.980 0.19 0.36 0.58
v -90.550 0.890 -22.980 0.19 0.36 0.58
v -91.100 1.510 -22.980 0.19 0.36 0.58
v -92.800 1.550 -22.980 0.19 0.36 0.58
v -93.400 0.910 -22.980 0.19 0.36 0.58
v -94.150 0.850 -22.980 0.19 0.36 0.58
v -90.700 0.910 -24.700 0.26 0.33 0.39
v -91.080 1.510 -24.700 0.26 0.33 0.39
v -92.780 1.550 -24.700 0.26 0.33 0.39
v -93.280 0.950 -24.700 0.26 0.33 0.39
v -90.700 0.910 -23.100 0.26 0.33 0.39
v -91.080 1.510 -23.100 0.26 0.33 0.39
v -92.780 1.550 -23.100 0.26 0.33 0.39
v -93.280 0.950 -23.100 0.26 0.33 0.39
v -93.090 0.480 -24.850 0.13 0.13 0.14
v -93.153 0.674 -24.850 0.13 0.13 0.14
v -93.318 0.794 -24.850 0.13 0.13 0.14
v -93.522 0.794 -24.850 0.13 0.13 0.14
v -93.687 0.674 -24.850 0.13 0.13 0.14
v -93.750 0.480 -24.850 0.13 0.13 0.14
v -93.687 0.286 -24.850 0.13 0.13 0.14
v -93.522 0.166 -24.850 0.13 0.13 0.14
v -93.318 0.166 -24.850 0.13 0.13 0.14
v -93.153 0.286 -24.850 0.13 0.13 0.14
v -93.090 0.480 -24.670 0.13 0.13 0.14
v -93.153 0.674 -24.670 0.13 0.13 0.14
v -93.318 0.794 -24.670 0.13 0.13 0.14
v -93.522 0.794 -24.670 0.13 0.13 0.14
v -93.687 0.674 -24.670 0.13 0.13 0.14
v -93.750 0.480 -24.670 0.13 0.13 0.14
v -93.687 0.286 -24.670 0.13 0.13 0.14
v -93.522 0.166 -24.670 0.13 0.13 0.14
v -93.318 0.166 -24.670 0.13 0.13 0.14
v -93.153 0.286 -24.670 0.13 0.13 0.14
v -93.090 0.480 -23.130 0.13 0.13 0.14
v -93.153 0.674 -23.130 0.13 0.13 0.14
v -93.318 0.794 -23.130 0.13 0.13 0.14
v -93.522 0.794 -23.130 0.13 0.13 0.14
v -93.687 0.674 -23.130 0.13 0.13 0.14
v -93.750 0.480 -23.130 0.13 0.13 0.14
v -93.687 0.286 -23.130 0.13 0.13 0.14
v -93.522 0.166 -23.130 0.13 0.13 0.14
v -93.318 0.166 -23.130 0.13 0.13 0.14
v -93.153 0.286 -23.130 0.13 0.13 0.14
v -93.090 0.480 -22.950 0.13 0.13 0.14
v -93.153 0.674 -22.950 0.13 0.13 0.14
v -93.318 0.794 -22.950 0.13 0.13 0.14
v -93.522 0.794 -22.950 0.13 0.13 0.14
v -93.687 0.674 -22.950 0.13 0.13 0.14
v -93.750 0.480 -22.950 0.13 0.13 0.14
v -93.687 0.286 -22.950 0.13 0.13 0.14
v -93.522 0.166 -22.950 0.13 0.13 0.14
v -93.318 0.166 -22.950 0.13 0.13 0.14
v -93.153 0.286 -22.950 0.13 0.13 0.14
v -90.250 0.480 -24.850 0.13 0.13 0.14
v -90.313 0.674 -24.850 0.13 0.13 0.14
v -90.478 0.794 -24.850 0.13 0.13 0.14
v -90.682 0.794 -24.850 0.13 0.13 0.14
v -90.847 0.674 -24.850 0.13 0.13 0.14
v -90.910 0.480 -24.850 0.13 0.13 0.14
v -90.847 0.286 -24.850 0.13 0.13 0.14
v -90.682 0.166 -24.850 0.13 0.13 0.14
v -90.478 0.166 -24.850 0.13 0.13 0.14
v -90.313 0.286 -24.850 0.13 0.13 0.14
v -90.250 0.480 -24.670 0.13 0.13 0.14
v -90.313 0.674 -24.670 0.13 0.13 0.14
v -90.478 0.794 -24.670 0.13 0.13 0.14
v -90.682 0.794 -24.670 0.13 0.13 0.14
v -90.847 0.674 -24.670 0.13 0.13 0.14
v -90.910 0.480 -24.670 0.13 0.13 0.14
v -90.847 0.286 -24.670 0.13 0.13 0.14
v -90.682 0.166 -24.670 0.13 0.13 0.14
v -90.478 0.166 -24.670 0.13 0.13 0.14
v -90.313 0.286 -24.670 0.13 0.13 0.14
v -90.250 0.480 -23.130 0.13 0.13 0.14
v -90.313 0.674 -23.130 0.13 0.13 0.14
v -90.478 0.794 -23.130 0.13 0.13 0.14
v -90.682 0.794 -23.130 0.13 0.13 0.14
v -90.847 0.674 -23.130 0.13 0.13 0.14
v -90.910 0.480 -23.130 0.13 0.13 0.14
v -90.847 0.286 -23.130 0.13 0.13 0.14
v -90.682 0.166 -23.130 0.13 0.13 0.14
v -90.478 0.166 -23.130 0.13 0.13 0.14
v -90.313 0.286 -23.130 0.13 0.13 0.14
v -90.250 0.480 -22.950 0.13 0.13 0.14
v -90.313 0.674 -22.950 0.13 0.13 0.14
v -90.478 0.794 -22.950 0.13 0.13 0.14
v -90.682 0.794 -22.950 0.13 0.13 0.14
v -90.847 0.674 -22.950 0.13 0.13 0.14
v -90.910 0.480 -22.950 0.13 0.13 0.14
v -90.847 0.286 -22.950 0.13 0.13 0.14
v -90.682 0.166 -22.950 0.13 0.13 0.14
v -90.478 0.166 -22.950 0.13 0.13 0.14
v -90.313 0.286 -22.950 0.13 0.13 0.14
v -66.150 0.450 -18.020 0.87 0.88 0.89
v -61.850 0.450 -18.020 0.87 0.88 0.89
v -61.850 0.850 -18.020 0.87 0.88 0.89
v -62.550 0.890 -18.020 0.87 0.88 0.89
v -63.100 1.510 -18.020 0.87 0.88 0.89
v -64.800 1.550 -18.020 0.87 0.88 0.89
v -65.400 0.910 -18.020 0.87 0.88 0.89
v -66.150 0.850 -18.020 0.87 0.88 0.89
v -66.150 0.450 -16.180 0.87 0.88 0.89
v -61.850 0.450 -16.180 0.87 0.88 0.89
v -61.850 0.850 -16.180 0.87 0.88 0.89
v -62.550 0.890 -16.180 0.87 0.88 0.89
v -63.100 1.510 -16.180 0.87 0.88 0.89
v -64.800 1.550 -16.180 0.87 0.88 0.89
v -65.400 0.910 -16.180 0.87 0.88 0.89
v -66.150 0.850 -16.180 0.87 0.88 0.89
v -62.700 0.910 -17.900 0.26 0.33 0.39
v -63.080 1.510 -17.900 0.26 0.33 0.39
v -64.780 1.550 -17.900 0.26 0.33 0.39
v -65.280 0.950 -17.900 0.26 0.33 0.39
v -62.700 0.910 -16.300 0.26 0.33 0.39
v -63.080 1.510 -16.300 0.26 0.33 0.39
v -64.780 1.550 -16.300 0.26 0.33 0.39
v -65.280 0.950 -16.300 0.26 0.33 0.39
v -65.090 0.480 -18.050 0.13 0.13 0.14
v -65.153 0.674 -18.050 0.13 0.13 0.14
v -65.318 0.794 -18.050 0.13 0.13 0.14
v -65.522 0.794 -18.050 0.13 0.13 0.14
v -65.687 0.674 -18.050 0.13 0.13 0.14
v -65.750 0.480 -18.050 0.13 0.13 0.14
v -65.687 0.286 -18.050 0.13 0.13 0.14
v -65.522 0.166 -18.050 0.13 0.13 0.14
v -65.318 0.166 -18.050 0.13 0.13 0.14
v -65.153 0.286 -18.050 0.13 0.13 0.14
v -65.090 0.480 -17.870 0.13 0.13 0.14
v -65.153 0.674 -17.870 0.13 0.13 0.14
v -65.318 0.794 -17.870 0.13 0.13 0.14
v -65.522 0.794 -17.870 0.13 0.13 0.14
v -65.687 0.674 -17.870 0.13 0.13 0.14
v -65.750 0.480 -17.870 0.13 0.13 0.14
v -65.687 0.286 -17.870 0.13 0.13 0.14
v -65.522 0.166 -17.870 0.13 0.13 0.14
v -65.318 0.166 -17.870 0.13 0.13 0.14
v -65.153 0.286 -17.870 0.13 0.13 0.14
v -65.090 0.480 -16.330 0.13 0.13 0.14
v -65.153 0.674 -16.330 0.13 0.13 0.14
v -65.318 0.794 -16.330 0.13 0.13 0.14
v -65.522 0.794 -16.330 0.13 0.13 0.14
v -65.687 0.674 -16.330 0.13 0.13 0.14
v -65.750 0.480 -16.330 0.13 0.13 0.14
v -65.687 0.286 -16.330 0.13 0.13 0.14
v -65.522 0.166 -16.330 0.13 0.13 0.14
v -65.318 0.166 -16.330 0.13 0.13 0.14
v -65.153 0.286 -16.330 0.13 0.13 0.14
v -65.090 0.480 -16.150 0.13 0.13 0.14
v -65.153 0.674 -16.150 0.13 0.13 0.14
v -65.318 0.794 -16.150 0.13 0.13 0.14
v -65.522 0.794 -16.150 0.13 0.13 0.14
v -65.687 0.674 -16.150 0.13 0.13 0.14
v -65.750 0.480 -16.150 0.13 0.13 0.14
v -65.687 0.286 -16.150 0.13 0.13 0.14
v -65.522 0.166 -16.150 0.13 0.13 0.14
v -65.318 0.166 -16.150 0.13 0.13 0.14
v -65.153 0.286 -16.150 0.13 0.13 0.14
v -62.250 0.480 -18.050 0.13 0.13 0.14
v -62.313 0.674 -18.050 0.13 0.13 0.14
v -62.478 0.794 -18.050 0.13 0.13 0.14
v -62.682 0.794 -18.050 0.13 0.13 0.14
v -62.847 0.674 -18.050 0.13 0.13 0.14
v -62.910 0.480 -18.050 0.13 0.13 0.14
v -62.847 0.286 -18.050 0.13 0.13 0.14
v -62.682 0.166 -18.050 0.13 0.13 0.14
v -62.478 0.166 -18.050 0.13 0.13 0.14
v -62.313 0.286 -18.050 0.13 0.13 0.14
v -62.250 0.480 -17.870 0.13 0.13 0.14
v -62.313 0.674 -17.870 0.13 0.13 0.14
v -62.478 0.794 -17.870 0.13 0.13 0.14
v -62.682 0.794 -17.870 0.13 0.13 0.14
v -62.847 0.674 -17.870 0.13 0.13 0.14
v -62.910 0.480 -17.870 0.13 0.13 0.14
v -62.847 0.286 -17.870 0.13 0.13 0.14
v -62.682 0.166 -17.870 0.13 0.13 0.14
v -62.478 0.166 -17.870 0.13 0.13 0.14
v -62.313 0.286 -17.870 0.13 0.13 0.14
v -62.250 0.480 -16.330 0.13 0.13 0.14
v -62.313 0.674 -16.330 0.13 0.13 0.14
v -62.478 0.794 -16.330 0.13 0.13 0.14
v -62.682 0.794 -16.330 0.13 0.13 0.14
v -62.847 0.674 -16.330 0.13 0.13 0.14
v -62.910 0.480 -16.330 0.13 0.13 0.14
v -62.847 0.286 -16.330 0.13 0.13 0.14
v -62.682 0.166 -16.330 0.13 0.13 0.14
v -62.478 0.166 -16.330 0.13 0.13 0.14
v -62.313 0.286 -16.330 0.13 0.13 0.14
v -62.250 0.480 -16.150 0.13 0.13 0.14
v -62.313 0.674 -16.150 0.13 0.13 0.14
v -62.478 0.794 -16.150 0.13 0.13 0.14
v -62.682 0.794 -16.150 0.13 0.13 0.14
v -62.847 0.674 -16.150 0.13 0.13 0.14
v -62.910 0.480 -16.150 0.13 0.13 0.14
v -62.847 0.286 -16.150 0.13 0.13 0.14
v -62.682 0.166 -16.150 0.13 0.13 0.14
v -62.478 0.166 -16.150 0.13 0.13 0.14
v -62.313 0.286 -16.150 0.13 0.13 0.14
v -42.150 0.450 -24.820 0.68 0.19 0.16
v -37.850 0.450 -24.820 0.68 0.19 0.16
v -37.850 0.850 -24.820 0.68 0.19 0.16
v -38.550 0.890 -24.820 0.68 0.19 0.16
v -39.100 1.510 -24.820 0.68 0.19 0.16
v -40.800 1.550 -24.820 0.68 0.19 0.16
v -41.400 0.910 -24.820 0.68 0.19 0.16
v -42.150 0.850 -24.820 0.68 0.19 0.16
v -42.150 0.450 -22.980 0.68 0.19 0.16
v -37.850 0.450 -22.980 0.68 0.19 0.16
v -37.850 0.850 -22.980 0.68 0.19 0.16
v -38.550 0.890 -22.980 0.68 0.19 0.16
v -39.100 1.510 -22.980 0.68 0.19 0.16
v -40.800 1.550 -22.980 0.68 0.19 0.16
v -41.400 0.910 -22.980 0.68 0.19 0.16
v -42.150 0.850 -22.980 0.68 0.19 0.16
v -38.700 0.910 -24.700 0.26 0.33 0.39
v -39.080 1.510 -24.700 0.26 0.33 0.39
v -40.780 1.550 -24.700 0.26 0.33 0.39
v -41.280 0.950 -24.700 0.26 0.33 0.39
v -38.700 0.910 -23.100 0.26 0.33 0.39
v -39.080 1.510 -23.100 0.26 0.33 0.39
v -40.780 1.550 -23.100 0.26 0.33 0.39
v -41.280 0.950 -23.100 0.26 0.33 0.39
v -41.090 0.480 -24.850 0.13 0.13 0.14
v -41.153 0.674 -24.850 0.13 0.13 0.14
v -41.318 0.794 -24.850 0.13 0.13 0.14
v -41.522 0.794 -24.850 0.13 0.13 0.14
v -41.687 0.674 -24.850 0.13 0.13 0.14
v -41.750 0.480 -24.850 0.13 0.13 0.14
v -41.687 0.286 -24.850 0.13 0.13 0.14
v -41.522 0.166 -24.850 0.13 0.13 0.14
v -41.318 0.166 -24.850 0.13 0.13 0.14
v -41.153 0.286 -24.850 0.13 0.13 0.14
v -41.090 0.480 -24.670 0.13 0.13 0.14
v -41.153 0.674 -24.670 0.13 0.13 0.14
v -41.318 0.794 -24.670 0.13 0.13 0.14
v -41.522 0.794 -24.670 0.13 0.13 0.14
v -41.687 0.674 -24.670 0.13 0.13 0.14
v -41.750 0.480 -24.670 0.13 0.13 0.14
v -41.687 0.286 -24.670 0.13 0.13 0.14
v -41.522 0.166 -24.670 0.13 0.13 0.14
v -41.318 0.166 -24.670 0.13 0.13 0.14
v -41.153 0.286 -24.670 0.13 0.13 0.14
v -41.090 0.480 -23.130 0.13 0.13 0.14
v -41.153 0.674 -23.130 0.13 0.13 0.14
v -41.318 0.794 -23.130 0.13 0.13 0.14
v -41.522 0.794 -23.130 0.13 0.13 0.14
v -41.687 0.674 -23.130 0.13 0.13 0.14
v -41.750 0.480 -23.130 0.13 0.13 0.14
v -41.687 0.286 -23.130 0.13 0.13 0.14
v -41.522 0.166 -23.130 0.13 0.13 0.14
v -41.318 0.166 -23.130 0.13 0.13 0.14
v -41.153 0.286 -23.130 0.13 0.13 0.14
v -41.090 0.480 -22.950 0.13 0.13 0.14
v -41.153 0.674 -22.950 0.13 0.13 0.14
v -41.318 0.794 -22.950 0.13 0.13 0.14
v -41.522 0.794 -22.950 0.13 0.13 0.14
v -41.687 0.674 -22.950 0.13 0.13 0.14
v -41.750 0.480 -22.950 0.13 0.13 0.14
v -41.687 0.286 -22.950 0.13 0.13 0.14
v -41.522 0.166 -22.950 0.13 0.13 0.14
v -41.318 0.166 -22.950 0.13 0.13 0.14
v -41.153 0.286 -22.950 0.13 0.13 0.14
v -38.250 0.480 -24.850 0.13 0.13 0.14
v -38.313 0.674 -24.850 0.13 0.13 0.14
v -38.478 0.794 -24.850 0.13 0.13 0.14
v -38.682 0.794 -24.850 0.13 0.13 0.14
v -38.847 0.674 -24.850 0.13 0.13 0.14
v -38.910 0.480 -24.850 0.13 0.13 0.14
v -38.847 0.286 -24.850 0.13 0.13 0.14
v -38.682 0.166 -24.850 0.13 0.13 0.14
v -38.478 0.166 -24.850 0.13 0.13 0.14
v -38.313 0.286 -24.850 0.13 0.13 0.14
v -38.250 0.480 -24.670 0.13 0.13 0.14
v -38.313 0.674 -24.670 0.13 0.13 0.14
v -38.478 0.794 -24.670 0.13 0.13 0.14
v -38.682 0.794 -24.670 0.13 0.13 0.14
v -38.847 0.674 -24.670 0.13 0.13 0.14
v -38.910 0.480 -24.670 0.13 0.13 0.14
v -38.847 0.286 -24.670 0.13 0.13 0.14
v -38.682 0.166 -24.670 0.13 0.13 0.14
v -38.478 0.166 -24.670 0.13 0.13 0.14
v -38.313 0.286 -24.670 0.13 0.13 0.14
v -38.250 0.480 -23.130 0.13 0.13 0.14
v -38.313 0.674 -23.130 0.13 0.13 0.14
v -38.478 0.794 -23.130 0.13 0.13 0.14
v -38.682 0.794 -23.130 0.13 0.13 0.14
v -38.847 0.674 -23.130 0.13 0.13 0.14
v -38.910 0.480 -23.130 0.13 0.13 0.14
v -38.847 0.286 -23.130 0.13 0.13 0.14
v -38.682 0.166 -23.130 0.13 0.13 0.14
v -38.478 0.166 -23.130 0.13 0.13 0.14
v -38.313 0.286 -23.130 0.13 0.13 0.14
v -38.250 0.480 -22.950 0.13 0.13 0.14
v -38.313 0.674 -22.950 0.13 0.13 0.14
v -38.478 0.794 -22.950 0.13 0.13 0.14
v -38.682 0.794 -22.950 0.13 0.13 0.14
v -38.847 0.674 -22.950 0.13 0.13 0.14
v -38.910 0.480 -22.950 0.13 0.13 0.14
v -38.847 0.286 -22.950 0.13 0.13 0.14
v -38.682 0.166 -22.950 0.13 0.13 0.14
v -38.478 0.166 -22.950 0.13 0.13 0.14
v -38.313 0.286 -22.950 0.13 0.13 0.14
v -14.150 0.450 -21.420 0.38 0.42 0.46
v -9.850 0.450 -21.420 0.38 0.42 0.46
v -9.850 0.850 -21.420 0.38 0.42 0.46
v -10.550 0.890 -21.420 0.38 0.42 0.46
v -11.100 1.510 -21.420 0.38 0.42 0.46
v -12.800 1.550 -21.420 0.38 0.42 0.46
v -13.400 0.910 -21.420 0.38 0.42 0.46
v -14.150 0.850 -21.420 0.38 0.42 0.46
v -14.150 0.450 -19.580 0.38 0.42 0.46
v -9.850 0.450 -19.580 0.38 0.42 0.46
v -9.850 0.850 -19.580 0.38 0.42 0.46
v -10.550 0.890 -19.580 0.38 0.42 0.46
v -11.100 1.510 -19.580 0.38 0.42 0.46
v -12.800 1.550 -19.580 0.38 0.42 0.46
v -13.400 0.910 -19.580 0.38 0.42 0.46
v -14.150 0.850 -19.580 0.38 0.42 0.46
v -10.700 0.910 -21.300 0.26 0.33 0.39
v -11.080 1.510 -21.300 0.26 0.33 0.39
v -12.780 1.550 -21.300 0.26 0.33 0.39
v -13.280 0.950 -21.300 0.26 0.33 0.39
v -10.700 0.910 -19.700 0.26 0.33 0.39
v -11.080 1.510 -19.700 0.26 0.33 0.39
v -12.780 1.550 -19.700 0.26 0.33 0.39
v -13.280 0.950 -19.700 0.26 0.33 0.39
v -13.090 0.480 -21.450 0.13 0.13 0.14
v -13.153 0.674 -21.450 0.13 0.13 0.14
v -13.318 0.794 -21.450 0.13 0.13 0.14
v -13.522 0.794 -21.450 0.13 0.13 0.14
v -13.687 0.674 -21.450 0.13 0.13 0.14
v -13.750 0.480 -21.450 0.13 0.13 0.14
v -13.687 0.286 -21.450 0.13 0.13 0.14
v -13.522 0.166 -21.450 0.13 0.13 0.14
v -13.318 0.166 -21.450 0.13 0.13 0.14
v -13.153 0.286 -21.450 0.13 0.13 0.14
v -13.090 0.480 -21.270 0.13 0.13 0.14
v -13.153 0.674 -21.270 0.13 0.13 0.14
v -13.318 0.794 -21.270 0.13 0.13 0.14
v -13.522 0.794 -21.270 0.13 0.13 0.14
v -13.687 0.674 -21.270 0.13 0.13 0.14
v -13.750 0.480 -21.270 0.13 0.13 0.14
v -13.687 0.286 -21.270 0.13 0.13 0.14
v -13.522 0.166 -21.270 0.13 0.13 0.14
v -13.318 0.166 -21.270 0.13 0.13 0.14
v -13.153 0.286 -21.270 0.13 0.13 0.14
v -13.090 0.480 -19.730 0.13 0.13 0.14
v -13.153 0.674 -19.730 0.13 0.13 0.14
v -13.318 0.794 -19.730 0.13 0.13 0.14
v -13.522 0.794 -19.730 0.13 0.13 0.14
v -13.687 0.674 -19.730 0.13 0.13 0.14
v -13.750 0.480 -19.730 0.13 0.13 0.14
v -13.687 0.286 -19.730 0.13 0.13 0.14
v -13.522 0.166 -19.730 0.13 0.13 0.14
v -13.318 0.166 -19.730 0.13 0.13 0.14
v -13.153 0.286 -19.730 0.13 0.13 0.14
v -13.090 0.480 -19.550 0.13 0.13 0.14
v -13.153 0.674 -19.550 0.13 0.13 0.14
v -13.318 0.794 -19.550 0.13 0.13 0.14
v -13.522 0.794 -19.550 0.13 0.13 0.14
v -13.687 0.674 -19.550 0.13 0.13 0.14
v -13.750 0.480 -19.550 0.13 0.13 0.14
v -13.687 0.286 -19.550 0.13 0.13 0.14
v -13.522 0.166 -19.550 0.13 0.13 0.14
v -13.318 0.166 -19.550 0.13 0.13 0.14
v -13.153 0.286 -19.550 0.13 0.13 0.14
v -10.250 0.480 -21.450 0.13 0.13 0.14
v -10.313 0.674 -21.450 0.13 0.13 0.14
v -10.478 0.794 -21.450 0.13 0.13 0.14
v -10.682 0.794 -21.450 0.13 0.13 0.14
v -10.847 0.674 -21.450 0.13 0.13 0.14
v -10.910 0.480 -21.450 0.13 0.13 0.14
v -10.847 0.286 -21.450 0.13 0.13 0.14
v -10.682 0.166 -21.450 0.13 0.13 0.14
v -10.478 0.166 -21.450 0.13 0.13 0.14
v -10.313 0.286 -21.450 0.13 0.13 0.14
v -10.250 0.480 -21.270 0.13 0.13 0.14
v -10.313 0.674 -21.270 0.13 0.13 0.14
v -10.478 0.794 -21.270 0.13 0.13 0.14
v -10.682 0.794 -21.270 0.13 0.13 0.14
v -10.847 0.674 -21.270 0.13 0.13 0.14
v -10.910 0.480 -21.270 0.13 0.13 0.14
v -10.847 0.286 -21.270 0.13 0.13 0.14
v -10.682 0.166 -21.270 0.13 0.13 0.14
v -10.478 0.166 -21.270 0.13 0.13 0.14
v -10.313 0.286 -21.270 0.13 0.13 0.14
v -10.250 0.480 -19.730 0.13 0.13 0.14
v -10.313 0.674 -19.730 0.13 0.13 0.14
v -10.478 0.794 -19.730 0.13 0.13 0.14
v -10.682 0.794 -19.730 0.13 0.13 0.14
v -10.847 0.674 -19.730 0.13 0.13 0.14
v -10.910 0.480 -19.730 0.13 0.13 0.14
v -10.847 0.286 -19.730 0.13 0.13 0.14
v -10.682 0.166 -19.730 0.13 0.13 0.14
v -10.478 0.166 -19.730 0.13 0.13 0.14
v -10.313 0.286 -19.730 0.13 0.13 0.14
v -10.250 0.480 -19.550 0.13 0.13 0.14
v -10.313 0.674 -19.550 0.13 0.13 0.14
v -10.478 0.794 -19.550 0.13 0.13 0.14
v -10.682 0.794 -19.550 0.13 0.13 0.14
v -10.847 0.674 -19.550 0.13 0.13 0.14
v -10.910 0.480 -19.550 0.13 0.13 0.14
v -10.847 0.286 -19.550 0.13 0.13 0.14
v -10.682 0.166 -19.550 0.13 0.13 0.14
v -10.478 0.166 -19.550 0.13 0.13 0.14
v -10.313 0.286 -19.550 0.13 0.13 0.14
v 17.850 0.450 -18.020 0.86 0.68 0.13
v 22.150 0.450 -18.020 0.86 0.68 0.13
v 22.150 0.850 -18.020 0.86 0.68 0.13
v 21.450 0.890 -18.020 0.86 0.68 0.13
v 20.900 1.510 -18.020 0.86 0.68 0.13
v 19.200 1.550 -18.020 0.86 0.68 0.13
v 18.600 0.910 -18.020 0.86 0.68 0.13
v 17.850 0.850 -18.020 0.86 0.68 0.13
v 17.850 0.450 -16.180 0.86 0.68 0.13
v 22.150 0.450 -16.180 0.86 0.68 0.13
v 22.150 0.850 -16.180 0.86 0.68 0.13
v 21.450 0.890 -16.180 0.86 0.68 0.13
v 20.900 1.510 -16.180 0.86 0.68 0.13
v 19.200 1.550 -16.180 0.86 0.68 0.13
v 18.600 0.910 -16.180 0.86 0.68 0.13
v 17.850 0.850 -16.180 0.86 0.68 0.13
v 21.300 0.910 -17.900 0.26 0.33 0.39
v 20.920 1.510 -17.900 0.26 0.33 0.39
v 19.220 1.550 -17.900 0.26 0.33 0.39
v 18.720 0.950 -17.900 0.26 0.33 0.39
v 21.300 0.910 -16.300 0.26 0.33 0.39
v 20.920 1.510 -16.300 0.26 0.33 0.39
v 19.220 1.550 -16.300 0.26 0.33 0.39
v 18.720 0.950 -16.300 0.26 0.33 0.39
v 18.910 0.480 -18.050 0.13 0.13 0.14
v 18.847 0.674 -18.050 0.13 0.13 0.14
v 18.682 0.794 -18.050 0.13 0.13 0.14
v 18.478 0.794 -18.050 0.13 0.13 0.14
v 18.313 0.674 -18.050 0.13 0.13 0.14
v 18.250 0.480 -18.050 0.13 0.13 0.14
v 18.313 0.286 -18.050 0.13 0.13 0.14
v 18.478 0.166 -18.050 0.13 0.13 0.14
v 18.682 0.166 -18.050 0.13 0.13 0.14
v 18.847 0.286 -18.050 0.13 0.13 0.14
v 18.910 0.480 -17.870 0.13 0.13 0.14
v 18.847 0.674 -17.870 0.13 0.13 0.14
v 18.682 0.794 -17.870 0.13 0.13 0.14
v 18.478 0.794 -17.870 0.13 0.13 0.14
v 18.313 0.674 -17.870 0.13 0.13 0.14
v 18.250 0.480 -17.870 0.13 0.13 0.14
v 18.313 0.286 -17.870 0.13 0.13 0.14
v 18.478 0.166 -17.870 0.13 0.13 0.14
v 18.682 0.166 -17.870 0.13 0.13 0.14
v 18.847 0.286 -17.870 0.13 0.13 0.14
v 18.910 0.480 -16.330 0.13 0.13 0.14
v 18.847 0.674 -16.330 0.13 0.13 0.14
v 18.682 0.794 -16.330 0.13 0.13 0.14
v 18.478 0.794 -16.330 0.13 0.13 0.14
v 18.313 0.674 -16.330 0.13 0.13 0.14
v 18.250 0.480 -16.330 0.13 0.13 0.14
v 18.313 0.286 -16.330 0.13 0.13 0.14
v 18.478 0.166 -16.330 0.13 0.13 0.14
v 18.682 0.166 -16.330 0.13 0.13 0.14
v 18.847 0.286 -16.330 0.13 0.13 0.14
v 18.910 0.480 -16.150 0.13 0.13 0.14
v 18.847 0.674 -16.150 0.13 0.13 0.14
v 18.682 0.794 -16.150 0.13 0.13 0.14
v 18.478 0.794 -16.150 0.13 0.13 0.14
v 18.313 0.674 -16.150 0.13 0.13 0.14
v 18.250 0.480 -16.150 0.13 0.13 0.14
v 18.313 0.286 -16.150 0.13 0.13 0.14
v 18.478 0.166 -16.150 0.13 0.13 0.14
v 18.682 0.166 -16.150 0.13 0.13 0.14
v 18.847 0.286 -16.150 0.13 0.13 0.14
v 21.750 0.480 -18.050 0.13 0.13 0.14
v 21.687 0.674 -18.050 0.13 0.13 0.14
v 21.522 0.794 -18.050 0.13 0.13 0.14
v 21.318 0.794 -18.050 0.13 0.13 0.14
v 21.153 0.674 -18.050 0.13 0.13 0.14
v 21.090 0.480 -18.050 0.13 0.13 0.14
v 21.153 0.286 -18.050 0.13 0.13 0.14
v 21.318 0.166 -18.050 0.13 0.13 0.14
v 21.522 0.166 -18.050 0.13 0.13 0.14
v 21.687 0.286 -18.050 0.13 0.13 0.14
v 21.750 0.480 -17.870 0.13 0.13 0.14
v 21.687 0.674 -17.870 0.13 0.13 0.14
v 21.522 0.794 -17.870 0.13 0.13 0.14
v 21.318 0.794 -17.870 0.13 0.13 0.14
v 21.153 0.674 -17.870 0.13 0.13 0.14
v 21.090 0.480 -17.870 0.13 0.13 0.14
v 21.153 0.286 -17.870 0.13 0.13 0.14
v 21.318 0.166 -17.870 0.13 0.13 0.14
v 21.522 0.166 -17.870 0.13 0.13 0.14
v 21.687 0.286 -17.870 0.13 0.13 0.14
v 21.750 0.480 -16.330 0.13 0.13 0.14
v 21.687 0.674 -16.330 0.13 0.13 0.14
v 21.522 0.794 -16.330 0.13 0.13 0.14
v 21.318 0.794 -16.330 0.13 0.13 0.14
v 21.153 0.674 -16.330 0.13 0.13 0.14
v 21.090 0.480 -16.330 0.13 0.13 0.14
v 21.153 0.286 -16.330 0.13 0.13 0.14
v 21.318 0.166 -16.330 0.13 0.13 0.14
v 21.522 0.166 -16.330 0.13 0.13 0.14
v 21.687 0.286 -16.330 0.13 0.13 0.14
v 21.750 0.480 -16.150 0.13 0.13 0.14
v 21.687 0.674 -16.150 0.13 0.13 0.14
v 21.522 0.794 -16.150 0.13 0.13 0.14
v 21.318 0.794 -16.150 0.13 0.13 0.14
v 21.153 0.674 -16.150 0.13 0.13 0.14
v 21.090 0.480 -16.150 0.13 0.13 0.14
v 21.153 0.286 -16.150 0.13 0.13 0.14
v 21.318 0.166 -16.150 0.13 0.13 0.14
v 21.522 0.166 -16.150 0.13 0.13 0.14
v 21.687 0.286 -16.150 0.13 0.13 0.14
v 53.850 0.450 -24.820 0.87 0.88 0.89
v 58.150 0.450 -24.820 0.87 0.88 0.89
v 58.150 0.850 -24.820 0.87 0.88 0.89
v 57.450 0.890 -24.820 0.87 0.88 0.89
v 56.900 1.510 -24.820 0.87 0.88 0.89
v 55.200 1.550 -24.820 0.87 0.88 0.89
v 54.600 0.910 -24.820 0.87 0.88 0.89
v 53.850 0.850 -24.820 0.87 0.88 0.89
v 53.850 0.450 -22.980 0.87 0.88 0.89
v 58.150 0.450 -22.980 0.87 0.88 0.89
v 58.150 0.850 -22.980 0.87 0.88 0.89
v 57.450 0.890 -22.980 0.87 0.88 0.89
v 56.900 1.510 -22.980 0.87 0.88 0.89
v 55.200 1.550 -22.980 0.87 0.88 0.89
v 54.600 0.910 -22.980 0.87 0.88 0.89
v 53.850 0.850 -22.980 0.87 0.88 0.89
v 57.300 0.910 -24.700 0.26 0.33 0.39
v 56.920 1.510 -24.700 0.26 0.33 0.39
v 55.220 1.550 -24.700 0.26 0.33 0.39
v 54.720 0.950 -24.700 0.26 0.33 0.39
v 57.300 0.910 -23.100 0.26 0.33 0.39
v 56.920 1.510 -23.100 0.26 0.33 0.39
v 55.220 1.550 -23.100 0.26 0.33 0.39
v 54.720 0.950 -23.100 0.26 0.33 0.39
v 54.910 0.480 -24.850 0.13 0.13 0.14
v 54.847 0.674 -24.850 0.13 0.13 0.14
v 54.682 0.794 -24.850 0.13 0.13 0.14
v 54.478 0.794 -24.850 0.13 0.13 0.14
v 54.313 0.674 -24.850 0.13 0.13 0.14
v 54.250 0.480 -24.850 0.13 0.13 0.14
v 54.313 0.286 -24.850 0.13 0.13 0.14
v 54.478 0.166 -24.850 0.13 0.13 0.14
v 54.682 0.166 -24.850 0.13 0.13 0.14
v 54.847 0.286 -24.850 0.13 0.13 0.14
v 54.910 0.480 -24.670 0.13 0.13 0.14
v 54.847 0.674 -24.670 0.13 0.13 0.14
v 54.682 0.794 -24.670 0.13 0.13 0.14
v 54.478 0.794 -24.670 0.13 0.13 0.14
v 54.313 0.674 -24.670 0.13 0.13 0.14
v 54.250 0.480 -24.670 0.13 0.13 0.14
v 54.313 0.286 -24.670 0.13 0.13 0.14
v 54.478 0.166 -24.670 0.13 0.13 0.14
v 54.682 0.166 -24.670 0.13 0.13 0.14
v 54.847 0.286 -24.670 0.13 0.13 0.14
v 54.910 0.480 -23.130 0.13 0.13 0.14
v 54.847 0.674 -23.130 0.13 0.13 0.14
v 54.682 0.794 -23.130 0.13 0.13 0.14
v 54.478 0.794 -23.130 0.13 0.13 0.14
v 54.313 0.674 -23.130 0.13 0.13 0.14
v 54.250 0.480 -23.130 0.13 0.13 0.14
v 54.313 0.286 -23.130 0.13 0.13 0.14
v 54.478 0.166 -23.130 0.13 0.13 0.14
v 54.682 0.166 -23.130 0.13 0.13 0.14
v 54.847 0.286 -23.130 0.13 0.13 0.14
v 54.910 0.480 -22.950 0.13 0.13 0.14
v 54.847 0.674 -22.950 0.13 0.13 0.14
v 54.682 0.794 -22.950 0.13 0.13 0.14
v 54.478 0.794 -22.950 0.13 0.13 0.14
v 54.313 0.674 -22.950 0.13 0.13 0.14
v 54.250 0.480 -22.950 0.13 0.13 0.14
v 54.313 0.286 -22.950 0.13 0.13 0.14
v 54.478 0.166 -22.950 0.13 0.13 0.14
v 54.682 0.166 -22.950 0.13 0.13 0.14
v 54.847 0.286 -22.950 0.13 0.13 0.14
v 57.750 0.480 -24.850 0.13 0.13 0.14
v 57.687 0.674 -24.850 0.13 0.13 0.14
v 57.522 0.794 -24.850 0.13 0.13 0.14
v 57.318 0.794 -24.850 0.13 0.13 0.14
v 57.153 0.674 -24.850 0.13 0.13 0.14
v 57.090 0.480 -24.850 0.13 0.13 0.14
v 57.153 0.286 -24.850 0.13 0.13 0.14
v 57.318 0.166 -24.850 0.13 0.13 0.14
v 57.522 0.166 -24.850 0.13 0.13 0.14
v 57.687 0.286 -24.850 0.13 0.13 0.14
v 57.750 0.480 -24.670 0.13 0.13 0.14
v 57.687 0.674 -24.670 0.13 0.13 0.14
v 57.522 0.794 -24.670 0.13 0.13 0.14
v 57.318 0.794 -24.670 0.13 0.13 0.14
v 57.153 0.674 -24.670 0.13 0.13 0.14
v 57.090 0.480 -24.670 0.13 0.13 0.14
v 57.153 0.286 -24.670 0.13 0.13 0.14
v 57.318 0.166 -24.670 0.13 0.13 0.14
v 57.522 0.166 -24.670 0.13 0.13 0.14
v 57.687 0.286 -24.670 0.13 0.13 0.14
v 57.750 0.480 -23.130 0.13 0.13 0.14
v 57.687 0.674 -23.130 0.13 0.13 0.14
v 57.522 0.794 -23.130 0.13 0.13 0.14
v 57.318 0.794 -23.130 0.13 0.13 0.14
v 57.153 0.674 -23.130 0.13 0.13 0.14
v 57.090 0.480 -23.130 0.13 0.13 0.14
v 57.153 0.286 -23.130 0.13 0.13 0.14
v 57.318 0.166 -23.130 0.13 0.13 0.14
v 57.522 0.166 -23.130 0.13 0.13 0.14
v 57.687 0.286 -23.130 0.13 0.13 0.14
v 57.750 0.480 -22.950 0.13 0.13 0.14
v 57.687 0.674 -22.950 0.13 0.13 0.14
v 57.522 0.794 -22.950 0.13 0.13 0.14
v 57.318 0.794 -22.950 0.13 0.13 0.14
v 57.153 0.674 -22.950 0.13 0.13 0.14
v 57.090 0.480 -22.950 0.13 0.13 0.14
v 57.153 0.286 -22.950 0.13 0.13 0.14
v 57.318 0.166 -22.950 0.13 0.13 0.14
v 57.522 0.166 -22.950 0.13 0.13 0.14
v 57.687 0.286 -22.950 0.13 0.13 0.14
v 81.850 0.450 -18.020 0.19 0.36 0.58
v 86.150 0.450 -18.020 0.19 0.36 0.58
v 86.150 0.850 -18.020 0.19 0.36 0.58
v 85.450 0.890 -18.020 0.19 0.36 0.58
v 84.900 1.510 -18.020 0.19 0.36 0.58
v 83.200 1.550 -18.020 0.19 0.36 0.58
v 82.600 0.910 -18.020 0.19 0.36 0.58
v 81.850 0.850 -18.020 0.19 0.36 0.58
v 81.850 0.450 -16.180 0.19 0.36 0.58
v 86.150 0.450 -16.180 0.19 0.36 0.58
v 86.150 0.850 -16.180 0.19 0.36 0.58
v 85.450 0.890 -16.180 0.19 0.36 0.58
v 84.900 1.510 -16.180 0.19 0.36 0.58
v 83.200 1.550 -16.180 0.19 0.36 0.58
v 82.600 0.910 -16.180 0.19 0.36 0.58
v 81.850 0.850 -16.180 0.19 0.36 0.58
v 85.300 0.910 -17.900 0.26 0.33 0.39
v 84.920 1.510 -17.900 0.26 0.33 0.39
v 83.220 1.550 -17.900 0.26 0.33 0.39
v 82.720 0.950 -17.900 0.26 0.33 0.39
v 85.300 0.910 -16.300 0.26 0.33 0.39
v 84.920 1.510 -16.300 0.26 0.33 0.39
v 83.220 1.550 -16.300 0.26 0.33 0.39
v 82.720 0.950 -16.300 0.26 0.33 0.39
v 82.910 0.480 -18.050 0.13 0.13 0.14
v 82.847 0.674 -18.050 0.13 0.13 0.14
v 82.682 0.794 -18.050 0.13 0.13 0.14
v 82.478 0.794 -18.050 0.13 0.13 0.14
v 82.313 0.674 -18.050 0.13 0.13 0.14
v 82.250 0.480 -18.050 0.13 0.13 0.14
v 82.313 0.286 -18.050 0.13 0.13 0.14
v 82.478 0.166 -18.050 0.13 0.13 0.14
v 82.682 0.166 -18.050 0.13 0.13 0.14
v 82.847 0.286 -18.050 0.13 0.13 0.14
v 82.910 0.480 -17.870 0.13 0.13 0.14
v 82.847 0.674 -17.870 0.13 0.13 0.14
v 82.682 0.794 -17.870 0.13 0.13 0.14
v 82.478 0.794 -17.870 0.13 0.13 0.14
v 82.313 0.674 -17.870 0.13 0.13 0.14
v 82.250 0.480 -17.870 0.13 0.13 0.14
v 82.313 0.286 -17.870 0.13 0.13 0.14
v 82.478 0.166 -17.870 0.13 0.13 0.14
v 82.682 0.166 -17.870 0.13 0.13 0.14
v 82.847 0.286 -17.870 0.13 0.13 0.14
v 82.910 0.480 -16.330 0.13 0.13 0.14
v 82.847 0.674 -16.330 0.13 0.13 0.14
v 82.682 0.794 -16.330 0.13 0.13 0.14
v 82.478 0.794 -16.330 0.13 0.13 0.14
v 82.313 0.674 -16.330 0.13 0.13 0.14
v 82.250 0.480 -16.330 0.13 0.13 0.14
v 82.313 0.286 -16.330 0.13 0.13 0.14
v 82.478 0.166 -16.330 0.13 0.13 0.14
v 82.682 0.166 -16.330 0.13 0.13 0.14
v 82.847 0.286 -16.330 0.13 0.13 0.14
v 82.910 0.480 -16.150 0.13 0.13 0.14
v 82.847 0.674 -16.150 0.13 0.13 0.14
v 82.682 0.794 -16.150 0.13 0.13 0.14
v 82.478 0.794 -16.150 0.13 0.13 0.14
v 82.313 0.674 -16.150 0.13 0.13 0.14
v 82.250 0.480 -16.150 0.13 0.13 0.14
v 82.313 0.286 -16.150 0.13 0.13 0.14
v 82.478 0.166 -16.150 0.13 0.13 0.14
v 82.682 0.166 -16.150 0.13 0.13 0.14
v 82.847 0.286 -16.150 0.13 0.13 0.14
v 85.750 0.480 -18.050 0.13 0.13 0.14
v 85.687 0.674 -18.050 0.13 0.13 0.14
v 85.522 0.794 -18.050 0.13 0.13 0.14
v 85.318 0.794 -18.050 0.13 0.13 0.14
v 85.153 0.674 -18.050 0.13 0.13 0.14
v 85.090 0.480 -18.050 0.13 0.13 0.14
v 85.153 0.286 -18.050 0.13 0.13 0.14
v 85.318 0.166 -18.050 0.13 0.13 0.14
v 85.522 0.166 -18.050 0.13 0.13 0.14
v 85.687 0.286 -18.050 0.13 0.13 0.14
v 85.750 0.480 -17.870 0.13 0.13 0.14
v 85.687 0.674 -17.870 0.13 0.13 0.14
v 85.522 0.794 -17.870 0.13 0.13 0.14
v 85.318 0.794 -17.870 0.13 0.13 0.14
v 85.153 0.674 -17.870 0.13 0.13 0.14
v 85.090 0.480 -17.870 0.13 0.13 0.14
v 85.153 0.286 -17.870 0.13 0.13 0.14
v 85.318 0.166 -17.870 0.13 0.13 0.14
v 85.522 0.166 -17.870 0.13 0.13 0.14
v 85.687 0.286 -17.870 0.13 0.13 0.14
v 85.750 0.480 -16.330 0.13 0.13 0.14
v 85.687 0.674 -16.330 0.13 0.13 0.14
v 85.522 0.794 -16.330 0.13 0.13 0.14
v 85.318 0.794 -16.330 0.13 0.13 0.14
v 85.153 0.674 -16.330 0.13 0.13 0.14
v 85.090 0.480 -16.330 0.13 0.13 0.14
v 85.153 0.286 -16.330 0.13 0.13 0.14
v 85.318 0.166 -16.330 0.13 0.13 0.14
v 85.522 0.166 -16.330 0.13 0.13 0.14
v 85.687 0.286 -16.330 0.13 0.13 0.14
v 85.750 0.480 -16.150 0.13 0.13 0.14
v 85.687 0.674 -16.150 0.13 0.13 0.14
v 85.522 0.794 -16.150 0.13 0.13 0.14
v 85.318 0.794 -16.150 0.13 0.13 0.14
v 85.153 0.674 -16.150 0.13 0.13 0.14
v 85.090 0.480 -16.150 0.13 0.13 0.14
v 85.153 0.286 -16.150 0.13 0.13 0.14
v 85.318 0.166 -16.150 0.13 0.13 0.14
v 85.522 0.166 -16.150 0.13 0.13 0.14
v 85.687 0.286 -16.150 0.13 0.13 0.14
v -98.780 0.150 -26.500 0.4 0.3 0.21
v -98.809 0.150 -26.390 0.4 0.3 0.21
v -98.890 0.150 -26.309 0.4 0.3 0.21
v -99.000 0.150 -26.280 0.4 0.3 0.21
v -99.110 0.150 -26.309 0.4 0.3 0.21
v -99.191 0.150 -26.390 0.4 0.3 0.21
v -99.220 0.150 -26.500 0.4 0.3 0.21
v -99.191 0.150 -26.610 0.4 0.3 0.21
v -99.110 0.150 -26.691 0.4 0.3 0.21
v -99.000 0.150 -26.720 0.4 0.3 0.21
v -98.890 0.150 -26.691 0.4 0.3 0.21
v -98.809 0.150 -26.610 0.4 0.3 0.21
v -98.840 2.730 -26.500 0.4 0.3 0.21
v -98.861 2.730 -26.420 0.4 0.3 0.21
v -98.920 2.730 -26.361 0.4 0.3 0.21
v -99.000 2.730 -26.340 0.4 0.3 0.21
v -99.080 2.730 -26.361 0.4 0.3 0.21
v -99.139 2.730 -26.420 0.4 0.3 0.21
v -99.160 2.730 -26.500 0.4 0.3 0.21
v -99.139 2.730 -26.580 0.4 0.3 0.21
v -99.080 2.730 -26.639 0.4 0.3 0.21
v -99.000 2.730 -26.660 0.4 0.3 0.21
v -98.920 2.730 -26.639 0.4 0.3 0.21
v -98.861 2.730 -26.580 0.4 0.3 0.21
v -97.700 2.470 -26.500 0.3 0.48 0.24
v -98.081 2.470 -25.581 0.3 0.48 0.24
v -99.000 2.470 -25.200 0.3 0.48 0.24
v -99.919 2.470 -25.581 0.3 0.48 0.24
v -100.300 2.470 -26.500 0.3 0.48 0.24
v -99.919 2.470 -27.419 0.3 0.48 0.24
v -99.000 2.470 -27.800 0.3 0.48 0.24
v -98.081 2.470 -27.419 0.3 0.48 0.24
v -97.050 3.575 -26.500 0.3 0.48 0.24
v -97.621 3.575 -25.121 0.3 0.48 0.24
v -99.000 3.575 -24.550 0.3 0.48 0.24
v -100.379 3.575 -25.121 0.3 0.48 0.24
v -100.950 3.575 -26.500 0.3 0.48 0.24
v -100.379 3.575 -27.879 0.3 0.48 0.24
v -99.000 3.575 -28.450 0.3 0.48 0.24
v -97.621 3.575 -27.879 0.3 0.48 0.24
v -97.050 3.575 -26.500 0.3 0.48 0.24
v -97.621 3.575 -25.121 0.3 0.48 0.24
v -99.000 3.575 -24.550 0.3 0.48 0.24
v -100.379 3.575 -25.121 0.3 0.48 0.24
v -100.950 3.575 -26.500 0.3 0.48 0.24
v -100.379 3.575 -27.879 0.3 0.48 0.24
v -99.000 3.575 -28.450 0.3 0.48 0.24
v -97.621 3.575 -27.879 0.3 0.48 0.24
v -97.310 5.070 -26.500 0.3 0.48 0.24
v -97.805 5.070 -25.305 0.3 0.48 0.24
v -99.000 5.070 -24.810 0.3 0.48 0.24
v -100.195 5.070 -25.305 0.3 0.48 0.24
v -100.690 5.070 -26.500 0.3 0.48 0.24
v -100.195 5.070 -27.695 0.3 0.48 0.24
v -99.000 5.070 -28.190 0.3 0.48 0.24
v -97.805 5.070 -27.695 0.3 0.48 0.24
v -97.310 5.070 -26.500 0.3 0.48 0.24
v -97.805 5.070 -25.305 0.3 0.48 0.24
v -99.000 5.070 -24.810 0.3 0.48 0.24
v -100.195 5.070 -25.305 0.3 0.48 0.24
v -100.690 5.070 -26.500 0.3 0.48 0.24
v -100.195 5.070 -27.695 0.3 0.48 0.24
v -99.000 5.070 -28.190 0.3 0.48 0.24
v -97.805 5.070 -27.695 0.3 0.48 0.24
v -98.545 6.500 -26.500 0.3 0.48 0.24
v -98.678 6.500 -26.178 0.3 0.48 0.24
v -99.000 6.500 -26.045 0.3 0.48 0.24
v -99.322 6.500 -26.178 0.3 0.48 0.24
v -99.455 6.500 -26.500 0.3 0.48 0.24
v -99.322 6.500 -26.822 0.3 0.48 0.24
v -99.000 6.500 -26.955 0.3 0.48 0.24
v -98.678 6.500 -26.822 0.3 0.48 0.24
v -84.780 0.150 -26.500 0.4 0.3 0.21
v -84.809 0.150 -26.390 0.4 0.3 0.21
v -84.890 0.150 -26.309 0.4 0.3 0.21
v -85.000 0.150 -26.280 0.4 0.3 0.21
v -85.110 0.150 -26.309 0.4 0.3 0.21
v -85.191 0.150 -26.390 0.4 0.3 0.21
v -85.220 0.150 -26.500 0.4 0.3 0.21
v -85.191 0.150 -26.610 0.4 0.3 0.21
v -85.110 0.150 -26.691 0.4 0.3 0.21
v -85.000 0.150 -26.720 0.4 0.3 0.21
v -84.890 0.150 -26.691 0.4 0.3 0.21
v -84.809 0.150 -26.610 0.4 0.3 0.21
v -84.840 2.982 -26.500 0.4 0.3 0.21
v -84.861 2.982 -26.420 0.4 0.3 0.21
v -84.920 2.982 -26.361 0.4 0.3 0.21
v -85.000 2.982 -26.340 0.4 0.3 0.21
v -85.080 2.982 -26.361 0.4 0.3 0.21
v -85.139 2.982 -26.420 0.4 0.3 0.21
v -85.160 2.982 -26.500 0.4 0.3 0.21
v -85.139 2.982 -26.580 0.4 0.3 0.21
v -85.080 2.982 -26.639 0.4 0.3 0.21
v -85.000 2.982 -26.660 0.4 0.3 0.21
v -84.920 2.982 -26.639 0.4 0.3 0.21
v -84.861 2.982 -26.580 0.4 0.3 0.21
v -83.580 2.698 -26.500 0.38 0.57 0.29
v -83.996 2.698 -25.496 0.38 0.57 0.29
v -85.000 2.698 -25.080 0.38 0.57 0.29
v -86.004 2.698 -25.496 0.38 0.57 0.29
v -86.420 2.698 -26.500 0.38 0.57 0.29
v -86.004 2.698 -27.504 0.38 0.57 0.29
v -85.000 2.698 -27.920 0.38 0.57 0.29
v -83.996 2.698 -27.504 0.38 0.57 0.29
v -82.870 3.905 -26.500 0.38 0.57 0.29
v -83.494 3.905 -24.994 0.38 0.57 0.29
v -85.000 3.905 -24.370 0.38 0.57 0.29
v -86.506 3.905 -24.994 0.38 0.57 0.29
v -87.130 3.905 -26.500 0.38 0.57 0.29
v -86.506 3.905 -28.006 0.38 0.57 0.29
v -85.000 3.905 -28.630 0.38 0.57 0.29
v -83.494 3.905 -28.006 0.38 0.57 0.29
v -82.870 3.905 -26.500 0.38 0.57 0.29
v -83.494 3.905 -24.994 0.38 0.57 0.29
v -85.000 3.905 -24.370 0.38 0.57 0.29
v -86.506 3.905 -24.994 0.38 0.57 0.29
v -87.130 3.905 -26.500 0.38 0.57 0.29
v -86.506 3.905 -28.006 0.38 0.57 0.29
v -85.000 3.905 -28.630 0.38 0.57 0.29
v -83.494 3.905 -28.006 0.38 0.57 0.29
v -83.154 5.538 -26.500 0.38 0.57 0.29
v -83.695 5.538 -25.195 0.38 0.57 0.29
v -85.000 5.538 -24.654 0.38 0.57 0.29
v -86.305 5.538 -25.195 0.38 0.57 0.29
v -86.846 5.538 -26.500 0.38 0.57 0.29
v -86.305 5.538 -27.805 0.38 0.57 0.29
v -85.000 5.538 -28.346 0.38 0.57 0.29
v -83.695 5.538 -27.805 0.38 0.57 0.29
v -83.154 5.538 -26.500 0.38 0.57 0.29
v -83.695 5.538 -25.195 0.38 0.57 0.29
v -85.000 5.538 -24.654 0.38 0.57 0.29
v -86.305 5.538 -25.195 0.38 0.57 0.29
v -86.846 5.538 -26.500 0.38 0.57 0.29
v -86.305 5.538 -27.805 0.38 0.57 0.29
v -85.000 5.538 -28.346 0.38 0.57 0.29
v -83.695 5.538 -27.805 0.38 0.57 0.29
v -84.503 7.100 -26.500 0.38 0.57 0.29
v -84.649 7.100 -26.149 0.38 0.57 0.29
v -85.000 7.100 -26.003 0.38 0.57 0.29
v -85.351 7.100 -26.149 0.38 0.57 0.29
v -85.497 7.100 -26.500 0.38 0.57 0.29
v -85.351 7.100 -26.851 0.38 0.57 0.29
v -85.000 7.100 -26.997 0.38 0.57 0.29
v -84.649 7.100 -26.851 0.38 0.57 0.29
v -70.780 0.150 -26.500 0.4 0.3 0.21
v -70.809 0.150 -26.390 0.4 0.3 0.21
v -70.890 0.150 -26.309 0.4 0.3 0.21
v -71.000 0.150 -26.280 0.4 0.3 0.21
v -71.110 0.150 -26.309 0.4 0.3 0.21
v -71.191 0.150 -26.390 0.4 0.3 0.21
v -71.220 0.150 -26.500 0.4 0.3 0.21
v -71.191 0.150 -26.610 0.4 0.3 0.21
v -71.110 0.150 -26.691 0.4 0.3 0.21
v -71.000 0.150 -26.720 0.4 0.3 0.21
v -70.890 0.150 -26.691 0.4 0.3 0.21
v -70.809 0.150 -26.610 0.4 0.3 0.21
v -70.840 3.234 -26.500 0.4 0.3 0.21
v -70.861 3.234 -26.420 0.4 0.3 0.21
v -70.920 3.234 -26.361 0.4 0.3 0.21
v -71.000 3.234 -26.340 0.4 0.3 0.21
v -71.080 3.234 -26.361 0.4 0.3 0.21
v -71.139 3.234 -26.420 0.4 0.3 0.21
v -71.160 3.234 -26.500 0.4 0.3 0.21
v -71.139 3.234 -26.580 0.4 0.3 0.21
v -71.080 3.234 -26.639 0.4 0.3 0.21
v -71.000 3.234 -26.660 0.4 0.3 0.21
v -70.920 3.234 -26.639 0.4 0.3 0.21
v -70.861 3.234 -26.580 0.4 0.3 0.21
v -69.460 2.926 -26.500 0.3 0.48 0.24
v -69.911 2.926 -25.411 0.3 0.48 0.24
v -71.000 2.926 -24.960 0.3 0.48 0.24
v -72.089 2.926 -25.411 0.3 0.48 0.24
v -72.540 2.926 -26.500 0.3 0.48 0.24
v -72.089 2.926 -27.589 0.3 0.48 0.24
v -71.000 2.926 -28.040 0.3 0.48 0.24
v -69.911 2.926 -27.589 0.3 0.48 0.24
v -68.690 4.235 -26.500 0.3 0.48 0.24
v -69.367 4.235 -24.867 0.3 0.48 0.24
v -71.000 4.235 -24.190 0.3 0.48 0.24
v -72.633 4.235 -24.867 0.3 0.48 0.24
v -73.310 4.235 -26.500 0.3 0.48 0.24
v -72.633 4.235 -28.133 0.3 0.48 0.24
v -71.000 4.235 -28.810 0.3 0.48 0.24
v -69.367 4.235 -28.133 0.3 0.48 0.24
v -68.690 4.235 -26.500 0.3 0.48 0.24
v -69.367 4.235 -24.867 0.3 0.48 0.24
v -71.000 4.235 -24.190 0.3 0.48 0.24
v -72.633 4.235 -24.867 0.3 0.48 0.24
v -73.310 4.235 -26.500 0.3 0.48 0.24
v -72.633 4.235 -28.133 0.3 0.48 0.24
v -71.000 4.235 -28.810 0.3 0.48 0.24
v -69.367 4.235 -28.133 0.3 0.48 0.24
v -68.998 6.006 -26.500 0.3 0.48 0.24
v -69.584 6.006 -25.084 0.3 0.48 0.24
v -71.000 6.006 -24.498 0.3 0.48 0.24
v -72.416 6.006 -25.084 0.3 0.48 0.24
v -73.002 6.006 -26.500 0.3 0.48 0.24
v -72.416 6.006 -27.916 0.3 0.48 0.24
v -71.000 6.006 -28.502 0.3 0.48 0.24
v -69.584 6.006 -27.916 0.3 0.48 0.24
v -68.998 6.006 -26.500 0.3 0.48 0.24
v -69.584 6.006 -25.084 0.3 0.48 0.24
v -71.000 6.006 -24.498 0.3 0.48 0.24
v -72.416 6.006 -25.084 0.3 0.48 0.24
v -73.002 6.006 -26.500 0.3 0.48 0.24
v -72.416 6.006 -27.916 0.3 0.48 0.24
v -71.000 6.006 -28.502 0.3 0.48 0.24
v -69.584 6.006 -27.916 0.3 0.48 0.24
v -70.461 7.700 -26.500 0.3 0.48 0.24
v -70.619 7.700 -26.119 0.3 0.48 0.24
v -71.000 7.700 -25.961 0.3 0.48 0.24
v -71.381 7.700 -26.119 0.3 0.48 0.24
v -71.539 7.700 -26.500 0.3 0.48 0.24
v -71.381 7.700 -26.881 0.3 0.48 0.24
v -71.000 7.700 -27.039 0.3 0.48 0.24
v -70.619 7.700 -26.881 0.3 0.48 0.24
v -56.780 0.150 -26.500 0.4 0.3 0.21
v -56.809 0.150 -26.390 0.4 0.3 0.21
v -56.890 0.150 -26.309 0.4 0.3 0.21
v -57.000 0.150 -26.280 0.4 0.3 0.21
v -57.110 0.150 -26.309 0.4 0.3 0.21
v -57.191 0.150 -26.390 0.4 0.3 0.21
v -57.220 0.150 -26.500 0.4 0.3 0.21
v -57.191 0.150 -26.610 0.4 0.3 0.21
v -57.110 0.150 -26.691 0.4 0.3 0.21
v -57.000 0.150 -26.720 0.4 0.3 0.21
v -56.890 0.150 -26.691 0.4 0.3 0.21
v -56.809 0.150 -26.610 0.4 0.3 0.21
v -56.840 2.730 -26.500 0.4 0.3 0.21
v -56.861 2.730 -26.420 0.4 0.3 0.21
v -56.920 2.730 -26.361 0.4 0.3 0.21
v -57.000 2.730 -26.340 0.4 0.3 0.21
v -57.080 2.730 -26.361 0.4 0.3 0.21
v -57.139 2.730 -26.420 0.4 0.3 0.21
v -57.160 2.730 -26.500 0.4 0.3 0.21
v -57.139 2.730 -26.580 0.4 0.3 0.21
v -57.080 2.730 -26.639 0.4 0.3 0.21
v -57.000 2.730 -26.660 0.4 0.3 0.21
v -56.920 2.730 -26.639 0.4 0.3 0.21
v -56.861 2.730 -26.580 0.4 0.3 0.21
v -55.700 2.470 -26.500 0.3 0.48 0.24
v -56.081 2.470 -25.581 0.3 0.48 0.24
v -57.000 2.470 -25.200 0.3 0.48 0.24
v -57.919 2.470 -25.581 0.3 0.48 0.24
v -58.300 2.470 -26.500 0.3 0.48 0.24
v -57.919 2.470 -27.419 0.3 0.48 0.24
v -57.000 2.470 -27.800 0.3 0.48 0.24
v -56.081 2.470 -27.419 0.3 0.48 0.24
v -55.050 3.575 -26.500 0.3 0.48 0.24
v -55.621 3.575 -25.121 0.3 0.48 0.24
v -57.000 3.575 -24.550 0.3 0.48 0.24
v -58.379 3.575 -25.121 0.3 0.48 0.24
v -58.950 3.575 -26.500 0.3 0.48 0.24
v -58.379 3.575 -27.879 0.3 0.48 0.24
v -57.000 3.575 -28.450 0.3 0.48 0.24
v -55.621 3.575 -27.879 0.3 0.48 0.24
v -55.050 3.575 -26.500 0.3 0.48 0.24
v -55.621 3.575 -25.121 0.3 0.48 0.24
v -57.000 3.575 -24.550 0.3 0.48 0.24
v -58.379 3.575 -25.121 0.3 0.48 0.24
v -58.950 3.575 -26.500 0.3 0.48 0.24
v -58.379 3.575 -27.879 0.3 0.48 0.24
v -57.000 3.575 -28.450 0.3 0.48 0.24
v -55.621 3.575 -27.879 0.3 0.48 0.24
v -55.310 5.070 -26.500 0.3 0.48 0.24
v -55.805 5.070 -25.305 0.3 0.48 0.24
v -57.000 5.070 -24.810 0.3 0.48 0.24
v -58.195 5.070 -25.305 0.3 0.48 0.24
v -58.690 5.070 -26.500 0.3 0.48 0.24
v -58.195 5.070 -27.695 0.3 0.48 0.24
v -57.000 5.070 -28.190 0.3 0.48 0.24
v -55.805 5.070 -27.695 0.3 0.48 0.24
v -55.310 5.070 -26.500 0.3 0.48 0.24
v -55.805 5.070 -25.305 0.3 0.48 0.24
v -57.000 5.070 -24.810 0.3 0.48 0.24
v -58.195 5.070 -25.305 0.3 0.48 0.24
v -58.690 5.070 -26.500 0.3 0.48 0.24
v -58.195 5.070 -27.695 0.3 0.48 0.24
v -57.000 5.070 -28.190 0.3 0.48 0.24
v -55.805 5.070 -27.695 0.3 0.48 0.24
v -56.545 6.500 -26.500 0.3 0.48 0.24
v -56.678 6.500 -26.178 0.3 0.48 0.24
v -57.000 6.500 -26.045 0.3 0.48 0.24
v -57.322 6.500 -26.178 0.3 0.48 0.24
v -57.455 6.500 -26.500 0.3 0.48 0.24
v -57.322 6.500 -26.822 0.3 0.48 0.24
v -57.000 6.500 -26.955 0.3 0.48 0.24
v -56.678 6.500 -26.822 0.3 0.48 0.24
v -42.780 0.150 -26.500 0.4 0.3 0.21
v -42.809 0.150 -26.390 0.4 0.3 0.21
v -42.890 0.150 -26.309 0.4 0.3 0.21
v -43.000 0.150 -26.280 0.4 0.3 0.21
v -43.110 0.150 -26.309 0.4 0.3 0.21
v -43.191 0.150 -26.390 0.4 0.3 0.21
v -43.220 0.150 -26.500 0.4 0.3 0.21
v -43.191 0.150 -26.610 0.4 0.3 0.21
v -43.110 0.150 -26.691 0.4 0.3 0.21
v -43.000 0.150 -26.720 0.4 0.3 0.21
v -42.890 0.150 -26.691 0.4 0.3 0.21
v -42.809 0.150 -26.610 0.4 0.3 0.21
v -42.840 2.982 -26.500 0.4 0.3 0.21
v -42.861 2.982 -26.420 0.4 0.3 0.21
v -42.920 2.982 -26.361 0.4 0.3 0.21
v -43.000 2.982 -26.340 0.4 0.3 0.21
v -43.080 2.982 -26.361 0.4 0.3 0.21
v -43.139 2.982 -26.420 0.4 0.3 0.21
v -43.160 2.982 -26.500 0.4 0.3 0.21
v -43.139 2.982 -26.580 0.4 0.3 0.21
v -43.080 2.982 -26.639 0.4 0.3 0.21
v -43.000 2.982 -26.660 0.4 0.3 0.21
v -42.920 2.982 -26.639 0.4 0.3 0.21
v -42.861 2.982 -26.580 0.4 0.3 0.21
v -41.580 2.698 -26.500 0.38 0.57 0.29
v -41.996 2.698 -25.496 0.38 0.57 0.29
v -43.000 2.698 -25.080 0.38 0.57 0.29
v -44.004 2.698 -25.496 0.38 0.57 0.29
v -44.420 2.698 -26.500 0.38 0.57 0.29
v -44.004 2.698 -27.504 0.38 0.57 0.29
v -43.000 2.698 -27.920 0.38 0.57 0.29
v -41.996 2.698 -27.504 0.38 0.57 0.29
v -40.870 3.905 -26.500 0.38 0.57 0.29
v -41.494 3.905 -24.994 0.38 0.57 0.29
v -43.000 3.905 -24.370 0.38 0.57 0.29
v -44.506 3.905 -24.994 0.38 0.57 0.29
v -45.130 3.905 -26.500 0.38 0.57 0.29
v -44.506 3.905 -28.006 0.38 0.57 0.29
v -43.000 3.905 -28.630 0.38 0.57 0.29
v -41.494 3.905 -28.006 0.38 0.57 0.29
v -40.870 3.905 -26.500 0.38 0.57 0.29
v -41.494 3.905 -24.994 0.38 0.57 0.29
v -43.000 3.905 -24.370 0.38 0.57 0.29
v -44.506 3.905 -24.994 0.38 0.57 0.29
v -45.130 3.905 -26.500 0.38 0.57 0.29
v -44.506 3.905 -28.006 0.38 0.57 0.29
v -43.000 3.905 -28.630 0.38 0.57 0.29
v -41.494 3.905 -28.006 0.38 0.57 0.29
v -41.154 5.538 -26.500 0.38 0.57 0.29
v -41.695 5.538 -25.195 0.38 0.57 0.29
v -43.000 5.538 -24.654 0.38 0.57 0.29
v -44.305 5.538 -25.195 0.38 0.57 0.29
v -44.846 5.538 -26.500 0.38 0.57 0.29
v -44.305 5.538 -27.805 0.38 0.57 0.29
v -43.000 5.538 -28.346 0.38 0.57 0.29
v -41.695 5.538 -27.805 0.38 0.57 0.29
v -41.154 5.538 -26.500 0.38 0.57 0.29
v -41.695 5.538 -25.195 0.38 0.57 0.29
v -43.000 5.538 -24.654 0.38 0.57 0.29
v -44.305 5.538 -25.195 0.38 0.57 0.29
v -44.846 5.538 -26.500 0.38 0.57 0.29
v -44.305 5.538 -27.805 0.38 0.57 0.29
v -43.000 5.538 -28.346 0.38 0.57 0.29
v -41.695 5.538 -27.805 0.38 0.57 0.29
v -42.503 7.100 -26.500 0.38 0.57 0.29
v -42.649 7.100 -26.149 0.38 0.57 0.29
v -43.000 7.100 -26.003 0.38 0.57 0.29
v -43.351 7.100 -26.149 0.38 0.57 0.29
v -43.497 7.100 -26.500 0.38 0.57 0.29
v -43.351 7.100 -26.851 0.38 0.57 0.29
v -43.000 7.100 -26.997 0.38 0.57 0.29
v -42.649 7.100 -26.851 0.38 0.57 0.29
v -28.780 0.150 -26.500 0.4 0.3 0.21
v -28.809 0.150 -26.390 0.4 0.3 0.21
v -28.890 0.150 -26.309 0.4 0.3 0.21
v -29.000 0.150 -26.280 0.4 0.3 0.21
v -29.110 0.150 -26.309 0.4 0.3 0.21
v -29.191 0.150 -26.390 0.4 0.3 0.21
v -29.220 0.150 -26.500 0.4 0.3 0.21
v -29.191 0.150 -26.610 0.4 0.3 0.21
v -29.110 0.150 -26.691 0.4 0.3 0.21
v -29.000 0.150 -26.720 0.4 0.3 0.21
v -28.890 0.150 -26.691 0.4 0.3 0.21
v -28.809 0.150 -26.610 0.4 0.3 0.21
v -28.840 3.234 -26.500 0.4 0.3 0.21
v -28.861 3.234 -26.420 0.4 0.3 0.21
v -28.920 3.234 -26.361 0.4 0.3 0.21
v -29.000 3.234 -26.340 0.4 0.3 0.21
v -29.080 3.234 -26.361 0.4 0.3 0.21
v -29.139 3.234 -26.420 0.4 0.3 0.21
v -29.160 3.234 -26.500 0.4 0.3 0.21
v -29.139 3.234 -26.580 0.4 0.3 0.21
v -29.080 3.234 -26.639 0.4 0.3 0.21
v -29.000 3.234 -26.660 0.4 0.3 0.21
v -28.920 3.234 -26.639 0.4 0.3 0.21
v -28.861 3.234 -26.580 0.4 0.3 0.21
v -27.460 2.926 -26.500 0.3 0.48 0.24
v -27.911 2.926 -25.411 0.3 0.48 0.24
v -29.000 2.926 -24.960 0.3 0.48 0.24
v -30.089 2.926 -25.411 0.3 0.48 0.24
v -30.540 2.926 -26.500 0.3 0.48 0.24
v -30.089 2.926 -27.589 0.3 0.48 0.24
v -29.000 2.926 -28.040 0.3 0.48 0.24
v -27.911 2.926 -27.589 0.3 0.48 0.24
v -26.690 4.235 -26.500 0.3 0.48 0.24
v -27.367 4.235 -24.867 0.3 0.48 0.24
v -29.000 4.235 -24.190 0.3 0.48 0.24
v -30.633 4.235 -24.867 0.3 0.48 0.24
v -31.310 4.235 -26.500 0.3 0.48 0.24
v -30.633 4.235 -28.133 0.3 0.48 0.24
v -29.000 4.235 -28.810 0.3 0.48 0.24
v -27.367 4.235 -28.133 0.3 0.48 0.24
v -26.690 4.235 -26.500 0.3 0.48 0.24
v -27.367 4.235 -24.867 0.3 0.48 0.24
v -29.000 4.235 -24.190 0.3 0.48 0.24
v -30.633 4.235 -24.867 0.3 0.48 0.24
v -31.310 4.235 -26.500 0.3 0.48 0.24
v -30.633 4.235 -28.133 0.3 0.48 0.24
v -29.000 4.235 -28.810 0.3 0.48 0.24
v -27.367 4.235 -28.133 0.3 0.48 0.24
v -26.998 6.006 -26.500 0.3 0.48 0.24
v -27.584 6.006 -25.084 0.3 0.48 0.24
v -29.000 6.006 -24.498 0.3 0.48 0.24
v -30.416 6.006 -25.084 0.3 0.48 0.24
v -31.002 6.006 -26.500 0.3 0.48 0.24
v -30.416 6.006 -27.916 0.3 0.48 0.24
v -29.000 6.006 -28.502 0.3 0.48 0.24
v -27.584 6.006 -27.916 0.3 0.48 0.24
v -26.998 6.006 -26.500 0.3 0.48 0.24
v -27.584 6.006 -25.084 0.3 0.48 0.24
v -29.000 6.006 -24.498 0.3 0.48 0.24
v -30.416 6.006 -25.084 0.3 0.48 0.24
v -31.002 6.006 -26.500 0.3 0.48 0.24
v -30.416 6.006 -27.916 0.3 0.48 0.24
v -29.000 6.006 -28.502 0.3 0.48 0.24
v -27.584 6.006 -27.916 0.3 0.48 0.24
v -28.461 7.700 -26.500 0.3 0.48 0.24
v -28.619 7.700 -26.119 0.3 0.48 0.24
v -29.000 7.700 -25.961 0.3 0.48 0.24
v -29.381 7.700 -26.119 0.3 0.48 0.24
v -29.539 7.700 -26.500 0.3 0.48 0.24
v -29.381 7.700 -26.881 0.3 0.48 0.24
v -29.000 7.700 -27.039 0.3 0.48 0.24
v -28.619 7.700 -26.881 0.3 0.48 0.24
v -14.780 0.150 -26.500 0.4 0.3 0.21
v -14.809 0.150 -26.390 0.4 0.3 0.21
v -14.890 0.150 -26.309 0.4 0.3 0.21
v -15.000 0.150 -26.280 0.4 0.3 0.21
v -15.110 0.150 -26.309 0.4 0.3 0.21
v -15.191 0.150 -26.390 0.4 0.3 0.21
v -15.220 0.150 -26.500 0.4 0.3 0.21
v -15.191 0.150 -26.610 0.4 0.3 0.21
v -15.110 0.150 -26.691 0.4 0.3 0.21
v -15.000 0.150 -26.720 0.4 0.3 0.21
v -14.890 0.150 -26.691 0.4 0.3 0.21
v -14.809 0.150 -26.610 0.4 0.3 0.21
v -14.840 2.730 -26.500 0.4 0.3 0.21
v -14.861 2.730 -26.420 0.4 0.3 0.21
v -14.920 2.730 -26.361 0.4 0.3 0.21
v -15.000 2.730 -26.340 0.4 0.3 0.21
v -15.080 2.730 -26.361 0.4 0.3 0.21
v -15.139 2.730 -26.420 0.4 0.3 0.21
v -15.160 2.730 -26.500 0.4 0.3 0.21
v -15.139 2.730 -26.580 0.4 0.3 0.21
v -15.080 2.730 -26.639 0.4 0.3 0.21
v -15.000 2.730 -26.660 0.4 0.3 0.21
v -14.920 2.730 -26.639 0.4 0.3 0.21
v -14.861 2.730 -26.580 0.4 0.3 0.21
v -13.700 2.470 -26.500 0.3 0.48 0.24
v -14.081 2.470 -25.581 0.3 0.48 0.24
v -15.000 2.470 -25.200 0.3 0.48 0.24
v -15.919 2.470 -25.581 0.3 0.48 0.24
v -16.300 2.470 -26.500 0.3 0.48 0.24
v -15.919 2.470 -27.419 0.3 0.48 0.24
v -15.000 2.470 -27.800 0.3 0.48 0.24
v -14.081 2.470 -27.419 0.3 0.48 0.24
v -13.050 3.575 -26.500 0.3 0.48 0.24
v -13.621 3.575 -25.121 0.3 0.48 0.24
v -15.000 3.575 -24.550 0.3 0.48 0.24
v -16.379 3.575 -25.121 0.3 0.48 0.24
v -16.950 3.575 -26.500 0.3 0.48 0.24
v -16.379 3.575 -27.879 0.3 0.48 0.24
v -15.000 3.575 -28.450 0.3 0.48 0.24
v -13.621 3.575 -27.879 0.3 0.48 0.24
v -13.050 3.575 -26.500 0.3 0.48 0.24
v -13.621 3.575 -25.121 0.3 0.48 0.24
v -15.000 3.575 -24.550 0.3 0.48 0.24
v -16.379 3.575 -25.121 0.3 0.48 0.24
v -16.950 3.575 -26.500 0.3 0.48 0.24
v -16.379 3.575 -27.879 0.3 0.48 0.24
v -15.000 3.575 -28.450 0.3 0.48 0.24
v -13.621 3.575 -27.879 0.3 0.48 0.24
v -13.310 5.070 -26.500 0.3 0.48 0.24
v -13.805 5.070 -25.305 0.3 0.48 0.24
v -15.000 5.070 -24.810 0.3 0.48 0.24
v -16.195 5.070 -25.305 0.3 0.48 0.24
v -16.690 5.070 -26.500 0.3 0.48 0.24
v -16.195 5.070 -27.695 0.3 0.48 0.24
v -15.000 5.070 -28.190 0.3 0.48 0.24
v -13.805 5.070 -27.695 0.3 0.48 0.24
v -13.310 5.070 -26.500 0.3 0.48 0.24
v -13.805 5.070 -25.305 0.3 0.48 0.24
v -15.000 5.070 -24.810 0.3 0.48 0.24
v -16.195 5.070 -25.305 0.3 0.48 0.24
v -16.690 5.070 -26.500 0.3 0.48 0.24
v -16.195 5.070 -27.695 0.3 0.48 0.24
v -15.000 5.070 -28.190 0.3 0.48 0.24
v -13.805 5.070 -27.695 0.3 0.48 0.24
v -14.545 6.500 -26.500 0.3 0.48 0.24
v -14.678 6.500 -26.178 0.3 0.48 0.24
v -15.000 6.500 -26.045 0.3 0.48 0.24
v -15.322 6.500 -26.178 0.3 0.48 0.24
v -15.455 6.500 -26.500 0.3 0.48 0.24
v -15.322 6.500 -26.822 0.3 0.48 0.24
v -15.000 6.500 -26.955 0.3 0.48 0.24
v -14.678 6.500 -26.822 0.3 0.48 0.24
v -0.780 0.150 -26.500 0.4 0.3 0.21
v -0.809 0.150 -26.390 0.4 0.3 0.21
v -0.890 0.150 -26.309 0.4 0.3 0.21
v -1.000 0.150 -26.280 0.4 0.3 0.21
v -1.110 0.150 -26.309 0.4 0.3 0.21
v -1.191 0.150 -26.390 0.4 0.3 0.21
v -1.220 0.150 -26.500 0.4 0.3 0.21
v -1.191 0.150 -26.610 0.4 0.3 0.21
v -1.110 0.150 -26.691 0.4 0.3 0.21
v -1.000 0.150 -26.720 0.4 0.3 0.21
v -0.890 0.150 -26.691 0.4 0.3 0.21
v -0.809 0.150 -26.610 0.4 0.3 0.21
v -0.840 2.982 -26.500 0.4 0.3 0.21
v -0.861 2.982 -26.420 0.4 0.3 0.21
v -0.920 2.982 -26.361 0.4 0.3 0.21
v -1.000 2.982 -26.340 0.4 0.3 0.21
v -1.080 2.982 -26.361 0.4 0.3 0.21
v -1.139 2.982 -26.420 0.4 0.3 0.21
v -1.160 2.982 -26.500 0.4 0.3 0.21
v -1.139 2.982 -26.580 0.4 0.3 0.21
v -1.080 2.982 -26.639 0.4 0.3 0.21
v -1.000 2.982 -26.660 0.4 0.3 0.21
v -0.920 2.982 -26.639 0.4 0.3 0.21
v -0.861 2.982 -26.580 0.4 0.3 0.21
v 0.420 2.698 -26.500 0.38 0.57 0.29
v 0.004 2.698 -25.496 0.38 0.57 0.29
v -1.000 2.698 -25.080 0.38 0.57 0.29
v -2.004 2.698 -25.496 0.38 0.57 0.29
v -2.420 2.698 -26.500 0.38 0.57 0.29
v -2.004 2.698 -27.504 0.38 0.57 0.29
v -1.000 2.698 -27.920 0.38 0.57 0.29
v 0.004 2.698 -27.504 0.38 0.57 0.29
v 1.130 3.905 -26.500 0.38 0.57 0.29
v 0.506 3.905 -24.994 0.38 0.57 0.29
v -1.000 3.905 -24.370 0.38 0.57 0.29
v -2.506 3.905 -24.994 0.38 0.57 0.29
v -3.130 3.905 -26.500 0.38 0.57 0.29
v -2.506 3.905 -28.006 0.38 0.57 0.29
v -1.000 3.905 -28.630 0.38 0.57 0.29
v 0.506 3.905 -28.006 0.38 0.57 0.29
v 1.130 3.905 -26.500 0.38 0.57 0.29
v 0.506 3.905 -24.994 0.38 0.57 0.29
v -1.000 3.905 -24.370 0.38 0.57 0.29
v -2.506 3.905 -24.994 0.38 0.57 0.29
v -3.130 3.905 -26.500 0.38 0.57 0.29
v -2.506 3.905 -28.006 0.38 0.57 0.29
v -1.000 3.905 -28.630 0.38 0.57 0.29
v 0.506 3.905 -28.006 0.38 0.57 0.29
v 0.846 5.538 -26.500 0.38 0.57 0.29
v 0.305 5.538 -25.195 0.38 0.57 0.29
v -1.000 5.538 -24.654 0.38 0.57 0.29
v -2.305 5.538 -25.195 0.38 0.57 0.29
v -2.846 5.538 -26.500 0.38 0.57 0.29
v -2.305 5.538 -27.805 0.38 0.57 0.29
v -1.000 5.538 -28.346 0.38 0.57 0.29
v 0.305 5.538 -27.805 0.38 0.57 0.29
v 0.846 5.538 -26.500 0.38 0.57 0.29
v 0.305 5.538 -25.195 0.38 0.57 0.29
v -1.000 5.538 -24.654 0.38 0.57 0.29
v -2.305 5.538 -25.195 0.38 0.57 0.29
v -2.846 5.538 -26.500 0.38 0.57 0.29
v -2.305 5.538 -27.805 0.38 0.57 0.29
v -1.000 5.538 -28.346 0.38 0.57 0.29
v 0.305 5.538 -27.805 0.38 0.57 0.29
v -0.503 7.100 -26.500 0.38 0.57 0.29
v -0.649 7.100 -26.149 0.38 0.57 0.29
v -1.000 7.100 -26.003 0.38 0.57 0.29
v -1.351 7.100 -26.149 0.38 0.57 0.29
v -1.497 7.100 -26.500 0.38 0.57 0.29
v -1.351 7.100 -26.851 0.38 0.57 0.29
v -1.000 7.100 -26.997 0.38 0.57 0.29
v -0.649 7.100 -26.851 0.38 0.57 0.29
v 13.220 0.150 -26.500 0.4 0.3 0.21
v 13.191 0.150 -26.390 0.4 0.3 0.21
v 13.110 0.150 -26.309 0.4 0.3 0.21
v 13.000 0.150 -26.280 0.4 0.3 0.21
v 12.890 0.150 -26.309 0.4 0.3 0.21
v 12.809 0.150 -26.390 0.4 0.3 0.21
v 12.780 0.150 -26.500 0.4 0.3 0.21
v 12.809 0.150 -26.610 0.4 0.3 0.21
v 12.890 0.150 -26.691 0.4 0.3 0.21
v 13.000 0.150 -26.720 0.4 0.3 0.21
v 13.110 0.150 -26.691 0.4 0.3 0.21
v 13.191 0.150 -26.610 0.4 0.3 0.21
v 13.160 3.234 -26.500 0.4 0.3 0.21
v 13.139 3.234 -26.420 0.4 0.3 0.21
v 13.080 3.234 -26.361 0.4 0.3 0.21
v 13.000 3.234 -26.340 0.4 0.3 0.21
v 12.920 3.234 -26.361 0.4 0.3 0.21
v 12.861 3.234 -26.420 0.4 0.3 0.21
v 12.840 3.234 -26.500 0.4 0.3 0.21
v 12.861 3.234 -26.580 0.4 0.3 0.21
v 12.920 3.234 -26.639 0.4 0.3 0.21
v 13.000 3.234 -26.660 0.4 0.3 0.21
v 13.080 3.234 -26.639 0.4 0.3 0.21
v 13.139 3.234 -26.580 0.4 0.3 0.21
v 14.540 2.926 -26.500 0.3 0.48 0.24
v 14.089 2.926 -25.411 0.3 0.48 0.24
v 13.000 2.926 -24.960 0.3 0.48 0.24
v 11.911 2.926 -25.411 0.3 0.48 0.24
v 11.460 2.926 -26.500 0.3 0.48 0.24
v 11.911 2.926 -27.589 0.3 0.48 0.24
v 13.000 2.926 -28.040 0.3 0.48 0.24
v 14.089 2.926 -27.589 0.3 0.48 0.24
v 15.310 4.235 -26.500 0.3 0.48 0.24
v 14.633 4.235 -24.867 0.3 0.48 0.24
v 13.000 4.235 -24.190 0.3 0.48 0.24
v 11.367 4.235 -24.867 0.3 0.48 0.24
v 10.690 4.235 -26.500 0.3 0.48 0.24
v 11.367 4.235 -28.133 0.3 0.48 0.24
v 13.000 4.235 -28.810 0.3 0.48 0.24
v 14.633 4.235 -28.133 0.3 0.48 0.24
v 15.310 4.235 -26.500 0.3 0.48 0.24
v 14.633 4.235 -24.867 0.3 0.48 0.24
v 13.000 4.235 -24.190 0.3 0.48 0.24
v 11.367 4.235 -24.867 0.3 0.48 0.24
v 10.690 4.235 -26.500 0.3 0.48 0.24
v 11.367 4.235 -28.133 0.3 0.48 0.24
v 13.000 4.235 -28.810 0.3 0.48 0.24
v 14.633 4.235 -28.133 0.3 0.48 0.24
v 15.002 6.006 -26.500 0.3 0.48 0.24
v 14.416 6.006 -25.084 0.3 0.48 0.24
v 13.000 6.006 -24.498 0.3 0.48 0.24
v 11.584 6.006 -25.084 0.3 0.48 0.24
v 10.998 6.006 -26.500 0.3 0.48 0.24
v 11.584 6.006 -27.916 0.3 0.48 0.24
v 13.000 6.006 -28.502 0.3 0.48 0.24
v 14.416 6.006 -27.916 0.3 0.48 0.24
v 15.002 6.006 -26.500 0.3 0.48 0.24
v 14.416 6.006 -25.084 0.3 0.48 0.24
v 13.000 6.006 -24.498 0.3 0.48 0.24
v 11.584 6.006 -25.084 0.3 0.48 0.24
v 10.998 6.006 -26.500 0.3 0.48 0.24
v 11.584 6.006 -27.916 0.3 0.48 0.24
v 13.000 6.006 -28.502 0.3 0.48 0.24
v 14.416 6.006 -27.916 0.3 0.48 0.24
v 13.539 7.700 -26.500 0.3 0.48 0.24
v 13.381 7.700 -26.119 0.3 0.48 0.24
v 13.000 7.700 -25.961 0.3 0.48 0.24
v 12.619 7.700 -26.119 0.3 0.48 0.24
v 12.461 7.700 -26.500 0.3 0.48 0.24
v 12.619 7.700 -26.881 0.3 0.48 0.24
v 13.000 7.700 -27.039 0.3 0.48 0.24
v 13.381 7.700 -26.881 0.3 0.48 0.24
v 27.220 0.150 -26.500 0.4 0.3 0.21
v 27.191 0.150 -26.390 0.4 0.3 0.21
v 27.110 0.150 -26.309 0.4 0.3 0.21
v 27.000 0.150 -26.280 0.4 0.3 0.21
v 26.890 0.150 -26.309 0.4 0.3 0.21
v 26.809 0.150 -26.390 0.4 0.3 0.21
v 26.780 0.150 -26.500 0.4 0.3 0.21
v 26.809 0.150 -26.610 0.4 0.3 0.21
v 26.890 0.150 -26.691 0.4 0.3 0.21
v 27.000 0.150 -26.720 0.4 0.3 0.21
v 27.110 0.150 -26.691 0.4 0.3 0.21
v 27.191 0.150 -26.610 0.4 0.3 0.21
v 27.160 2.730 -26.500 0.4 0.3 0.21
v 27.139 2.730 -26.420 0.4 0.3 0.21
v 27.080 2.730 -26.361 0.4 0.3 0.21
v 27.000 2.730 -26.340 0.4 0.3 0.21
v 26.920 2.730 -26.361 0.4 0.3 0.21
v 26.861 2.730 -26.420 0.4 0.3 0.21
v 26.840 2.730 -26.500 0.4 0.3 0.21
v 26.861 2.730 -26.580 0.4 0.3 0.21
v 26.920 2.730 -26.639 0.4 0.3 0.21
v 27.000 2.730 -26.660 0.4 0.3 0.21
v 27.080 2.730 -26.639 0.4 0.3 0.21
v 27.139 2.730 -26.580 0.4 0.3 0.21
v 28.300 2.470 -26.500 0.3 0.48 0.24
v 27.919 2.470 -25.581 0.3 0.48 0.24
v 27.000 2.470 -25.200 0.3 0.48 0.24
v 26.081 2.470 -25.581 0.3 0.48 0.24
v 25.700 2.470 -26.500 0.3 0.48 0.24
v 26.081 2.470 -27.419 0.3 0.48 0.24
v 27.000 2.470 -27.800 0.3 0.48 0.24
v 27.919 2.470 -27.419 0.3 0.48 0.24
v 28.950 3.575 -26.500 0.3 0.48 0.24
v 28.379 3.575 -25.121 0.3 0.48 0.24
v 27.000 3.575 -24.550 0.3 0.48 0.24
v 25.621 3.575 -25.121 0.3 0.48 0.24
v 25.050 3.575 -26.500 0.3 0.48 0.24
v 25.621 3.575 -27.879 0.3 0.48 0.24
v 27.000 3.575 -28.450 0.3 0.48 0.24
v 28.379 3.575 -27.879 0.3 0.48 0.24
v 28.950 3.575 -26.500 0.3 0.48 0.24
v 28.379 3.575 -25.121 0.3 0.48 0.24
v 27.000 3.575 -24.550 0.3 0.48 0.24
v 25.621 3.575 -25.121 0.3 0.48 0.24
v 25.050 3.575 -26.500 0.3 0.48 0.24
v 25.621 3.575 -27.879 0.3 0.48 0.24
v 27.000 3.575 -28.450 0.3 0.48 0.24
v 28.379 3.575 -27.879 0.3 0.48 0.24
v 28.690 5.070 -26.500 0.3 0.48 0.24
v 28.195 5.070 -25.305 0.3 0.48 0.24
v 27.000 5.070 -24.810 0.3 0.48 0.24
v 25.805 5.070 -25.305 0.3 0.48 0.24
v 25.310 5.070 -26.500 0.3 0.48 0.24
v 25.805 5.070 -27.695 0.3 0.48 0.24
v 27.000 5.070 -28.190 0.3 0.48 0.24
v 28.195 5.070 -27.695 0.3 0.48 0.24
v 28.690 5.070 -26.500 0.3 0.48 0.24
v 28.195 5.070 -25.305 0.3 0.48 0.24
v 27.000 5.070 -24.810 0.3 0.48 0.24
v 25.805 5.070 -25.305 0.3 0.48 0.24
v 25.310 5.070 -26.500 0.3 0.48 0.24
v 25.805 5.070 -27.695 0.3 0.48 0.24
v 27.000 5.070 -28.190 0.3 0.48 0.24
v 28.195 5.070 -27.695 0.3 0.48 0.24
v 27.455 6.500 -26.500 0.3 0.48 0.24
v 27.322 6.500 -26.178 0.3 0.48 0.24
v 27.000 6.500 -26.045 0.3 0.48 0.24
v 26.678 6.500 -26.178 0.3 0.48 0.24
v 26.545 6.500 -26.500 0.3 0.48 0.24
v 26.678 6.500 -26.822 0.3 0.48 0.24
v 27.000 6.500 -26.955 0.3 0.48 0.24
v 27.322 6.500 -26.822 0.3 0.48 0.24
v 41.220 0.150 -26.500 0.4 0.3 0.21
v 41.191 0.150 -26.390 0.4 0.3 0.21
v 41.110 0.150 -26.309 0.4 0.3 0.21
v 41.000 0.150 -26.280 0.4 0.3 0.21
v 40.890 0.150 -26.309 0.4 0.3 0.21
v 40.809 0.150 -26.390 0.4 0.3 0.21
v 40.780 0.150 -26.500 0.4 0.3 0.21
v 40.809 0.150 -26.610 0.4 0.3 0.21
v 40.890 0.150 -26.691 0.4 0.3 0.21
v 41.000 0.150 -26.720 0.4 0.3 0.21
v 41.110 0.150 -26.691 0.4 0.3 0.21
v 41.191 0.150 -26.610 0.4 0.3 0.21
v 41.160 2.982 -26.500 0.4 0.3 0.21
v 41.139 2.982 -26.420 0.4 0.3 0.21
v 41.080 2.982 -26.361 0.4 0.3 0.21
v 41.000 2.982 -26.340 0.4 0.3 0.21
v 40.920 2.982 -26.361 0.4 0.3 0.21
v 40.861 2.982 -26.420 0.4 0.3 0.21
v 40.840 2.982 -26.500 0.4 0.3 0.21
v 40.861 2.982 -26.580 0.4 0.3 0.21
v 40.920 2.982 -26.639 0.4 0.3 0.21
v 41.000 2.982 -26.660 0.4 0.3 0.21
v 41.080 2.982 -26.639 0.4 0.3 0.21
v 41.139 2.982 -26.580 0.4 0.3 0.21
v 42.420 2.698 -26.500 0.38 0.57 0.29
v 42.004 2.698 -25.496 0.38 0.57 0.29
v 41.000 2.698 -25.080 0.38 0.57 0.29
v 39.996 2.698 -25.496 0.38 0.57 0.29
v 39.580 2.698 -26.500 0.38 0.57 0.29
v 39.996 2.698 -27.504 0.38 0.57 0.29
v 41.000 2.698 -27.920 0.38 0.57 0.29
v 42.004 2.698 -27.504 0.38 0.57 0.29
v 43.130 3.905 -26.500 0.38 0.57 0.29
v 42.506 3.905 -24.994 0.38 0.57 0.29
v 41.000 3.905 -24.370 0.38 0.57 0.29
v 39.494 3.905 -24.994 0.38 0.57 0.29
v 38.870 3.905 -26.500 0.38 0.57 0.29
v 39.494 3.905 -28.006 0.38 0.57 0.29
v 41.000 3.905 -28.630 0.38 0.57 0.29
v 42.506 3.905 -28.006 0.38 0.57 0.29
v 43.130 3.905 -26.500 0.38 0.57 0.29
v 42.506 3.905 -24.994 0.38 0.57 0.29
v 41.000 3.905 -24.370 0.38 0.57 0.29
v 39.494 3.905 -24.994 0.38 0.57 0.29
v 38.870 3.905 -26.500 0.38 0.57 0.29
v 39.494 3.905 -28.006 0.38 0.57 0.29
v 41.000 3.905 -28.630 0.38 0.57 0.29
v 42.506 3.905 -28.006 0.38 0.57 0.29
v 42.846 5.538 -26.500 0.38 0.57 0.29
v 42.305 5.538 -25.195 0.38 0.57 0.29
v 41.000 5.538 -24.654 0.38 0.57 0.29
v 39.695 5.538 -25.195 0.38 0.57 0.29
v 39.154 5.538 -26.500 0.38 0.57 0.29
v 39.695 5.538 -27.805 0.38 0.57 0.29
v 41.000 5.538 -28.346 0.38 0.57 0.29
v 42.305 5.538 -27.805 0.38 0.57 0.29
v 42.846 5.538 -26.500 0.38 0.57 0.29
v 42.305 5.538 -25.195 0.38 0.57 0.29
v 41.000 5.538 -24.654 0.38 0.57 0.29
v 39.695 5.538 -25.195 0.38 0.57 0.29
v 39.154 5.538 -26.500 0.38 0.57 0.29
v 39.695 5.538 -27.805 0.38 0.57 0.29
v 41.000 5.538 -28.346 0.38 0.57 0.29
v 42.305 5.538 -27.805 0.38 0.57 0.29
v 41.497 7.100 -26.500 0.38 0.57 0.29
v 41.351 7.100 -26.149 0.38 0.57 0.29
v 41.000 7.100 -26.003 0.38 0.57 0.29
v 40.649 7.100 -26.149 0.38 0.57 0.29
v 40.503 7.100 -26.500 0.38 0.57 0.29
v 40.649 7.100 -26.851 0.38 0.57 0.29
v 41.000 7.100 -26.997 0.38 0.57 0.29
v 41.351 7.100 -26.851 0.38 0.57 0.29
v 55.220 0.150 -26.500 0.4 0.3 0.21
v 55.191 0.150 -26.390 0.4 0.3 0.21
v 55.110 0.150 -26.309 0.4 0.3 0.21
v 55.000 0.150 -26.280 0.4 0.3 0.21
v 54.890 0.150 -26.309 0.4 0.3 0.21
v 54.809 0.150 -26.390 0.4 0.3 0.21
v 54.780 0.150 -26.500 0.4 0.3 0.21
v 54.809 0.150 -26.610 0.4 0.3 0.21
v 54.890 0.150 -26.691 0.4 0.3 0.21
v 55.000 0.150 -26.720 0.4 0.3 0.21
v 55.110 0.150 -26.691 0.4 0.3 0.21
v 55.191 0.150 -26.610 0.4 0.3 0.21
v 55.160 3.234 -26.500 0.4 0.3 0.21
v 55.139 3.234 -26.420 0.4 0.3 0.21
v 55.080 3.234 -26.361 0.4 0.3 0.21
v 55.000 3.234 -26.340 0.4 0.3 0.21
v 54.920 3.234 -26.361 0.4 0.3 0.21
v 54.861 3.234 -26.420 0.4 0.3 0.21
v 54.840 3.234 -26.500 0.4 0.3 0.21
v 54.861 3.234 -26.580 0.4 0.3 0.21
v 54.920 3.234 -26.639 0.4 0.3 0.21
v 55.000 3.234 -26.660 0.4 0.3 0.21
v 55.080 3.234 -26.639 0.4 0.3 0.21
v 55.139 3.234 -26.580 0.4 0.3 0.21
v 56.540 2.926 -26.500 0.3 0.48 0.24
v 56.089 2.926 -25.411 0.3 0.48 0.24
v 55.000 2.926 -24.960 0.3 0.48 0.24
v 53.911 2.926 -25.411 0.3 0.48 0.24
v 53.460 2.926 -26.500 0.3 0.48 0.24
v 53.911 2.926 -27.589 0.3 0.48 0.24
v 55.000 2.926 -28.040 0.3 0.48 0.24
v 56.089 2.926 -27.589 0.3 0.48 0.24
v 57.310 4.235 -26.500 0.3 0.48 0.24
v 56.633 4.235 -24.867 0.3 0.48 0.24
v 55.000 4.235 -24.190 0.3 0.48 0.24
v 53.367 4.235 -24.867 0.3 0.48 0.24
v 52.690 4.235 -26.500 0.3 0.48 0.24
v 53.367 4.235 -28.133 0.3 0.48 0.24
v 55.000 4.235 -28.810 0.3 0.48 0.24
v 56.633 4.235 -28.133 0.3 0.48 0.24
v 57.310 4.235 -26.500 0.3 0.48 0.24
v 56.633 4.235 -24.867 0.3 0.48 0.24
v 55.000 4.235 -24.190 0.3 0.48 0.24
v 53.367 4.235 -24.867 0.3 0.48 0.24
v 52.690 4.235 -26.500 0.3 0.48 0.24
v 53.367 4.235 -28.133 0.3 0.48 0.24
v 55.000 4.235 -28.810 0.3 0.48 0.24
v 56.633 4.235 -28.133 0.3 0.48 0.24
v 57.002 6.006 -26.500 0.3 0.48 0.24
v 56.416 6.006 -25.084 0.3 0.48 0.24
v 55.000 6.006 -24.498 0.3 0.48 0.24
v 53.584 6.006 -25.084 0.3 0.48 0.24
v 52.998 6.006 -26.500 0.3 0.48 0.24
v 53.584 6.006 -27.916 0.3 0.48 0.24
v 55.000 6.006 -28.502 0.3 0.48 0.24
v 56.416 6.006 -27.916 0.3 0.48 0.24
v 57.002 6.006 -26.500 0.3 0.48 0.24
v 56.416 6.006 -25.084 0.3 0.48 0.24
v 55.000 6.006 -24.498 0.3 0.48 0.24
v 53.584 6.006 -25.084 0.3 0.48 0.24
v 52.998 6.006 -26.500 0.3 0.48 0.24
v 53.584 6.006 -27.916 0.3 0.48 0.24
v 55.000 6.006 -28.502 0.3 0.48 0.24
v 56.416 6.006 -27.916 0.3 0.48 0.24
v 55.539 7.700 -26.500 0.3 0.48 0.24
v 55.381 7.700 -26.119 0.3 0.48 0.24
v 55.000 7.700 -25.961 0.3 0.48 0.24
v 54.619 7.700 -26.119 0.3 0.48 0.24
v 54.461 7.700 -26.500 0.3 0.48 0.24
v 54.619 7.700 -26.881 0.3 0.48 0.24
v 55.000 7.700 -27.039 0.3 0.48 0.24
v 55.381 7.700 -26.881 0.3 0.48 0.24
v 69.220 0.150 -26.500 0.4 0.3 0.21
v 69.191 0.150 -26.390 0.4 0.3 0.21
v 69.110 0.150 -26.309 0.4 0.3 0.21
v 69.000 0.150 -26.280 0.4 0.3 0.21
v 68.890 0.150 -26.309 0.4 0.3 0.21
v 68.809 0.150 -26.390 0.4 0.3 0.21
v 68.780 0.150 -26.500 0.4 0.3 0.21
v 68.809 0.150 -26.610 0.4 0.3 0.21
v 68.890 0.150 -26.691 0.4 0.3 0.21
v 69.000 0.150 -26.720 0.4 0.3 0.21
v 69.110 0.150 -26.691 0.4 0.3 0.21
v 69.191 0.150 -26.610 0.4 0.3 0.21
v 69.160 2.730 -26.500 0.4 0.3 0.21
v 69.139 2.730 -26.420 0.4 0.3 0.21
v 69.080 2.730 -26.361 0.4 0.3 0.21
v 69.000 2.730 -26.340 0.4 0.3 0.21
v 68.920 2.730 -26.361 0.4 0.3 0.21
v 68.861 2.730 -26.420 0.4 0.3 0.21
v 68.840 2.730 -26.500 0.4 0.3 0.21
v 68.861 2.730 -26.580 0.4 0.3 0.21
v 68.920 2.730 -26.639 0.4 0.3 0.21
v 69.000 2.730 -26.660 0.4 0.3 0.21
v 69.080 2.730 -26.639 0.4 0.3 0.21
v 69.139 2.730 -26.580 0.4 0.3 0.21
v 70.300 2.470 -26.500 0.3 0.48 0.24
v 69.919 2.470 -25.581 0.3 0.48 0.24
v 69.000 2.470 -25.200 0.3 0.48 0.24
v 68.081 2.470 -25.581 0.3 0.48 0.24
v 67.700 2.470 -26.500 0.3 0.48 0.24
v 68.081 2.470 -27.419 0.3 0.48 0.24
v 69.000 2.470 -27.800 0.3 0.48 0.24
v 69.919 2.470 -27.419 0.3 0.48 0.24
v 70.950 3.575 -26.500 0.3 0.48 0.24
v 70.379 3.575 -25.121 0.3 0.48 0.24
v 69.000 3.575 -24.550 0.3 0.48 0.24
v 67.621 3.575 -25.121 0.3 0.48 0.24
v 67.050 3.575 -26.500 0.3 0.48 0.24
v 67.621 3.575 -27.879 0.3 0.48 0.24
v 69.000 3.575 -28.450 0.3 0.48 0.24
v 70.379 3.575 -27.879 0.3 0.48 0.24
v 70.950 3.575 -26.500 0.3 0.48 0.24
v 70.379 3.575 -25.121 0.3 0.48 0.24
v 69.000 3.575 -24.550 0.3 0.48 0.24
v 67.621 3.575 -25.121 0.3 0.48 0.24
v 67.050 3.575 -26.500 0.3 0.48 0.24
v 67.621 3.575 -27.879 0.3 0.48 0.24
v 69.000 3.575 -28.450 0.3 0.48 0.24
v 70.379 3.575 -27.879 0.3 0.48 0.24
v 70.690 5.070 -26.500 0.3 0.48 0.24
v 70.195 5.070 -25.305 0.3 0.48 0.24
v 69.000 5.070 -24.810 0.3 0.48 0.24
v 67.805 5.070 -25.305 0.3 0.48 0.24
v 67.310 5.070 -26.500 0.3 0.48 0.24
v 67.805 5.070 -27.695 0.3 0.48 0.24
v 69.000 5.070 -28.190 0.3 0.48 0.24
v 70.195 5.070 -27.695 0.3 0.48 0.24
v 70.690 5.070 -26.500 0.3 0.48 0.24
v 70.195 5.070 -25.305 0.3 0.48 0.24
v 69.000 5.070 -24.810 0.3 0.48 0.24
v 67.805 5.070 -25.305 0.3 0.48 0.24
v 67.310 5.070 -26.500 0.3 0.48 0.24
v 67.805 5.070 -27.695 0.3 0.48 0.24
v 69.000 5.070 -28.190 0.3 0.48 0.24
v 70.195 5.070 -27.695 0.3 0.48 0.24
v 69.455 6.500 -26.500 0.3 0.48 0.24
v 69.322 6.500 -26.178 0.3 0.48 0.24
v 69.000 6.500 -26.045 0.3 0.48 0.24
v 68.678 6.500 -26.178 0.3 0.48 0.24
v 68.545 6.500 -26.500 0.3 0.48 0.24
v 68.678 6.500 -26.822 0.3 0.48 0.24
v 69.000 6.500 -26.955 0.3 0.48 0.24
v 69.322 6.500 -26.822 0.3 0.48 0.24
v 83.220 0.150 -26.500 0.4 0.3 0.21
v 83.191 0.150 -26.390 0.4 0.3 0.21
v 83.110 0.150 -26.309 0.4 0.3 0.21
v 83.000 0.150 -26.280 0.4 0.3 0.21
v 82.890 0.150 -26.309 0.4 0.3 0.21
v 82.809 0.150 -26.390 0.4 0.3 0.21
v 82.780 0.150 -26.500 0.4 0.3 0.21
v 82.809 0.150 -26.610 0.4 0.3 0.21
v 82.890 0.150 -26.691 0.4 0.3 0.21
v 83.000 0.150 -26.720 0.4 0.3 0.21
v 83.110 0.150 -26.691 0.4 0.3 0.21
v 83.191 0.150 -26.610 0.4 0.3 0.21
v 83.160 2.982 -26.500 0.4 0.3 0.21
v 83.139 2.982 -26.420 0.4 0.3 0.21
v 83.080 2.982 -26.361 0.4 0.3 0.21
v 83.000 2.982 -26.340 0.4 0.3 0.21
v 82.920 2.982 -26.361 0.4 0.3 0.21
v 82.861 2.982 -26.420 0.4 0.3 0.21
v 82.840 2.982 -26.500 0.4 0.3 0.21
v 82.861 2.982 -26.580 0.4 0.3 0.21
v 82.920 2.982 -26.639 0.4 0.3 0.21
v 83.000 2.982 -26.660 0.4 0.3 0.21
v 83.080 2.982 -26.639 0.4 0.3 0.21
v 83.139 2.982 -26.580 0.4 0.3 0.21
v 84.420 2.698 -26.500 0.38 0.57 0.29
v 84.004 2.698 -25.496 0.38 0.57 0.29
v 83.000 2.698 -25.080 0.38 0.57 0.29
v 81.996 2.698 -25.496 0.38 0.57 0.29
v 81.580 2.698 -26.500 0.38 0.57 0.29
v 81.996 2.698 -27.504 0.38 0.57 0.29
v 83.000 2.698 -27.920 0.38 0.57 0.29
v 84.004 2.698 -27.504 0.38 0.57 0.29
v 85.130 3.905 -26.500 0.38 0.57 0.29
v 84.506 3.905 -24.994 0.38 0.57 0.29
v 83.000 3.905 -24.370 0.38 0.57 0.29
v 81.494 3.905 -24.994 0.38 0.57 0.29
v 80.870 3.905 -26.500 0.38 0.57 0.29
v 81.494 3.905 -28.006 0.38 0.57 0.29
v 83.000 3.905 -28.630 0.38 0.57 0.29
v 84.506 3.905 -28.006 0.38 0.57 0.29
v 85.130 3.905 -26.500 0.38 0.57 0.29
v 84.506 3.905 -24.994 0.38 0.57 0.29
v 83.000 3.905 -24.370 0.38 0.57 0.29
v 81.494 3.905 -24.994 0.38 0.57 0.29
v 80.870 3.905 -26.500 0.38 0.57 0.29
v 81.494 3.905 -28.006 0.38 0.57 0.29
v 83.000 3.905 -28.630 0.38 0.57 0.29
v 84.506 3.905 -28.006 0.38 0.57 0.29
v 84.846 5.538 -26.500 0.38 0.57 0.29
v 84.305 5.538 -25.195 0.38 0.57 0.29
v 83.000 5.538 -24.654 0.38 0.57 0.29
v 81.695 5.538 -25.195 0.38 0.57 0.29
v 81.154 5.538 -26.500 0.38 0.57 0.29
v 81.695 5.538 -27.805 0.38 0.57 0.29
v 83.000 5.538 -28.346 0.38 0.57 0.29
v 84.305 5.538 -27.805 0.38 0.57 0.29
v 84.846 5.538 -26.500 0.38 0.57 0.29
v 84.305 5.538 -25.195 0.38 0.57 0.29
v 83.000 5.538 -24.654 0.38 0.57 0.29
v 81.695 5.538 -25.195 0.38 0.57 0.29
v 81.154 5.538 -26.500 0.38 0.57 0.29
v 81.695 5.538 -27.805 0.38 0.57 0.29
v 83.000 5.538 -28.346 0.38 0.57 0.29
v 84.305 5.538 -27.805 0.38 0.57 0.29
v 83.497 7.100 -26.500 0.38 0.57 0.29
v 83.351 7.100 -26.149 0.38 0.57 0.29
v 83.000 7.100 -26.003 0.38 0.57 0.29
v 82.649 7.100 -26.149 0.38 0.57 0.29
v 82.503 7.100 -26.500 0.38 0.57 0.29
v 82.649 7.100 -26.851 0.38 0.57 0.29
v 83.000 7.100 -26.997 0.38 0.57 0.29
v 83.351 7.100 -26.851 0.38 0.57 0.29
v 97.220 0.150 -26.500 0.4 0.3 0.21
v 97.191 0.150 -26.390 0.4 0.3 0.21
v 97.110 0.150 -26.309 0.4 0.3 0.21
v 97.000 0.150 -26.280 0.4 0.3 0.21
v 96.890 0.150 -26.309 0.4 0.3 0.21
v 96.809 0.150 -26.390 0.4 0.3 0.21
v 96.780 0.150 -26.500 0.4 0.3 0.21
v 96.809 0.150 -26.610 0.4 0.3 0.21
v 96.890 0.150 -26.691 0.4 0.3 0.21
v 97.000 0.150 -26.720 0.4 0.3 0.21
v 97.110 0.150 -26.691 0.4 0.3 0.21
v 97.191 0.150 -26.610 0.4 0.3 0.21
v 97.160 3.234 -26.500 0.4 0.3 0.21
v 97.139 3.234 -26.420 0.4 0.3 0.21
v 97.080 3.234 -26.361 0.4 0.3 0.21
v 97.000 3.234 -26.340 0.4 0.3 0.21
v 96.920 3.234 -26.361 0.4 0.3 0.21
v 96.861 3.234 -26.420 0.4 0.3 0.21
v 96.840 3.234 -26.500 0.4 0.3 0.21
v 96.861 3.234 -26.580 0.4 0.3 0.21
v 96.920 3.234 -26.639 0.4 0.3 0.21
v 97.000 3.234 -26.660 0.4 0.3 0.21
v 97.080 3.234 -26.639 0.4 0.3 0.21
v 97.139 3.234 -26.580 0.4 0.3 0.21
v 98.540 2.926 -26.500 0.3 0.48 0.24
v 98.089 2.926 -25.411 0.3 0.48 0.24
v 97.000 2.926 -24.960 0.3 0.48 0.24
v 95.911 2.926 -25.411 0.3 0.48 0.24
v 95.460 2.926 -26.500 0.3 0.48 0.24
v 95.911 2.926 -27.589 0.3 0.48 0.24
v 97.000 2.926 -28.040 0.3 0.48 0.24
v 98.089 2.926 -27.589 0.3 0.48 0.24
v 99.310 4.235 -26.500 0.3 0.48 0.24
v 98.633 4.235 -24.867 0.3 0.48 0.24
v 97.000 4.235 -24.190 0.3 0.48 0.24
v 95.367 4.235 -24.867 0.3 0.48 0.24
v 94.690 4.235 -26.500 0.3 0.48 0.24
v 95.367 4.235 -28.133 0.3 0.48 0.24
v 97.000 4.235 -28.810 0.3 0.48 0.24
v 98.633 4.235 -28.133 0.3 0.48 0.24
v 99.310 4.235 -26.500 0.3 0.48 0.24
v 98.633 4.235 -24.867 0.3 0.48 0.24
v 97.000 4.235 -24.190 0.3 0.48 0.24
v 95.367 4.235 -24.867 0.3 0.48 0.24
v 94.690 4.235 -26.500 0.3 0.48 0.24
v 95.367 4.235 -28.133 0.3 0.48 0.24
v 97.000 4.235 -28.810 0.3 0.48 0.24
v 98.633 4.235 -28.133 0.3 0.48 0.24
v 99.002 6.006 -26.500 0.3 0.48 0.24
v 98.416 6.006 -25.084 0.3 0.48 0.24
v 97.000 6.006 -24.498 0.3 0.48 0.24
v 95.584 6.006 -25.084 0.3 0.48 0.24
v 94.998 6.006 -26.500 0.3 0.48 0.24
v 95.584 6.006 -27.916 0.3 0.48 0.24
v 97.000 6.006 -28.502 0.3 0.48 0.24
v 98.416 6.006 -27.916 0.3 0.48 0.24
v 99.002 6.006 -26.500 0.3 0.48 0.24
v 98.416 6.006 -25.084 0.3 0.48 0.24
v 97.000 6.006 -24.498 0.3 0.48 0.24
v 95.584 6.006 -25.084 0.3 0.48 0.24
v 94.998 6.006 -26.500 0.3 0.48 0.24
v 95.584 6.006 -27.916 0.3 0.48 0.24
v 97.000 6.006 -28.502 0.3 0.48 0.24
v 98.416 6.006 -27.916 0.3 0.48 0.24
v 97.539 7.700 -26.500 0.3 0.48 0.24
v 97.381 7.700 -26.119 0.3 0.48 0.24
v 97.000 7.700 -25.961 0.3 0.48 0.24
v 96.619 7.700 -26.119 0.3 0.48 0.24
v 96.461 7.700 -26.500 0.3 0.48 0.24
v 96.619 7.700 -26.881 0.3 0.48 0.24
v 97.000 7.700 -27.039 0.3 0.48 0.24
v 97.381 7.700 -26.881 0.3 0.48 0.24
v -92.780 0.150 19.500 0.4 0.3 0.21
v -92.809 0.150 19.610 0.4 0.3 0.21
v -92.890 0.150 19.691 0.4 0.3 0.21
v -93.000 0.150 19.720 0.4 0.3 0.21
v -93.110 0.150 19.691 0.4 0.3 0.21
v -93.191 0.150 19.610 0.4 0.3 0.21
v -93.220 0.150 19.500 0.4 0.3 0.21
v -93.191 0.150 19.390 0.4 0.3 0.21
v -93.110 0.150 19.309 0.4 0.3 0.21
v -93.000 0.150 19.280 0.4 0.3 0.21
v -92.890 0.150 19.309 0.4 0.3 0.21
v -92.809 0.150 19.390 0.4 0.3 0.21
v -92.840 2.520 19.500 0.4 0.3 0.21
v -92.861 2.520 19.580 0.4 0.3 0.21
v -92.920 2.520 19.639 0.4 0.3 0.21
v -93.000 2.520 19.660 0.4 0.3 0.21
v -93.080 2.520 19.639 0.4 0.3 0.21
v -93.139 2.520 19.580 0.4 0.3 0.21
v -93.160 2.520 19.500 0.4 0.3 0.21
v -93.139 2.520 19.420 0.4 0.3 0.21
v -93.080 2.520 19.361 0.4 0.3 0.21
v -93.000 2.520 19.340 0.4 0.3 0.21
v -92.920 2.520 19.361 0.4 0.3 0.21
v -92.861 2.520 19.420 0.4 0.3 0.21
v -91.800 2.280 19.500 0.38 0.57 0.29
v -92.151 2.280 20.349 0.38 0.57 0.29
v -93.000 2.280 20.700 0.38 0.57 0.29
v -93.849 2.280 20.349 0.38 0.57 0.29
v -94.200 2.280 19.500 0.38 0.57 0.29
v -93.849 2.280 18.651 0.38 0.57 0.29
v -93.000 2.280 18.300 0.38 0.57 0.29
v -92.151 2.280 18.651 0.38 0.57 0.29
v -91.200 3.300 19.500 0.38 0.57 0.29
v -91.727 3.300 20.773 0.38 0.57 0.29
v -93.000 3.300 21.300 0.38 0.57 0.29
v -94.273 3.300 20.773 0.38 0.57 0.29
v -94.800 3.300 19.500 0.38 0.57 0.29
v -94.273 3.300 18.227 0.38 0.57 0.29
v -93.000 3.300 17.700 0.38 0.57 0.29
v -91.727 3.300 18.227 0.38 0.57 0.29
v -91.200 3.300 19.500 0.38 0.57 0.29
v -91.727 3.300 20.773 0.38 0.57 0.29
v -93.000 3.300 21.300 0.38 0.57 0.29
v -94.273 3.300 20.773 0.38 0.57 0.29
v -94.800 3.300 19.500 0.38 0.57 0.29
v -94.273 3.300 18.227 0.38 0.57 0.29
v -93.000 3.300 17.700 0.38 0.57 0.29
v -91.727 3.300 18.227 0.38 0.57 0.29
v -91.440 4.680 19.500 0.38 0.57 0.29
v -91.897 4.680 20.603 0.38 0.57 0.29
v -93.000 4.680 21.060 0.38 0.57 0.29
v -94.103 4.680 20.603 0.38 0.57 0.29
v -94.560 4.680 19.500 0.38 0.57 0.29
v -94.103 4.680 18.397 0.38 0.57 0.29
v -93.000 4.680 17.940 0.38 0.57 0.29
v -91.897 4.680 18.397 0.38 0.57 0.29
v -91.440 4.680 19.500 0.38 0.57 0.29
v -91.897 4.680 20.603 0.38 0.57 0.29
v -93.000 4.680 21.060 0.38 0.57 0.29
v -94.103 4.680 20.603 0.38 0.57 0.29
v -94.560 4.680 19.500 0.38 0.57 0.29
v -94.103 4.680 18.397 0.38 0.57 0.29
v -93.000 4.680 17.940 0.38 0.57 0.29
v -91.897 4.680 18.397 0.38 0.57 0.29
v -92.580 6.000 19.500 0.38 0.57 0.29
v -92.703 6.000 19.797 0.38 0.57 0.29
v -93.000 6.000 19.920 0.38 0.57 0.29
v -93.297 6.000 19.797 0.38 0.57 0.29
v -93.420 6.000 19.500 0.38 0.57 0.29
v -93.297 6.000 19.203 0.38 0.57 0.29
v -93.000 6.000 19.080 0.38 0.57 0.29
v -92.703 6.000 19.203 0.38 0.57 0.29
v -74.780 0.150 19.500 0.4 0.3 0.21
v -74.809 0.150 19.610 0.4 0.3 0.21
v -74.890 0.150 19.691 0.4 0.3 0.21
v -75.000 0.150 19.720 0.4 0.3 0.21
v -75.110 0.150 19.691 0.4 0.3 0.21
v -75.191 0.150 19.610 0.4 0.3 0.21
v -75.220 0.150 19.500 0.4 0.3 0.21
v -75.191 0.150 19.390 0.4 0.3 0.21
v -75.110 0.150 19.309 0.4 0.3 0.21
v -75.000 0.150 19.280 0.4 0.3 0.21
v -74.890 0.150 19.309 0.4 0.3 0.21
v -74.809 0.150 19.390 0.4 0.3 0.21
v -74.840 2.856 19.500 0.4 0.3 0.21
v -74.861 2.856 19.580 0.4 0.3 0.21
v -74.920 2.856 19.639 0.4 0.3 0.21
v -75.000 2.856 19.660 0.4 0.3 0.21
v -75.080 2.856 19.639 0.4 0.3 0.21
v -75.139 2.856 19.580 0.4 0.3 0.21
v -75.160 2.856 19.500 0.4 0.3 0.21
v -75.139 2.856 19.420 0.4 0.3 0.21
v -75.080 2.856 19.361 0.4 0.3 0.21
v -75.000 2.856 19.340 0.4 0.3 0.21
v -74.920 2.856 19.361 0.4 0.3 0.21
v -74.861 2.856 19.420 0.4 0.3 0.21
v -73.640 2.584 19.500 0.3 0.48 0.24
v -74.038 2.584 20.462 0.3 0.48 0.24
v -75.000 2.584 20.860 0.3 0.48 0.24
v -75.962 2.584 20.462 0.3 0.48 0.24
v -76.360 2.584 19.500 0.3 0.48 0.24
v -75.962 2.584 18.538 0.3 0.48 0.24
v -75.000 2.584 18.140 0.3 0.48 0.24
v -74.038 2.584 18.538 0.3 0.48 0.24
v -72.960 3.740 19.500 0.3 0.48 0.24
v -73.558 3.740 20.942 0.3 0.48 0.24
v -75.000 3.740 21.540 0.3 0.48 0.24
v -76.442 3.740 20.942 0.3 0.48 0.24
v -77.040 3.740 19.500 0.3 0.48 0.24
v -76.442 3.740 18.058 0.3 0.48 0.24
v -75.000 3.740 17.460 0.3 0.48 0.24
v -73.558 3.740 18.058 0.3 0.48 0.24
v -72.960 3.740 19.500 0.3 0.48 0.24
v -73.558 3.740 20.942 0.3 0.48 0.24
v -75.000 3.740 21.540 0.3 0.48 0.24
v -76.442 3.740 20.942 0.3 0.48 0.24
v -77.040 3.740 19.500 0.3 0.48 0.24
v -76.442 3.740 18.058 0.3 0.48 0.24
v -75.000 3.740 17.460 0.3 0.48 0.24
v -73.558 3.740 18.058 0.3 0.48 0.24
v -73.232 5.304 19.500 0.3 0.48 0.24
v -73.750 5.304 20.750 0.3 0.48 0.24
v -75.000 5.304 21.268 0.3 0.48 0.24
v -76.250 5.304 20.750 0.3 0.48 0.24
v -76.768 5.304 19.500 0.3 0.48 0.24
v -76.250 5.304 18.250 0.3 0.48 0.24
v -75.000 5.304 17.732 0.3 0.48 0.24
v -73.750 5.304 18.250 0.3 0.48 0.24
v -73.232 5.304 19.500 0.3 0.48 0.24
v -73.750 5.304 20.750 0.3 0.48 0.24
v -75.000 5.304 21.268 0.3 0.48 0.24
v -76.250 5.304 20.750 0.3 0.48 0.24
v -76.768 5.304 19.500 0.3 0.48 0.24
v -76.250 5.304 18.250 0.3 0.48 0.24
v -75.000 5.304 17.732 0.3 0.48 0.24
v -73.750 5.304 18.250 0.3 0.48 0.24
v -74.524 6.800 19.500 0.3 0.48 0.24
v -74.663 6.800 19.837 0.3 0.48 0.24
v -75.000 6.800 19.976 0.3 0.48 0.24
v -75.337 6.800 19.837 0.3 0.48 0.24
v -75.476 6.800 19.500 0.3 0.48 0.24
v -75.337 6.800 19.163 0.3 0.48 0.24
v -75.000 6.800 19.024 0.3 0.48 0.24
v -74.663 6.800 19.163 0.3 0.48 0.24
v -56.780 0.150 19.500 0.4 0.3 0.21
v -56.809 0.150 19.610 0.4 0.3 0.21
v -56.890 0.150 19.691 0.4 0.3 0.21
v -57.000 0.150 19.720 0.4 0.3 0.21
v -57.110 0.150 19.691 0.4 0.3 0.21
v -57.191 0.150 19.610 0.4 0.3 0.21
v -57.220 0.150 19.500 0.4 0.3 0.21
v -57.191 0.150 19.390 0.4 0.3 0.21
v -57.110 0.150 19.309 0.4 0.3 0.21
v -57.000 0.150 19.280 0.4 0.3 0.21
v -56.890 0.150 19.309 0.4 0.3 0.21
v -56.809 0.150 19.390 0.4 0.3 0.21
v -56.840 2.520 19.500 0.4 0.3 0.21
v -56.861 2.520 19.580 0.4 0.3 0.21
v -56.920 2.520 19.639 0.4 0.3 0.21
v -57.000 2.520 19.660 0.4 0.3 0.21
v -57.080 2.520 19.639 0.4 0.3 0.21
v -57.139 2.520 19.580 0.4 0.3 0.21
v -57.160 2.520 19.500 0.4 0.3 0.21
v -57.139 2.520 19.420 0.4 0.3 0.21
v -57.080 2.520 19.361 0.4 0.3 0.21
v -57.000 2.520 19.340 0.4 0.3 0.21
v -56.920 2.520 19.361 0.4 0.3 0.21
v -56.861 2.520 19.420 0.4 0.3 0.21
v -55.800 2.280 19.500 0.38 0.57 0.29
v -56.151 2.280 20.349 0.38 0.57 0.29
v -57.000 2.280 20.700 0.38 0.57 0.29
v -57.849 2.280 20.349 0.38 0.57 0.29
v -58.200 2.280 19.500 0.38 0.57 0.29
v -57.849 2.280 18.651 0.38 0.57 0.29
v -57.000 2.280 18.300 0.38 0.57 0.29
v -56.151 2.280 18.651 0.38 0.57 0.29
v -55.200 3.300 19.500 0.38 0.57 0.29
v -55.727 3.300 20.773 0.38 0.57 0.29
v -57.000 3.300 21.300 0.38 0.57 0.29
v -58.273 3.300 20.773 0.38 0.57 0.29
v -58.800 3.300 19.500 0.38 0.57 0.29
v -58.273 3.300 18.227 0.38 0.57 0.29
v -57.000 3.300 17.700 0.38 0.57 0.29
v -55.727 3.300 18.227 0.38 0.57 0.29
v -55.200 3.300 19.500 0.38 0.57 0.29
v -55.727 3.300 20.773 0.38 0.57 0.29
v -57.000 3.300 21.300 0.38 0.57 0.29
v -58.273 3.300 20.773 0.38 0.57 0.29
v -58.800 3.300 19.500 0.38 0.57 0.29
v -58.273 3.300 18.227 0.38 0.57 0.29
v -57.000 3.300 17.700 0.38 0.57 0.29
v -55.727 3.300 18.227 0.38 0.57 0.29
v -55.440 4.680 19.500 0.38 0.57 0.29
v -55.897 4.680 20.603 0.38 0.57 0.29
v -57.000 4.680 21.060 0.38 0.57 0.29
v -58.103 4.680 20.603 0.38 0.57 0.29
v -58.560 4.680 19.500 0.38 0.57 0.29
v -58.103 4.680 18.397 0.38 0.57 0.29
v -57.000 4.680 17.940 0.38 0.57 0.29
v -55.897 4.680 18.397 0.38 0.57 0.29
v -55.440 4.680 19.500 0.38 0.57 0.29
v -55.897 4.680 20.603 0.38 0.57 0.29
v -57.000 4.680 21.060 0.38 0.57 0.29
v -58.103 4.680 20.603 0.38 0.57 0.29
v -58.560 4.680 19.500 0.38 0.57 0.29
v -58.103 4.680 18.397 0.38 0.57 0.29
v -57.000 4.680 17.940 0.38 0.57 0.29
v -55.897 4.680 18.397 0.38 0.57 0.29
v -56.580 6.000 19.500 0.38 0.57 0.29
v -56.703 6.000 19.797 0.38 0.57 0.29
v -57.000 6.000 19.920 0.38 0.57 0.29
v -57.297 6.000 19.797 0.38 0.57 0.29
v -57.420 6.000 19.500 0.38 0.57 0.29
v -57.297 6.000 19.203 0.38 0.57 0.29
v -57.000 6.000 19.080 0.38 0.57 0.29
v -56.703 6.000 19.203 0.38 0.57 0.29
v -38.780 0.150 19.500 0.4 0.3 0.21
v -38.809 0.150 19.610 0.4 0.3 0.21
v -38.890 0.150 19.691 0.4 0.3 0.21
v -39.000 0.150 19.720 0.4 0.3 0.21
v -39.110 0.150 19.691 0.4 0.3 0.21
v -39.191 0.150 19.610 0.4 0.3 0.21
v -39.220 0.150 19.500 0.4 0.3 0.21
v -39.191 0.150 19.390 0.4 0.3 0.21
v -39.110 0.150 19.309 0.4 0.3 0.21
v -39.000 0.150 19.280 0.4 0.3 0.21
v -38.890 0.150 19.309 0.4 0.3 0.21
v -38.809 0.150 19.390 0.4 0.3 0.21
v -38.840 2.856 19.500 0.4 0.3 0.21
v -38.861 2.856 19.580 0.4 0.3 0.21
v -38.920 2.856 19.639 0.4 0.3 0.21
v -39.000 2.856 19.660 0.4 0.3 0.21
v -39.080 2.856 19.639 0.4 0.3 0.21
v -39.139 2.856 19.580 0.4 0.3 0.21
v -39.160 2.856 19.500 0.4 0.3 0.21
v -39.139 2.856 19.420 0.4 0.3 0.21
v -39.080 2.856 19.361 0.4 0.3 0.21
v -39.000 2.856 19.340 0.4 0.3 0.21
v -38.920 2.856 19.361 0.4 0.3 0.21
v -38.861 2.856 19.420 0.4 0.3 0.21
v -37.640 2.584 19.500 0.3 0.48 0.24
v -38.038 2.584 20.462 0.3 0.48 0.24
v -39.000 2.584 20.860 0.3 0.48 0.24
v -39.962 2.584 20.462 0.3 0.48 0.24
v -40.360 2.584 19.500 0.3 0.48 0.24
v -39.962 2.584 18.538 0.3 0.48 0.24
v -39.000 2.584 18.140 0.3 0.48 0.24
v -38.038 2.584 18.538 0.3 0.48 0.24
v -36.960 3.740 19.500 0.3 0.48 0.24
v -37.558 3.740 20.942 0.3 0.48 0.24
v -39.000 3.740 21.540 0.3 0.48 0.24
v -40.442 3.740 20.942 0.3 0.48 0.24
v -41.040 3.740 19.500 0.3 0.48 0.24
v -40.442 3.740 18.058 0.3 0.48 0.24
v -39.000 3.740 17.460 0.3 0.48 0.24
v -37.558 3.740 18.058 0.3 0.48 0.24
v -36.960 3.740 19.500 0.3 0.48 0.24
v -37.558 3.740 20.942 0.3 0.48 0.24
v -39.000 3.740 21.540 0.3 0.48 0.24
v -40.442 3.740 20.942 0.3 0.48 0.24
v -41.040 3.740 19.500 0.3 0.48 0.24
v -40.442 3.740 18.058 0.3 0.48 0.24
v -39.000 3.740 17.460 0.3 0.48 0.24
v -37.558 3.740 18.058 0.3 0.48 0.24
v -37.232 5.304 19.500 0.3 0.48 0.24
v -37.750 5.304 20.750 0.3 0.48 0.24
v -39.000 5.304 21.268 0.3 0.48 0.24
v -40.250 5.304 20.750 0.3 0.48 0.24
v -40.768 5.304 19.500 0.3 0.48 0.24
v -40.250 5.304 18.250 0.3 0.48 0.24
v -39.000 5.304 17.732 0.3 0.48 0.24
v -37.750 5.304 18.250 0.3 0.48 0.24
v -37.232 5.304 19.500 0.3 0.48 0.24
v -37.750 5.304 20.750 0.3 0.48 0.24
v -39.000 5.304 21.268 0.3 0.48 0.24
v -40.250 5.304 20.750 0.3 0.48 0.24
v -40.768 5.304 19.500 0.3 0.48 0.24
v -40.250 5.304 18.250 0.3 0.48 0.24
v -39.000 5.304 17.732 0.3 0.48 0.24
v -37.750 5.304 18.250 0.3 0.48 0.24
v -38.524 6.800 19.500 0.3 0.48 0.24
v -38.663 6.800 19.837 0.3 0.48 0.24
v -39.000 6.800 19.976 0.3 0.48 0.24
v -39.337 6.800 19.837 0.3 0.48 0.24
v -39.476 6.800 19.500 0.3 0.48 0.24
v -39.337 6.800 19.163 0.3 0.48 0.24
v -39.000 6.800 19.024 0.3 0.48 0.24
v -38.663 6.800 19.163 0.3 0.48 0.24
v -20.780 0.150 19.500 0.4 0.3 0.21
v -20.809 0.150 19.610 0.4 0.3 0.21
v -20.890 0.150 19.691 0.4 0.3 0.21
v -21.000 0.150 19.720 0.4 0.3 0.21
v -21.110 0.150 19.691 0.4 0.3 0.21
v -21.191 0.150 19.610 0.4 0.3 0.21
v -21.220 0.150 19.500 0.4 0.3 0.21
v -21.191 0.150 19.390 0.4 0.3 0.21
v -21.110 0.150 19.309 0.4 0.3 0.21
v -21.000 0.150 19.280 0.4 0.3 0.21
v -20.890 0.150 19.309 0.4 0.3 0.21
v -20.809 0.150 19.390 0.4 0.3 0.21
v -20.840 2.520 19.500 0.4 0.3 0.21
v -20.861 2.520 19.580 0.4 0.3 0.21
v -20.920 2.520 19.639 0.4 0.3 0.21
v -21.000 2.520 19.660 0.4 0.3 0.21
v -21.080 2.520 19.639 0.4 0.3 0.21
v -21.139 2.520 19.580 0.4 0.3 0.21
v -21.160 2.520 19.500 0.4 0.3 0.21
v -21.139 2.520 19.420 0.4 0.3 0.21
v -21.080 2.520 19.361 0.4 0.3 0.21
v -21.000 2.520 19.340 0.4 0.3 0.21
v -20.920 2.520 19.361 0.4 0.3 0.21
v -20.861 2.520 19.420 0.4 0.3 0.21
v -19.800 2.280 19.500 0.38 0.57 0.29
v -20.151 2.280 20.349 0.38 0.57 0.29
v -21.000 2.280 20.700 0.38 0.57 0.29
v -21.849 2.280 20.349 0.38 0.57 0.29
v -22.200 2.280 19.500 0.38 0.57 0.29
v -21.849 2.280 18.651 0.38 0.57 0.29
v -21.000 2.280 18.300 0.38 0.57 0.29
v -20.151 2.280 18.651 0.38 0.57 0.29
v -19.200 3.300 19.500 0.38 0.57 0.29
v -19.727 3.300 20.773 0.38 0.57 0.29
v -21.000 3.300 21.300 0.38 0.57 0.29
v -22.273 3.300 20.773 0.38 0.57 0.29
v -22.800 3.300 19.500 0.38 0.57 0.29
v -22.273 3.300 18.227 0.38 0.57 0.29
v -21.000 3.300 17.700 0.38 0.57 0.29
v -19.727 3.300 18.227 0.38 0.57 0.29
v -19.200 3.300 19.500 0.38 0.57 0.29
v -19.727 3.300 20.773 0.38 0.57 0.29
v -21.000 3.300 21.300 0.38 0.57 0.29
v -22.273 3.300 20.773 0.38 0.57 0.29
v -22.800 3.300 19.500 0.38 0.57 0.29
v -22.273 3.300 18.227 0.38 0.57 0.29
v -21.000 3.300 17.700 0.38 0.57 0.29
v -19.727 3.300 18.227 0.38 0.57 0.29
v -19.440 4.680 19.500 0.38 0.57 0.29
v -19.897 4.680 20.603 0.38 0.57 0.29
v -21.000 4.680 21.060 0.38 0.57 0.29
v -22.103 4.680 20.603 0.38 0.57 0.29
v -22.560 4.680 19.500 0.38 0.57 0.29
v -22.103 4.680 18.397 0.38 0.57 0.29
v -21.000 4.680 17.940 0.38 0.57 0.29
v -19.897 4.680 18.397 0.38 0.57 0.29
v -19.440 4.680 19.500 0.38 0.57 0.29
v -19.897 4.680 20.603 0.38 0.57 0.29
v -21.000 4.680 21.060 0.38 0.57 0.29
v -22.103 4.680 20.603 0.38 0.57 0.29
v -22.560 4.680 19.500 0.38 0.57 0.29
v -22.103 4.680 18.397 0.38 0.57 0.29
v -21.000 4.680 17.940 0.38 0.57 0.29
v -19.897 4.680 18.397 0.38 0.57 0.29
v -20.580 6.000 19.500 0.38 0.57 0.29
v -20.703 6.000 19.797 0.38 0.57 0.29
v -21.000 6.000 19.920 0.38 0.57 0.29
v -21.297 6.000 19.797 0.38 0.57 0.29
v -21.420 6.000 19.500 0.38 0.57 0.29
v -21.297 6.000 19.203 0.38 0.57 0.29
v -21.000 6.000 19.080 0.38 0.57 0.29
v -20.703 6.000 19.203 0.38 0.57 0.29
v -2.780 0.150 19.500 0.4 0.3 0.21
v -2.809 0.150 19.610 0.4 0.3 0.21
v -2.890 0.150 19.691 0.4 0.3 0.21
v -3.000 0.150 19.720 0.4 0.3 0.21
v -3.110 0.150 19.691 0.4 0.3 0.21
v -3.191 0.150 19.610 0.4 0.3 0.21
v -3.220 0.150 19.500 0.4 0.3 0.21
v -3.191 0.150 19.390 0.4 0.3 0.21
v -3.110 0.150 19.309 0.4 0.3 0.21
v -3.000 0.150 19.280 0.4 0.3 0.21
v -2.890 0.150 19.309 0.4 0.3 0.21
v -2.809 0.150 19.390 0.4 0.3 0.21
v -2.840 2.856 19.500 0.4 0.3 0.21
v -2.861 2.856 19.580 0.4 0.3 0.21
v -2.920 2.856 19.639 0.4 0.3 0.21
v -3.000 2.856 19.660 0.4 0.3 0.21
v -3.080 2.856 19.639 0.4 0.3 0.21
v -3.139 2.856 19.580 0.4 0.3 0.21
v -3.160 2.856 19.500 0.4 0.3 0.21
v -3.139 2.856 19.420 0.4 0.3 0.21
v -3.080 2.856 19.361 0.4 0.3 0.21
v -3.000 2.856 19.340 0.4 0.3 0.21
v -2.920 2.856 19.361 0.4 0.3 0.21
v -2.861 2.856 19.420 0.4 0.3 0.21
v -1.640 2.584 19.500 0.3 0.48 0.24
v -2.038 2.584 20.462 0.3 0.48 0.24
v -3.000 2.584 20.860 0.3 0.48 0.24
v -3.962 2.584 20.462 0.3 0.48 0.24
v -4.360 2.584 19.500 0.3 0.48 0.24
v -3.962 2.584 18.538 0.3 0.48 0.24
v -3.000 2.584 18.140 0.3 0.48 0.24
v -2.038 2.584 18.538 0.3 0.48 0.24
v -0.960 3.740 19.500 0.3 0.48 0.24
v -1.558 3.740 20.942 0.3 0.48 0.24
v -3.000 3.740 21.540 0.3 0.48 0.24
v -4.442 3.740 20.942 0.3 0.48 0.24
v -5.040 3.740 19.500 0.3 0.48 0.24
v -4.442 3.740 18.058 0.3 0.48 0.24
v -3.000 3.740 17.460 0.3 0.48 0.24
v -1.558 3.740 18.058 0.3 0.48 0.24
v -0.960 3.740 19.500 0.3 0.48 0.24
v -1.558 3.740 20.942 0.3 0.48 0.24
v -3.000 3.740 21.540 0.3 0.48 0.24
v -4.442 3.740 20.942 0.3 0.48 0.24
v -5.040 3.740 19.500 0.3 0.48 0.24
v -4.442 3.740 18.058 0.3 0.48 0.24
v -3.000 3.740 17.460 0.3 0.48 0.24
v -1.558 3.740 18.058 0.3 0.48 0.24
v -1.232 5.304 19.500 0.3 0.48 0.24
v -1.750 5.304 20.750 0.3 0.48 0.24
v -3.000 5.304 21.268 0.3 0.48 0.24
v -4.250 5.304 20.750 0.3 0.48 0.24
v -4.768 5.304 19.500 0.3 0.48 0.24
v -4.250 5.304 18.250 0.3 0.48 0.24
v -3.000 5.304 17.732 0.3 0.48 0.24
v -1.750 5.304 18.250 0.3 0.48 0.24
v -1.232 5.304 19.500 0.3 0.48 0.24
v -1.750 5.304 20.750 0.3 0.48 0.24
v -3.000 5.304 21.268 0.3 0.48 0.24
v -4.250 5.304 20.750 0.3 0.48 0.24
v -4.768 5.304 19.500 0.3 0.48 0.24
v -4.250 5.304 18.250 0.3 0.48 0.24
v -3.000 5.304 17.732 0.3 0.48 0.24
v -1.750 5.304 18.250 0.3 0.48 0.24
v -2.524 6.800 19.500 0.3 0.48 0.24
v -2.663 6.800 19.837 0.3 0.48 0.24
v -3.000 6.800 19.976 0.3 0.48 0.24
v -3.337 6.800 19.837 0.3 0.48 0.24
v -3.476 6.800 19.500 0.3 0.48 0.24
v -3.337 6.800 19.163 0.3 0.48 0.24
v -3.000 6.800 19.024 0.3 0.48 0.24
v -2.663 6.800 19.163 0.3 0.48 0.24
v 15.220 0.150 19.500 0.4 0.3 0.21
v 15.191 0.150 19.610 0.4 0.3 0.21
v 15.110 0.150 19.691 0.4 0.3 0.21
v 15.000 0.150 19.720 0.4 0.3 0.21
v 14.890 0.150 19.691 0.4 0.3 0.21
v 14.809 0.150 19.610 0.4 0.3 0.21
v 14.780 0.150 19.500 0.4 0.3 0.21
v 14.809 0.150 19.390 0.4 0.3 0.21
v 14.890 0.150 19.309 0.4 0.3 0.21
v 15.000 0.150 19.280 0.4 0.3 0.21
v 15.110 0.150 19.309 0.4 0.3 0.21
v 15.191 0.150 19.390 0.4 0.3 0.21
v 15.160 2.520 19.500 0.4 0.3 0.21
v 15.139 2.520 19.580 0.4 0.3 0.21
v 15.080 2.520 19.639 0.4 0.3 0.21
v 15.000 2.520 19.660 0.4 0.3 0.21
v 14.920 2.520 19.639 0.4 0.3 0.21
v 14.861 2.520 19.580 0.4 0.3 0.21
v 14.840 2.520 19.500 0.4 0.3 0.21
v 14.861 2.520 19.420 0.4 0.3 0.21
v 14.920 2.520 19.361 0.4 0.3 0.21
v 15.000 2.520 19.340 0.4 0.3 0.21
v 15.080 2.520 19.361 0.4 0.3 0.21
v 15.139 2.520 19.420 0.4 0.3 0.21
v 16.200 2.280 19.500 0.38 0.57 0.29
v 15.849 2.280 20.349 0.38 0.57 0.29
v 15.000 2.280 20.700 0.38 0.57 0.29
v 14.151 2.280 20.349 0.38 0.57 0.29
v 13.800 2.280 19.500 0.38 0.57 0.29
v 14.151 2.280 18.651 0.38 0.57 0.29
v 15.000 2.280 18.300 0.38 0.57 0.29
v 15.849 2.280 18.651 0.38 0.57 0.29
v 16.800 3.300 19.500 0.38 0.57 0.29
v 16.273 3.300 20.773 0.38 0.57 0.29
v 15.000 3.300 21.300 0.38 0.57 0.29
v 13.727 3.300 20.773 0.38 0.57 0.29
v 13.200 3.300 19.500 0.38 0.57 0.29
v 13.727 3.300 18.227 0.38 0.57 0.29
v 15.000 3.300 17.700 0.38 0.57 0.29
v 16.273 3.300 18.227 0.38 0.57 0.29
v 16.800 3.300 19.500 0.38 0.57 0.29
v 16.273 3.300 20.773 0.38 0.57 0.29
v 15.000 3.300 21.300 0.38 0.57 0.29
v 13.727 3.300 20.773 0.38 0.57 0.29
v 13.200 3.300 19.500 0.38 0.57 0.29
v 13.727 3.300 18.227 0.38 0.57 0.29
v 15.000 3.300 17.700 0.38 0.57 0.29
v 16.273 3.300 18.227 0.38 0.57 0.29
v 16.560 4.680 19.500 0.38 0.57 0.29
v 16.103 4.680 20.603 0.38 0.57 0.29
v 15.000 4.680 21.060 0.38 0.57 0.29
v 13.897 4.680 20.603 0.38 0.57 0.29
v 13.440 4.680 19.500 0.38 0.57 0.29
v 13.897 4.680 18.397 0.38 0.57 0.29
v 15.000 4.680 17.940 0.38 0.57 0.29
v 16.103 4.680 18.397 0.38 0.57 0.29
v 16.560 4.680 19.500 0.38 0.57 0.29
v 16.103 4.680 20.603 0.38 0.57 0.29
v 15.000 4.680 21.060 0.38 0.57 0.29
v 13.897 4.680 20.603 0.38 0.57 0.29
v 13.440 4.680 19.500 0.38 0.57 0.29
v 13.897 4.680 18.397 0.38 0.57 0.29
v 15.000 4.680 17.940 0.38 0.57 0.29
v 16.103 4.680 18.397 0.38 0.57 0.29
v 15.420 6.000 19.500 0.38 0.57 0.29
v 15.297 6.000 19.797 0.38 0.57 0.29
v 15.000 6.000 19.920 0.38 0.57 0.29
v 14.703 6.000 19.797 0.38 0.57 0.29
v 14.580 6.000 19.500 0.38 0.57 0.29
v 14.703 6.000 19.203 0.38 0.57 0.29
v 15.000 6.000 19.080 0.38 0.57 0.29
v 15.297 6.000 19.203 0.38 0.57 0.29
v 33.220 0.150 19.500 0.4 0.3 0.21
v 33.191 0.150 19.610 0.4 0.3 0.21
v 33.110 0.150 19.691 0.4 0.3 0.21
v 33.000 0.150 19.720 0.4 0.3 0.21
v 32.890 0.150 19.691 0.4 0.3 0.21
v 32.809 0.150 19.610 0.4 0.3 0.21
v 32.780 0.150 19.500 0.4 0.3 0.21
v 32.809 0.150 19.390 0.4 0.3 0.21
v 32.890 0.150 19.309 0.4 0.3 0.21
v 33.000 0.150 19.280 0.4 0.3 0.21
v 33.110 0.150 19.309 0.4 0.3 0.21
v 33.191 0.150 19.390 0.4 0.3 0.21
v 33.160 2.856 19.500 0.4 0.3 0.21
v 33.139 2.856 19.580 0.4 0.3 0.21
v 33.080 2.856 19.639 0.4 0.3 0.21
v 33.000 2.856 19.660 0.4 0.3 0.21
v 32.920 2.856 19.639 0.4 0.3 0.21
v 32.861 2.856 19.580 0.4 0.3 0.21
v 32.840 2.856 19.500 0.4 0.3 0.21
v 32.861 2.856 19.420 0.4 0.3 0.21
v 32.920 2.856 19.361 0.4 0.3 0.21
v 33.000 2.856 19.340 0.4 0.3 0.21
v 33.080 2.856 19.361 0.4 0.3 0.21
v 33.139 2.856 19.420 0.4 0.3 0.21
v 34.360 2.584 19.500 0.3 0.48 0.24
v 33.962 2.584 20.462 0.3 0.48 0.24
v 33.000 2.584 20.860 0.3 0.48 0.24
v 32.038 2.584 20.462 0.3 0.48 0.24
v 31.640 2.584 19.500 0.3 0.48 0.24
v 32.038 2.584 18.538 0.3 0.48 0.24
v 33.000 2.584 18.140 0.3 0.48 0.24
v 33.962 2.584 18.538 0.3 0.48 0.24
v 35.040 3.740 19.500 0.3 0.48 0.24
v 34.442 3.740 20.942 0.3 0.48 0.24
v 33.000 3.740 21.540 0.3 0.48 0.24
v 31.558 3.740 20.942 0.3 0.48 0.24
v 30.960 3.740 19.500 0.3 0.48 0.24
v 31.558 3.740 18.058 0.3 0.48 0.24
v 33.000 3.740 17.460 0.3 0.48 0.24
v 34.442 3.740 18.058 0.3 0.48 0.24
v 35.040 3.740 19.500 0.3 0.48 0.24
v 34.442 3.740 20.942 0.3 0.48 0.24
v 33.000 3.740 21.540 0.3 0.48 0.24
v 31.558 3.740 20.942 0.3 0.48 0.24
v 30.960 3.740 19.500 0.3 0.48 0.24
v 31.558 3.740 18.058 0.3 0.48 0.24
v 33.000 3.740 17.460 0.3 0.48 0.24
v 34.442 3.740 18.058 0.3 0.48 0.24
v 34.768 5.304 19.500 0.3 0.48 0.24
v 34.250 5.304 20.750 0.3 0.48 0.24
v 33.000 5.304 21.268 0.3 0.48 0.24
v 31.750 5.304 20.750 0.3 0.48 0.24
v 31.232 5.304 19.500 0.3 0.48 0.24
v 31.750 5.304 18.250 0.3 0.48 0.24
v 33.000 5.304 17.732 0.3 0.48 0.24
v 34.250 5.304 18.250 0.3 0.48 0.24
v 34.768 5.304 19.500 0.3 0.48 0.24
v 34.250 5.304 20.750 0.3 0.48 0.24
v 33.000 5.304 21.268 0.3 0.48 0.24
v 31.750 5.304 20.750 0.3 0.48 0.24
v 31.232 5.304 19.500 0.3 0.48 0.24
v 31.750 5.304 18.250 0.3 0.48 0.24
v 33.000 5.304 17.732 0.3 0.48 0.24
v 34.250 5.304 18.250 0.3 0.48 0.24
v 33.476 6.800 19.500 0.3 0.48 0.24
v 33.337 6.800 19.837 0.3 0.48 0.24
v 33.000 6.800 19.976 0.3 0.48 0.24
v 32.663 6.800 19.837 0.3 0.48 0.24
v 32.524 6.800 19.500 0.3 0.48 0.24
v 32.663 6.800 19.163 0.3 0.48 0.24
v 33.000 6.800 19.024 0.3 0.48 0.24
v 33.337 6.800 19.163 0.3 0.48 0.24
v 51.220 0.150 19.500 0.4 0.3 0.21
v 51.191 0.150 19.610 0.4 0.3 0.21
v 51.110 0.150 19.691 0.4 0.3 0.21
v 51.000 0.150 19.720 0.4 0.3 0.21
v 50.890 0.150 19.691 0.4 0.3 0.21
v 50.809 0.150 19.610 0.4 0.3 0.21
v 50.780 0.150 19.500 0.4 0.3 0.21
v 50.809 0.150 19.390 0.4 0.3 0.21
v 50.890 0.150 19.309 0.4 0.3 0.21
v 51.000 0.150 19.280 0.4 0.3 0.21
v 51.110 0.150 19.309 0.4 0.3 0.21
v 51.191 0.150 19.390 0.4 0.3 0.21
v 51.160 2.520 19.500 0.4 0.3 0.21
v 51.139 2.520 19.580 0.4 0.3 0.21
v 51.080 2.520 19.639 0.4 0.3 0.21
v 51.000 2.520 19.660 0.4 0.3 0.21
v 50.920 2.520 19.639 0.4 0.3 0.21
v 50.861 2.520 19.580 0.4 0.3 0.21
v 50.840 2.520 19.500 0.4 0.3 0.21
v 50.861 2.520 19.420 0.4 0.3 0.21
v 50.920 2.520 19.361 0.4 0.3 0.21
v 51.000 2.520 19.340 0.4 0.3 0.21
v 51.080 2.520 19.361 0.4 0.3 0.21
v 51.139 2.520 19.420 0.4 0.3 0.21
v 52.200 2.280 19.500 0.38 0.57 0.29
v 51.849 2.280 20.349 0.38 0.57 0.29
v 51.000 2.280 20.700 0.38 0.57 0.29
v 50.151 2.280 20.349 0.38 0.57 0.29
v 49.800 2.280 19.500 0.38 0.57 0.29
v 50.151 2.280 18.651 0.38 0.57 0.29
v 51.000 2.280 18.300 0.38 0.57 0.29
v 51.849 2.280 18.651 0.38 0.57 0.29
v 52.800 3.300 19.500 0.38 0.57 0.29
v 52.273 3.300 20.773 0.38 0.57 0.29
v 51.000 3.300 21.300 0.38 0.57 0.29
v 49.727 3.300 20.773 0.38 0.57 0.29
v 49.200 3.300 19.500 0.38 0.57 0.29
v 49.727 3.300 18.227 0.38 0.57 0.29
v 51.000 3.300 17.700 0.38 0.57 0.29
v 52.273 3.300 18.227 0.38 0.57 0.29
v 52.800 3.300 19.500 0.38 0.57 0.29
v 52.273 3.300 20.773 0.38 0.57 0.29
v 51.000 3.300 21.300 0.38 0.57 0.29
v 49.727 3.300 20.773 0.38 0.57 0.29
v 49.200 3.300 19.500 0.38 0.57 0.29
v 49.727 3.300 18.227 0.38 0.57 0.29
v 51.000 3.300 17.700 0.38 0.57 0.29
v 52.273 3.300 18.227 0.38 0.57 0.29
v 52.560 4.680 19.500 0.38 0.57 0.29
v 52.103 4.680 20.603 0.38 0.57 0.29
v 51.000 4.680 21.060 0.38 0.57 0.29
v 49.897 4.680 20.603 0.38 0.57 0.29
v 49.440 4.680 19.500 0.38 0.57 0.29
v 49.897 4.680 18.397 0.38 0.57 0.29
v 51.000 4.680 17.940 0.38 0.57 0.29
v 52.103 4.680 18.397 0.38 0.57 0.29
v 52.560 4.680 19.500 0.38 0.57 0.29
v 52.103 4.680 20.603 0.38 0.57 0.29
v 51.000 4.680 21.060 0.38 0.57 0.29
v 49.897 4.680 20.603 0.38 0.57 0.29
v 49.440 4.680 19.500 0.38 0.57 0.29
v 49.897 4.680 18.397 0.38 0.57 0.29
v 51.000 4.680 17.940 0.38 0.57 0.29
v 52.103 4.680 18.397 0.38 0.57 0.29
v 51.420 6.000 19.500 0.38 0.57 0.29
v 51.297 6.000 19.797 0.38 0.57 0.29
v 51.000 6.000 19.920 0.38 0.57 0.29
v 50.703 6.000 19.797 0.38 0.57 0.29
v 50.580 6.000 19.500 0.38 0.57 0.29
v 50.703 6.000 19.203 0.38 0.57 0.29
v 51.000 6.000 19.080 0.38 0.57 0.29
v 51.297 6.000 19.203 0.38 0.57 0.29
v 69.220 0.150 19.500 0.4 0.3 0.21
v 69.191 0.150 19.610 0.4 0.3 0.21
v 69.110 0.150 19.691 0.4 0.3 0.21
v 69.000 0.150 19.720 0.4 0.3 0.21
v 68.890 0.150 19.691 0.4 0.3 0.21
v 68.809 0.150 19.610 0.4 0.3 0.21
v 68.780 0.150 19.500 0.4 0.3 0.21
v 68.809 0.150 19.390 0.4 0.3 0.21
v 68.890 0.150 19.309 0.4 0.3 0.21
v 69.000 0.150 19.280 0.4 0.3 0.21
v 69.110 0.150 19.309 0.4 0.3 0.21
v 69.191 0.150 19.390 0.4 0.3 0.21
v 69.160 2.856 19.500 0.4 0.3 0.21
v 69.139 2.856 19.580 0.4 0.3 0.21
v 69.080 2.856 19.639 0.4 0.3 0.21
v 69.000 2.856 19.660 0.4 0.3 0.21
v 68.920 2.856 19.639 0.4 0.3 0.21
v 68.861 2.856 19.580 0.4 0.3 0.21
v 68.840 2.856 19.500 0.4 0.3 0.21
v 68.861 2.856 19.420 0.4 0.3 0.21
v 68.920 2.856 19.361 0.4 0.3 0.21
v 69.000 2.856 19.340 0.4 0.3 0.21
v 69.080 2.856 19.361 0.4 0.3 0.21
v 69.139 2.856 19.420 0.4 0.3 0.21
v 70.360 2.584 19.500 0.3 0.48 0.24
v 69.962 2.584 20.462 0.3 0.48 0.24
v 69.000 2.584 20.860 0.3 0.48 0.24
v 68.038 2.584 20.462 0.3 0.48 0.24
v 67.640 2.584 19.500 0.3 0.48 0.24
v 68.038 2.584 18.538 0.3 0.48 0.24
v 69.000 2.584 18.140 0.3 0.48 0.24
v 69.962 2.584 18.538 0.3 0.48 0.24
v 71.040 3.740 19.500 0.3 0.48 0.24
v 70.442 3.740 20.942 0.3 0.48 0.24
v 69.000 3.740 21.540 0.3 0.48 0.24
v 67.558 3.740 20.942 0.3 0.48 0.24
v 66.960 3.740 19.500 0.3 0.48 0.24
v 67.558 3.740 18.058 0.3 0.48 0.24
v 69.000 3.740 17.460 0.3 0.48 0.24
v 70.442 3.740 18.058 0.3 0.48 0.24
v 71.040 3.740 19.500 0.3 0.48 0.24
v 70.442 3.740 20.942 0.3 0.48 0.24
v 69.000 3.740 21.540 0.3 0.48 0.24
v 67.558 3.740 20.942 0.3 0.48 0.24
v 66.960 3.740 19.500 0.3 0.48 0.24
v 67.558 3.740 18.058 0.3 0.48 0.24
v 69.000 3.740 17.460 0.3 0.48 0.24
v 70.442 3.740 18.058 0.3 0.48 0.24
v 70.768 5.304 19.500 0.3 0.48 0.24
v 70.250 5.304 20.750 0.3 0.48 0.24
v 69.000 5.304 21.268 0.3 0.48 0.24
v 67.750 5.304 20.750 0.3 0.48 0.24
v 67.232 5.304 19.500 0.3 0.48 0.24
v 67.750 5.304 18.250 0.3 0.48 0.24
v 69.000 5.304 17.732 0.3 0.48 0.24
v 70.250 5.304 18.250 0.3 0.48 0.24
v 70.768 5.304 19.500 0.3 0.48 0.24
v 70.250 5.304 20.750 0.3 0.48 0.24
v 69.000 5.304 21.268 0.3 0.48 0.24
v 67.750 5.304 20.750 0.3 0.48 0.24
v 67.232 5.304 19.500 0.3 0.48 0.24
v 67.750 5.304 18.250 0.3 0.48 0.24
v 69.000 5.304 17.732 0.3 0.48 0.24
v 70.250 5.304 18.250 0.3 0.48 0.24
v 69.476 6.800 19.500 0.3 0.48 0.24
v 69.337 6.800 19.837 0.3 0.48 0.24
v 69.000 6.800 19.976 0.3 0.48 0.24
v 68.663 6.800 19.837 0.3 0.48 0.24
v 68.524 6.800 19.500 0.3 0.48 0.24
v 68.663 6.800 19.163 0.3 0.48 0.24
v 69.000 6.800 19.024 0.3 0.48 0.24
v 69.337 6.800 19.163 0.3 0.48 0.24
v 87.220 0.150 19.500 0.4 0.3 0.21
v 87.191 0.150 19.610 0.4 0.3 0.21
v 87.110 0.150 19.691 0.4 0.3 0.21
v 87.000 0.150 19.720 0.4 0.3 0.21
v 86.890 0.150 19.691 0.4 0.3 0.21
v 86.809 0.150 19.610 0.4 0.3 0.21
v 86.780 0.150 19.500 0.4 0.3 0.21
v 86.809 0.150 19.390 0.4 0.3 0.21
v 86.890 0.150 19.309 0.4 0.3 0.21
v 87.000 0.150 19.280 0.4 0.3 0.21
v 87.110 0.150 19.309 0.4 0.3 0.21
v 87.191 0.150 19.390 0.4 0.3 0.21
v 87.160 2.520 19.500 0.4 0.3 0.21
v 87.139 2.520 19.580 0.4 0.3 0.21
v 87.080 2.520 19.639 0.4 0.3 0.21
v 87.000 2.520 19.660 0.4 0.3 0.21
v 86.920 2.520 19.639 0.4 0.3 0.21
v 86.861 2.520 19.580 0.4 0.3 0.21
v 86.840 2.520 19.500 0.4 0.3 0.21
v 86.861 2.520 19.420 0.4 0.3 0.21
v 86.920 2.520 19.361 0.4 0.3 0.21
v 87.000 2.520 19.340 0.4 0.3 0.21
v 87.080 2.520 19.361 0.4 0.3 0.21
v 87.139 2.520 19.420 0.4 0.3 0.21
v 88.200 2.280 19.500 0.38 0.57 0.29
v 87.849 2.280 20.349 0.38 0.57 0.29
v 87.000 2.280 20.700 0.38 0.57 0.29
v 86.151 2.280 20.349 0.38 0.57 0.29
v 85.800 2.280 19.500 0.38 0.57 0.29
v 86.151 2.280 18.651 0.38 0.57 0.29
v 87.000 2.280 18.300 0.38 0.57 0.29
v 87.849 2.280 18.651 0.38 0.57 0.29
v 88.800 3.300 19.500 0.38 0.57 0.29
v 88.273 3.300 20.773 0.38 0.57 0.29
v 87.000 3.300 21.300 0.38 0.57 0.29
v 85.727 3.300 20.773 0.38 0.57 0.29
v 85.200 3.300 19.500 0.38 0.57 0.29
v 85.727 3.300 18.227 0.38 0.57 0.29
v 87.000 3.300 17.700 0.38 0.57 0.29
v 88.273 3.300 18.227 0.38 0.57 0.29
v 88.800 3.300 19.500 0.38 0.57 0.29
v 88.273 3.300 20.773 0.38 0.57 0.29
v 87.000 3.300 21.300 0.38 0.57 0.29
v 85.727 3.300 20.773 0.38 0.57 0.29
v 85.200 3.300 19.500 0.38 0.57 0.29
v 85.727 3.300 18.227 0.38 0.57 0.29
v 87.000 3.300 17.700 0.38 0.57 0.29
v 88.273 3.300 18.227 0.38 0.57 0.29
v 88.560 4.680 19.500 0.38 0.57 0.29
v 88.103 4.680 20.603 0.38 0.57 0.29
v 87.000 4.680 21.060 0.38 0.57 0.29
v 85.897 4.680 20.603 0.38 0.57 0.29
v 85.440 4.680 19.500 0.38 0.57 0.29
v 85.897 4.680 18.397 0.38 0.57 0.29
v 87.000 4.680 17.940 0.38 0.57 0.29
v 88.103 4.680 18.397 0.38 0.57 0.29
v 88.560 4.680 19.500 0.38 0.57 0.29
v 88.103 4.680 20.603 0.38 0.57 0.29
v 87.000 4.680 21.060 0.38 0.57 0.29
v 85.897 4.680 20.603 0.38 0.57 0.29
v 85.440 4.680 19.500 0.38 0.57 0.29
v 85.897 4.680 18.397 0.38 0.57 0.29
v 87.000 4.680 17.940 0.38 0.57 0.29
v 88.103 4.680 18.397 0.38 0.57 0.29
v 87.420 6.000 19.500 0.38 0.57 0.29
v 87.297 6.000 19.797 0.38 0.57 0.29
v 87.000 6.000 19.920 0.38 0.57 0.29
v 86.703 6.000 19.797 0.38 0.57 0.29
v 86.580 6.000 19.500 0.38 0.57 0.29
v 86.703 6.000 19.203 0.38 0.57 0.29
v 87.000 6.000 19.080 0.38 0.57 0.29
v 87.297 6.000 19.203 0.38 0.57 0.29
v -90.840 0.000 -28.800 0.4 0.43 0.46
v -90.887 0.000 -28.687 0.4 0.43 0.46
v -91.000 0.000 -28.640 0.4 0.43 0.46
v -91.113 0.000 -28.687 0.4 0.43 0.46
v -91.160 0.000 -28.800 0.4 0.43 0.46
v -91.113 0.000 -28.913 0.4 0.43 0.46
v -91.000 0.000 -28.960 0.4 0.43 0.46
v -90.887 0.000 -28.913 0.4 0.43 0.46
v -90.890 6.500 -28.800 0.4 0.43 0.46
v -90.922 6.500 -28.722 0.4 0.43 0.46
v -91.000 6.500 -28.690 0.4 0.43 0.46
v -91.078 6.500 -28.722 0.4 0.43 0.46
v -91.110 6.500 -28.800 0.4 0.43 0.46
v -91.078 6.500 -28.878 0.4 0.43 0.46
v -91.000 6.500 -28.910 0.4 0.43 0.46
v -90.922 6.500 -28.878 0.4 0.43 0.46
v -91.090 6.380 -28.800 0.4 0.43 0.46
v -90.910 6.380 -28.800 0.4 0.43 0.46
v -90.910 6.380 -28.800 0.4 0.43 0.46
v -91.090 6.380 -28.800 0.4 0.43 0.46
v -91.090 6.500 -28.800 0.4 0.43 0.46
v -90.910 6.500 -28.800 0.4 0.43 0.46
v -90.910 6.500 -28.800 0.4 0.43 0.46
v -91.090 6.500 -28.800 0.4 0.43 0.46
v -91.280 6.160 -29.020 0.98 0.94 0.72
v -90.720 6.160 -29.020 0.98 0.94 0.72
v -90.720 6.160 -28.580 0.98 0.94 0.72
v -91.280 6.160 -28.580 0.98 0.94 0.72
v -91.280 6.440 -29.020 0.98 0.94 0.72
v -90.720 6.440 -29.020 0.98 0.94 0.72
v -90.720 6.440 -28.580 0.98 0.94 0.72
v -91.280 6.440 -28.580 0.98 0.94 0.72
v -64.840 0.000 -28.800 0.4 0.43 0.46
v -64.887 0.000 -28.687 0.4 0.43 0.46
v -65.000 0.000 -28.640 0.4 0.43 0.46
v -65.113 0.000 -28.687 0.4 0.43 0.46
v -65.160 0.000 -28.800 0.4 0.43 0.46
v -65.113 0.000 -28.913 0.4 0.43 0.46
v -65.000 0.000 -28.960 0.4 0.43 0.46
v -64.887 0.000 -28.913 0.4 0.43 0.46
v -64.890 6.500 -28.800 0.4 0.43 0.46
v -64.922 6.500 -28.722 0.4 0.43 0.46
v -65.000 6.500 -28.690 0.4 0.43 0.46
v -65.078 6.500 -28.722 0.4 0.43 0.46
v -65.110 6.500 -28.800 0.4 0.43 0.46
v -65.078 6.500 -28.878 0.4 0.43 0.46
v -65.000 6.500 -28.910 0.4 0.43 0.46
v -64.922 6.500 -28.878 0.4 0.43 0.46
v -65.090 6.380 -28.800 0.4 0.43 0.46
v -64.910 6.380 -28.800 0.4 0.43 0.46
v -64.910 6.380 -28.800 0.4 0.43 0.46
v -65.090 6.380 -28.800 0.4 0.43 0.46
v -65.090 6.500 -28.800 0.4 0.43 0.46
v -64.910 6.500 -28.800 0.4 0.43 0.46
v -64.910 6.500 -28.800 0.4 0.43 0.46
v -65.090 6.500 -28.800 0.4 0.43 0.46
v -65.280 6.160 -29.020 0.98 0.94 0.72
v -64.720 6.160 -29.020 0.98 0.94 0.72
v -64.720 6.160 -28.580 0.98 0.94 0.72
v -65.280 6.160 -28.580 0.98 0.94 0.72
v -65.280 6.440 -29.020 0.98 0.94 0.72
v -64.720 6.440 -29.020 0.98 0.94 0.72
v -64.720 6.440 -28.580 0.98 0.94 0.72
v -65.280 6.440 -28.580 0.98 0.94 0.72
v -38.840 0.000 -28.800 0.4 0.43 0.46
v -38.887 0.000 -28.687 0.4 0.43 0.46
v -39.000 0.000 -28.640 0.4 0.43 0.46
v -39.113 0.000 -28.687 0.4 0.43 0.46
v -39.160 0.000 -28.800 0.4 0.43 0.46
v -39.113 0.000 -28.913 0.4 0.43 0.46
v -39.000 0.000 -28.960 0.4 0.43 0.46
v -38.887 0.000 -28.913 0.4 0.43 0.46
v -38.890 6.500 -28.800 0.4 0.43 0.46
v -38.922 6.500 -28.722 0.4 0.43 0.46
v -39.000 6.500 -28.690 0.4 0.43 0.46
v -39.078 6.500 -28.722 0.4 0.43 0.46
v -39.110 6.500 -28.800 0.4 0.43 0.46
v -39.078 6.500 -28.878 0.4 0.43 0.46
v -39.000 6.500 -28.910 0.4 0.43 0.46
v -38.922 6.500 -28.878 0.4 0.43 0.46
v -39.090 6.380 -28.800 0.4 0.43 0.46
v -38.910 6.380 -28.800 0.4 0.43 0.46
v -38.910 6.380 -28.800 0.4 0.43 0.46
v -39.090 6.380 -28.800 0.4 0.43 0.46
v -39.090 6.500 -28.800 0.4 0.43 0.46
v -38.910 6.500 -28.800 0.4 0.43 0.46
v -38.910 6.500 -28.800 0.4 0.43 0.46
v -39.090 6.500 -28.800 0.4 0.43 0.46
v -39.280 6.160 -29.020 0.98 0.94 0.72
v -38.720 6.160 -29.020 0.98 0.94 0.72
v -38.720 6.160 -28.580 0.98 0.94 0.72
v -39.280 6.160 -28.580 0.98 0.94 0.72
v -39.280 6.440 -29.020 0.98 0.94 0.72
v -38.720 6.440 -29.020 0.98 0.94 0.72
v -38.720 6.440 -28.580 0.98 0.94 0.72
v -39.280 6.440 -28.580 0.98 0.94 0.72
v -12.840 0.000 -28.800 0.4 0.43 0.46
v -12.887 0.000 -28.687 0.4 0.43 0.46
v -13.000 0.000 -28.640 0.4 0.43 0.46
v -13.113 0.000 -28.687 0.4 0.43 0.46
v -13.160 0.000 -28.800 0.4 0.43 0.46
v -13.113 0.000 -28.913 0.4 0.43 0.46
v -13.000 0.000 -28.960 0.4 0.43 0.46
v -12.887 0.000 -28.913 0.4 0.43 0.46
v -12.890 6.500 -28.800 0.4 0.43 0.46
v -12.922 6.500 -28.722 0.4 0.43 0.46
v -13.000 6.500 -28.690 0.4 0.43 0.46
v -13.078 6.500 -28.722 0.4 0.43 0.46
v -13.110 6.500 -28.800 0.4 0.43 0.46
v -13.078 6.500 -28.878 0.4 0.43 0.46
v -13.000 6.500 -28.910 0.4 0.43 0.46
v -12.922 6.500 -28.878 0.4 0.43 0.46
v -13.090 6.380 -28.800 0.4 0.43 0.46
v -12.910 6.380 -28.800 0.4 0.43 0.46
v -12.910 6.380 -28.800 0.4 0.43 0.46
v -13.090 6.380 -28.800 0.4 0.43 0.46
v -13.090 6.500 -28.800 0.4 0.43 0.46
v -12.910 6.500 -28.800 0.4 0.43 0.46
v -12.910 6.500 -28.800 0.4 0.43 0.46
v -13.090 6.500 -28.800 0.4 0.43 0.46
v -13.280 6.160 -29.020 0.98 0.94 0.72
v -12.720 6.160 -29.020 0.98 0.94 0.72
v -12.720 6.160 -28.580 0.98 0.94 0.72
v -13.280 6.160 -28.580 0.98 0.94 0.72
v -13.280 6.440 -29.020 0.98 0.94 0.72
v -12.720 6.440 -29.020 0.98 0.94 0.72
v -12.720 6.440 -28.580 0.98 0.94 0.72
v -13.280 6.440 -28.580 0.98 0.94 0.72
v 13.160 0.000 -28.800 0.4 0.43 0.46
v 13.113 0.000 -28.687 0.4 0.43 0.46
v 13.000 0.000 -28.640 0.4 0.43 0.46
v 12.887 0.000 -28.687 0.4 0.43 0.46
v 12.840 0.000 -28.800 0.4 0.43 0.46
v 12.887 0.000 -28.913 0.4 0.43 0.46
v 13.000 0.000 -28.960 0.4 0.43 0.46
v 13.113 0.000 -28.913 0.4 0.43 0.46
v 13.110 6.500 -28.800 0.4 0.43 0.46
v 13.078 6.500 -28.722 0.4 0.43 0.46
v 13.000 6.500 -28.690 0.4 0.43 0.46
v 12.922 6.500 -28.722 0.4 0.43 0.46
v 12.890 6.500 -28.800 0.4 0.43 0.46
v 12.922 6.500 -28.878 0.4 0.43 0.46
v 13.000 6.500 -28.910 0.4 0.43 0.46
v 13.078 6.500 -28.878 0.4 0.43 0.46
v 12.910 6.380 -28.800 0.4 0.43 0.46
v 13.090 6.380 -28.800 0.4 0.43 0.46
v 13.090 6.380 -28.800 0.4 0.43 0.46
v 12.910 6.380 -28.800 0.4 0.43 0.46
v 12.910 6.500 -28.800 0.4 0.43 0.46
v 13.090 6.500 -28.800 0.4 0.43 0.46
v 13.090 6.500 -28.800 0.4 0.43 0.46
v 12.910 6.500 -28.800 0.4 0.43 0.46
v 12.720 6.160 -29.020 0.98 0.94 0.72
v 13.280 6.160 -29.020 0.98 0.94 0.72
v 13.280 6.160 -28.580 0.98 0.94 0.72
v 12.720 6.160 -28.580 0.98 0.94 0.72
v 12.720 6.440 -29.020 0.98 0.94 0.72
v 13.280 6.440 -29.020 0.98 0.94 0.72
v 13.280 6.440 -28.580 0.98 0.94 0.72
v 12.720 6.440 -28.580 0.98 0.94 0.72
v 39.160 0.000 -28.800 0.4 0.43 0.46
v 39.113 0.000 -28.687 0.4 0.43 0.46
v 39.000 0.000 -28.640 0.4 0.43 0.46
v 38.887 0.000 -28.687 0.4 0.43 0.46
v 38.840 0.000 -28.800 0.4 0.43 0.46
v 38.887 0.000 -28.913 0.4 0.43 0.46
v 39.000 0.000 -28.960 0.4 0.43 0.46
v 39.113 0.000 -28.913 0.4 0.43 0.46
v 39.110 6.500 -28.800 0.4 0.43 0.46
v 39.078 6.500 -28.722 0.4 0.43 0.46
v 39.000 6.500 -28.690 0.4 0.43 0.46
v 38.922 6.500 -28.722 0.4 0.43 0.46
v 38.890 6.500 -28.800 0.4 0.43 0.46
v 38.922 6.500 -28.878 0.4 0.43 0.46
v 39.000 6.500 -28.910 0.4 0.43 0.46
v 39.078 6.500 -28.878 0.4 0.43 0.46
v 38.910 6.380 -28.800 0.4 0.43 0.46
v 39.090 6.380 -28.800 0.4 0.43 0.46
v 39.090 6.380 -28.800 0.4 0.43 0.46
v 38.910 6.380 -28.800 0.4 0.43 0.46
v 38.910 6.500 -28.800 0.4 0.43 0.46
v 39.090 6.500 -28.800 0.4 0.43 0.46
v 39.090 6.500 -28.800 0.4 0.43 0.46
v 38.910 6.500 -28.800 0.4 0.43 0.46
v 38.720 6.160 -29.020 0.98 0.94 0.72
v 39.280 6.160 -29.020 0.98 0.94 0.72
v 39.280 6.160 -28.580 0.98 0.94 0.72
v 38.720 6.160 -28.580 0.98 0.94 0.72
v 38.720 6.440 -29.020 0.98 0.94 0.72
v 39.280 6.440 -29.020 0.98 0.94 0.72
v 39.280 6.440 -28.580 0.98 0.94 0.72
v 38.720 6.440 -28.580 0.98 0.94 0.72
v 65.160 0.000 -28.800 0.4 0.43 0.46
v 65.113 0.000 -28.687 0.4 0.43 0.46
v 65.000 0.000 -28.640 0.4 0.43 0.46
v 64.887 0.000 -28.687 0.4 0.43 0.46
v 64.840 0.000 -28.800 0.4 0.43 0.46
v 64.887 0.000 -28.913 0.4 0.43 0.46
v 65.000 0.000 -28.960 0.4 0.43 0.46
v 65.113 0.000 -28.913 0.4 0.43 0.46
v 65.110 6.500 -28.800 0.4 0.43 0.46
v 65.078 6.500 -28.722 0.4 0.43 0.46
v 65.000 6.500 -28.690 0.4 0.43 0.46
v 64.922 6.500 -28.722 0.4 0.43 0.46
v 64.890 6.500 -28.800 0.4 0.43 0.46
v 64.922 6.500 -28.878 0.4 0.43 0.46
v 65.000 6.500 -28.910 0.4 0.43 0.46
v 65.078 6.500 -28.878 0.4 0.43 0.46
v 64.910 6.380 -28.800 0.4 0.43 0.46
v 65.090 6.380 -28.800 0.4 0.43 0.46
v 65.090 6.380 -28.800 0.4 0.43 0.46
v 64.910 6.380 -28.800 0.4 0.43 0.46
v 64.910 6.500 -28.800 0.4 0.43 0.46
v 65.090 6.500 -28.800 0.4 0.43 0.46
v 65.090 6.500 -28.800 0.4 0.43 0.46
v 64.910 6.500 -28.800 0.4 0.43 0.46
v 64.720 6.160 -29.020 0.98 0.94 0.72
v 65.280 6.160 -29.020 0.98 0.94 0.72
v 65.280 6.160 -28.580 0.98 0.94 0.72
v 64.720 6.160 -28.580 0.98 0.94 0.72
v 64.720 6.440 -29.020 0.98 0.94 0.72
v 65.280 6.440 -29.020 0.98 0.94 0.72
v 65.280 6.440 -28.580 0.98 0.94 0.72
v 64.720 6.440 -28.580 0.98 0.94 0.72
v 91.160 0.000 -28.800 0.4 0.43 0.46
v 91.113 0.000 -28.687 0.4 0.43 0.46
v 91.000 0.000 -28.640 0.4 0.43 0.46
v 90.887 0.000 -28.687 0.4 0.43 0.46
v 90.840 0.000 -28.800 0.4 0.43 0.46
v 90.887 0.000 -28.913 0.4 0.43 0.46
v 91.000 0.000 -28.960 0.4 0.43 0.46
v 91.113 0.000 -28.913 0.4 0.43 0.46
v 91.110 6.500 -28.800 0.4 0.43 0.46
v 91.078 6.500 -28.722 0.4 0.43 0.46
v 91.000 6.500 -28.690 0.4 0.43 0.46
v 90.922 6.500 -28.722 0.4 0.43 0.46
v 90.890 6.500 -28.800 0.4 0.43 0.46
v 90.922 6.500 -28.878 0.4 0.43 0.46
v 91.000 6.500 -28.910 0.4 0.43 0.46
v 91.078 6.500 -28.878 0.4 0.43 0.46
v 90.910 6.380 -28.800 0.4 0.43 0.46
v 91.090 6.380 -28.800 0.4 0.43 0.46
v 91.090 6.380 -28.800 0.4 0.43 0.46
v 90.910 6.380 -28.800 0.4 0.43 0.46
v 90.910 6.500 -28.800 0.4 0.43 0.46
v 91.090 6.500 -28.800 0.4 0.43 0.46
v 91.090 6.500 -28.800 0.4 0.43 0.46
v 90.910 6.500 -28.800 0.4 0.43 0.46
v 90.720 6.160 -29.020 0.98 0.94 0.72
v 91.280 6.160 -29.020 0.98 0.94 0.72
v 91.280 6.160 -28.580 0.98 0.94 0.72
v 90.720 6.160 -28.580 0.98 0.94 0.72
v 90.720 6.440 -29.020 0.98 0.94 0.72
v 91.280 6.440 -29.020 0.98 0.94 0.72
v 91.280 6.440 -28.580 0.98 0.94 0.72
v 90.720 6.440 -28.580 0.98 0.94 0.72
o Terreno
usemtl tierra
f 8 7 6 5
f 1 2 3 4
f 1 5 6 2
f 1 4 8 5
f 16 15 14 13
f 9 10 11 12
f 9 12 16 13
f 24 23 22 21
f 17 18 19 20
f 20 19 23 24
f 17 20 24 21
f 32 31 30 29
f 25 26 27 28
f 25 29 30 26
f 40 39 38 37
f 33 34 35 36
f 48 47 46 45
f 41 42 43 44
f 44 43 47 48
f 56 55 54 53
f 49 50 51 52
f 49 53 54 50
f 64 63 62 61
f 57 58 59 60
f 72 71 70 69
f 65 66 67 68
f 68 67 71 72
f 80 79 78 77
f 73 74 75 76
f 73 77 78 74
f 88 87 86 85
f 81 82 83 84
f 96 95 94 93
f 89 90 91 92
f 92 91 95 96
f 104 103 102 101
f 97 98 99 100
f 97 101 102 98
f 112 111 110 109
f 105 106 107 108
f 120 119 118 117
f 113 114 115 116
f 116 115 119 120
f 128 127 126 125
f 121 122 123 124
f 121 125 126 122
f 136 135 134 133
f 129 130 131 132
f 144 143 142 141
f 137 138 139 140
f 140 139 143 144
f 152 151 150 149
f 145 146 147 148
f 145 149 150 146
f 160 159 158 157
f 153 154 155 156
f 168 167 166 165
f 161 162 163 164
f 164 163 167 168
f 176 175 174 173
f 169 170 171 172
f 169 173 174 170
f 184 183 182 181
f 177 178 179 180
f 192 191 190 189
f 185 186 187 188
f 188 187 191 192
f 200 199 198 197
f 193 194 195 196
f 193 197 198 194
f 194 198 199 195
f 208 207 206 205
f 201 202 203 204
f 202 206 207 203
f 216 215 214 213
f 209 210 211 212
f 212 211 215 216
f 210 214 215 211
usemtl pasto
f 224 223 222 221
f 217 218 219 220
f 217 221 222 218
f 217 220 224 221
f 232 231 230 229
f 225 226 227 228
f 225 228 232 229
f 240 239 238 237
f 233 234 235 236
f 236 235 239 240
f 233 236 240 237
f 248 247 246 245
f 241 242 243 244
f 241 245 246 242
f 256 255 254 253
f 249 250 251 252
f 264 263 262 261
f 257 258 259 260
f 260 259 263 264
f 272 271 270 269
f 265 266 267 268
f 265 269 270 266
f 280 279 278 277
f 273 274 275 276
f 288 287 286 285
f 281 282 283 284
f 284 283 287 288
f 296 295 294 293
f 289 290 291 292
f 289 293 294 290
f 304 303 302 301
f 297 298 299 300
f 312 311 310 309
f 305 306 307 308
f 308 307 311 312
f 320 319 318 317
f 313 314 315 316
f 313 317 318 314
f 328 327 326 325
f 321 322 323 324
f 336 335 334 333
f 329 330 331 332
f 332 331 335 336
f 344 343 342 341
f 337 338 339 340
f 337 341 342 338
f 352 351 350 349
f 345 346 347 348
f 360 359 358 357
f 353 354 355 356
f 356 355 359 360
f 368 367 366 365
f 361 362 363 364
f 361 365 366 362
f 376 375 374 373
f 369 370 371 372
f 384 383 382 381
f 377 378 379 380
f 380 379 383 384
f 392 391 390 389
f 385 386 387 388
f 385 389 390 386
f 400 399 398 397
f 393 394 395 396
f 408 407 406 405
f 401 402 403 404
f 404 403 407 408
f 416 415 414 413
f 409 410 411 412
f 409 413 414 410
f 410 414 415 411
f 424 423 422 421
f 417 418 419 420
f 418 422 423 419
f 432 431 430 429
f 425 426 427 428
f 428 427 431 432
f 426 430 431 427
o CorredorVial
usemtl vereda
f 440 439 438 437
f 433 434 435 436
f 433 437 438 434
f 436 435 439 440
f 433 436 440 437
f 448 447 446 445
f 441 442 443 444
f 441 445 446 442
f 444 443 447 448
f 456 455 454 453
f 449 450 451 452
f 449 453 454 450
f 452 451 455 456
f 464 463 462 461
f 457 458 459 460
f 457 461 462 458
f 460 459 463 464
f 472 471 470 469
f 465 466 467 468
f 465 469 470 466
f 468 467 471 472
f 480 479 478 477
f 473 474 475 476
f 473 477 478 474
f 476 475 479 480
f 488 487 486 485
f 481 482 483 484
f 481 485 486 482
f 484 483 487 488
f 496 495 494 493
f 489 490 491 492
f 489 493 494 490
f 492 491 495 496
f 504 503 502 501
f 497 498 499 500
f 497 501 502 498
f 500 499 503 504
f 498 502 503 499
usemtl ciclovia
f 512 511 510 509
f 505 506 507 508
f 505 509 510 506
f 508 507 511 512
f 505 508 512 509
f 520 519 518 517
f 513 514 515 516
f 513 517 518 514
f 516 515 519 520
f 528 527 526 525
f 521 522 523 524
f 521 525 526 522
f 524 523 527 528
f 536 535 534 533
f 529 530 531 532
f 529 533 534 530
f 532 531 535 536
f 544 543 542 541
f 537 538 539 540
f 537 541 542 538
f 540 539 543 544
f 552 551 550 549
f 545 546 547 548
f 545 549 550 546
f 548 547 551 552
f 560 559 558 557
f 553 554 555 556
f 553 557 558 554
f 556 555 559 560
f 568 567 566 565
f 561 562 563 564
f 561 565 566 562
f 564 563 567 568
f 576 575 574 573
f 569 570 571 572
f 569 573 574 570
f 572 571 575 576
f 570 574 575 571
usemtl asfalto
f 584 583 582 581
f 577 578 579 580
f 577 581 582 578
f 580 579 583 584
f 577 580 584 581
f 592 591 590 589
f 585 586 587 588
f 585 589 590 586
f 588 587 591 592
f 600 599 598 597
f 593 594 595 596
f 593 597 598 594
f 596 595 599 600
f 608 607 606 605
f 601 602 603 604
f 601 605 606 602
f 604 603 607 608
f 616 615 614 613
f 609 610 611 612
f 609 613 614 610
f 612 611 615 616
f 624 623 622 621
f 617 618 619 620
f 617 621 622 618
f 620 619 623 624
f 632 631 630 629
f 625 626 627 628
f 625 629 630 626
f 628 627 631 632
f 640 639 638 637
f 633 634 635 636
f 633 637 638 634
f 636 635 639 640
f 648 647 646 645
f 641 642 643 644
f 641 645 646 642
f 644 643 647 648
f 642 646 647 643
usemtl pastoOsc
f 656 655 654 653
f 649 650 651 652
f 649 653 654 650
f 652 651 655 656
f 649 652 656 653
f 664 663 662 661
f 657 658 659 660
f 657 661 662 658
f 660 659 663 664
f 672 671 670 669
f 665 666 667 668
f 665 669 670 666
f 668 667 671 672
f 680 679 678 677
f 673 674 675 676
f 673 677 678 674
f 676 675 679 680
f 688 687 686 685
f 681 682 683 684
f 681 685 686 682
f 684 683 687 688
f 696 695 694 693
f 689 690 691 692
f 689 693 694 690
f 692 691 695 696
f 704 703 702 701
f 697 698 699 700
f 697 701 702 698
f 700 699 703 704
f 712 711 710 709
f 705 706 707 708
f 705 709 710 706
f 708 707 711 712
f 720 719 718 717
f 713 714 715 716
f 713 717 718 714
f 716 715 719 720
f 714 718 719 715
usemtl asfaltoBus
f 728 727 726 725
f 721 722 723 724
f 721 725 726 722
f 724 723 727 728
f 721 724 728 725
f 736 735 734 733
f 729 730 731 732
f 729 733 734 730
f 732 731 735 736
f 744 743 742 741
f 737 738 739 740
f 737 741 742 738
f 740 739 743 744
f 752 751 750 749
f 745 746 747 748
f 745 749 750 746
f 748 747 751 752
f 760 759 758 757
f 753 754 755 756
f 753 757 758 754
f 756 755 759 760
f 768 767 766 765
f 761 762 763 764
f 761 765 766 762
f 764 763 767 768
f 776 775 774 773
f 769 770 771 772
f 769 773 774 770
f 772 771 775 776
f 784 783 782 781
f 777 778 779 780
f 777 781 782 778
f 780 779 783 784
f 792 791 790 789
f 785 786 787 788
f 785 789 790 786
f 788 787 791 792
f 786 790 791 787
f 800 799 798 797
f 793 794 795 796
f 793 797 798 794
f 796 795 799 800
f 793 796 800 797
f 808 807 806 805
f 801 802 803 804
f 801 805 806 802
f 804 803 807 808
f 816 815 814 813
f 809 810 811 812
f 809 813 814 810
f 812 811 815 816
f 824 823 822 821
f 817 818 819 820
f 817 821 822 818
f 820 819 823 824
f 832 831 830 829
f 825 826 827 828
f 825 829 830 826
f 828 827 831 832
f 840 839 838 837
f 833 834 835 836
f 833 837 838 834
f 836 835 839 840
f 848 847 846 845
f 841 842 843 844
f 841 845 846 842
f 844 843 847 848
f 856 855 854 853
f 849 850 851 852
f 849 853 854 850
f 852 851 855 856
f 864 863 862 861
f 857 858 859 860
f 857 861 862 858
f 860 859 863 864
f 858 862 863 859
usemtl vereda
f 872 871 870 869
f 865 866 867 868
f 865 869 870 866
f 868 867 871 872
f 865 868 872 869
f 880 879 878 877
f 873 874 875 876
f 873 877 878 874
f 876 875 879 880
f 888 887 886 885
f 881 882 883 884
f 881 885 886 882
f 884 883 887 888
f 896 895 894 893
f 889 890 891 892
f 889 893 894 890
f 892 891 895 896
f 904 903 902 901
f 897 898 899 900
f 897 901 902 898
f 900 899 903 904
f 912 911 910 909
f 905 906 907 908
f 905 909 910 906
f 908 907 911 912
f 920 919 918 917
f 913 914 915 916
f 913 917 918 914
f 916 915 919 920
f 928 927 926 925
f 921 922 923 924
f 921 925 926 922
f 924 923 927 928
f 936 935 934 933
f 929 930 931 932
f 929 933 934 930
f 932 931 935 936
f 930 934 935 931
usemtl lineaBl
f 944 943 942 941
f 937 938 939 940
f 937 941 942 938
f 940 939 943 944
f 938 942 943 939
f 937 940 944 941
f 952 951 950 949
f 945 946 947 948
f 945 949 950 946
f 948 947 951 952
f 946 950 951 947
f 945 948 952 949
f 960 959 958 957
f 953 954 955 956
f 953 957 958 954
f 956 955 959 960
f 954 958 959 955
f 953 956 960 957
f 968 967 966 965
f 961 962 963 964
f 961 965 966 962
f 964 963 967 968
f 962 966 967 963
f 961 964 968 965
f 976 975 974 973
f 969 970 971 972
f 969 973 974 970
f 972 971 975 976
f 970 974 975 971
f 969 972 976 973
f 984 983 982 981
f 977 978 979 980
f 977 981 982 978
f 980 979 983 984
f 978 982 983 979
f 977 980 984 981
f 992 991 990 989
f 985 986 987 988
f 985 989 990 986
f 988 987 991 992
f 986 990 991 987
f 985 988 992 989
f 1000 999 998 997
f 993 994 995 996
f 993 997 998 994
f 996 995 999 1000
f 994 998 999 995
f 993 996 1000 997
f 1008 1007 1006 1005
f 1001 1002 1003 1004
f 1001 1005 1006 1002
f 1004 1003 1007 1008
f 1002 1006 1007 1003
f 1001 1004 1008 1005
f 1016 1015 1014 1013
f 1009 1010 1011 1012
f 1009 1013 1014 1010
f 1012 1011 1015 1016
f 1010 1014 1015 1011
f 1009 1012 1016 1013
f 1024 1023 1022 1021
f 1017 1018 1019 1020
f 1017 1021 1022 1018
f 1020 1019 1023 1024
f 1018 1022 1023 1019
f 1017 1020 1024 1021
f 1032 1031 1030 1029
f 1025 1026 1027 1028
f 1025 1029 1030 1026
f 1028 1027 1031 1032
f 1026 1030 1031 1027
f 1025 1028 1032 1029
f 1040 1039 1038 1037
f 1033 1034 1035 1036
f 1033 1037 1038 1034
f 1036 1035 1039 1040
f 1034 1038 1039 1035
f 1033 1036 1040 1037
f 1048 1047 1046 1045
f 1041 1042 1043 1044
f 1041 1045 1046 1042
f 1044 1043 1047 1048
f 1042 1046 1047 1043
f 1041 1044 1048 1045
f 1056 1055 1054 1053
f 1049 1050 1051 1052
f 1049 1053 1054 1050
f 1052 1051 1055 1056
f 1050 1054 1055 1051
f 1049 1052 1056 1053
f 1064 1063 1062 1061
f 1057 1058 1059 1060
f 1057 1061 1062 1058
f 1060 1059 1063 1064
f 1058 1062 1063 1059
f 1057 1060 1064 1061
f 1072 1071 1070 1069
f 1065 1066 1067 1068
f 1065 1069 1070 1066
f 1068 1067 1071 1072
f 1066 1070 1071 1067
f 1065 1068 1072 1069
f 1080 1079 1078 1077
f 1073 1074 1075 1076
f 1073 1077 1078 1074
f 1076 1075 1079 1080
f 1074 1078 1079 1075
f 1073 1076 1080 1077
f 1088 1087 1086 1085
f 1081 1082 1083 1084
f 1081 1085 1086 1082
f 1084 1083 1087 1088
f 1082 1086 1087 1083
f 1081 1084 1088 1085
f 1096 1095 1094 1093
f 1089 1090 1091 1092
f 1089 1093 1094 1090
f 1092 1091 1095 1096
f 1090 1094 1095 1091
f 1089 1092 1096 1093
f 1104 1103 1102 1101
f 1097 1098 1099 1100
f 1097 1101 1102 1098
f 1100 1099 1103 1104
f 1098 1102 1103 1099
f 1097 1100 1104 1101
f 1112 1111 1110 1109
f 1105 1106 1107 1108
f 1105 1109 1110 1106
f 1108 1107 1111 1112
f 1106 1110 1111 1107
f 1105 1108 1112 1109
f 1120 1119 1118 1117
f 1113 1114 1115 1116
f 1113 1117 1118 1114
f 1116 1115 1119 1120
f 1114 1118 1119 1115
f 1113 1116 1120 1117
f 1128 1127 1126 1125
f 1121 1122 1123 1124
f 1121 1125 1126 1122
f 1124 1123 1127 1128
f 1122 1126 1127 1123
f 1121 1124 1128 1125
f 1136 1135 1134 1133
f 1129 1130 1131 1132
f 1129 1133 1134 1130
f 1132 1131 1135 1136
f 1130 1134 1135 1131
f 1129 1132 1136 1133
f 1144 1143 1142 1141
f 1137 1138 1139 1140
f 1137 1141 1142 1138
f 1140 1139 1143 1144
f 1138 1142 1143 1139
f 1137 1140 1144 1141
f 1152 1151 1150 1149
f 1145 1146 1147 1148
f 1145 1149 1150 1146
f 1148 1147 1151 1152
f 1146 1150 1151 1147
f 1145 1148 1152 1149
f 1160 1159 1158 1157
f 1153 1154 1155 1156
f 1153 1157 1158 1154
f 1156 1155 1159 1160
f 1154 1158 1159 1155
f 1153 1156 1160 1157
f 1168 1167 1166 1165
f 1161 1162 1163 1164
f 1161 1165 1166 1162
f 1164 1163 1167 1168
f 1162 1166 1167 1163
f 1161 1164 1168 1165
f 1176 1175 1174 1173
f 1169 1170 1171 1172
f 1169 1173 1174 1170
f 1172 1171 1175 1176
f 1170 1174 1175 1171
f 1169 1172 1176 1173
f 1184 1183 1182 1181
f 1177 1178 1179 1180
f 1177 1181 1182 1178
f 1180 1179 1183 1184
f 1178 1182 1183 1179
f 1177 1180 1184 1181
f 1192 1191 1190 1189
f 1185 1186 1187 1188
f 1185 1189 1190 1186
f 1188 1187 1191 1192
f 1186 1190 1191 1187
f 1185 1188 1192 1189
f 1200 1199 1198 1197
f 1193 1194 1195 1196
f 1193 1197 1198 1194
f 1196 1195 1199 1200
f 1194 1198 1199 1195
f 1193 1196 1200 1197
f 1208 1207 1206 1205
f 1201 1202 1203 1204
f 1201 1205 1206 1202
f 1204 1203 1207 1208
f 1202 1206 1207 1203
f 1201 1204 1208 1205
f 1216 1215 1214 1213
f 1209 1210 1211 1212
f 1209 1213 1214 1210
f 1212 1211 1215 1216
f 1210 1214 1215 1211
f 1209 1212 1216 1213
f 1224 1223 1222 1221
f 1217 1218 1219 1220
f 1217 1221 1222 1218
f 1220 1219 1223 1224
f 1218 1222 1223 1219
f 1217 1220 1224 1221
f 1232 1231 1230 1229
f 1225 1226 1227 1228
f 1225 1229 1230 1226
f 1228 1227 1231 1232
f 1226 1230 1231 1227
f 1225 1228 1232 1229
f 1240 1239 1238 1237
f 1233 1234 1235 1236
f 1233 1237 1238 1234
f 1236 1235 1239 1240
f 1234 1238 1239 1235
f 1233 1236 1240 1237
f 1248 1247 1246 1245
f 1241 1242 1243 1244
f 1241 1245 1246 1242
f 1244 1243 1247 1248
f 1242 1246 1247 1243
f 1241 1244 1248 1245
f 1256 1255 1254 1253
f 1249 1250 1251 1252
f 1249 1253 1254 1250
f 1252 1251 1255 1256
f 1250 1254 1255 1251
f 1249 1252 1256 1253
f 1264 1263 1262 1261
f 1257 1258 1259 1260
f 1257 1261 1262 1258
f 1260 1259 1263 1264
f 1258 1262 1263 1259
f 1257 1260 1264 1261
f 1272 1271 1270 1269
f 1265 1266 1267 1268
f 1265 1269 1270 1266
f 1268 1267 1271 1272
f 1266 1270 1271 1267
f 1265 1268 1272 1269
f 1280 1279 1278 1277
f 1273 1274 1275 1276
f 1273 1277 1278 1274
f 1276 1275 1279 1280
f 1274 1278 1279 1275
f 1273 1276 1280 1277
f 1288 1287 1286 1285
f 1281 1282 1283 1284
f 1281 1285 1286 1282
f 1284 1283 1287 1288
f 1282 1286 1287 1283
f 1281 1284 1288 1285
f 1296 1295 1294 1293
f 1289 1290 1291 1292
f 1289 1293 1294 1290
f 1292 1291 1295 1296
f 1290 1294 1295 1291
f 1289 1292 1296 1293
f 1304 1303 1302 1301
f 1297 1298 1299 1300
f 1297 1301 1302 1298
f 1300 1299 1303 1304
f 1298 1302 1303 1299
f 1297 1300 1304 1301
f 1312 1311 1310 1309
f 1305 1306 1307 1308
f 1305 1309 1310 1306
f 1308 1307 1311 1312
f 1305 1308 1312 1309
f 1320 1319 1318 1317
f 1313 1314 1315 1316
f 1313 1317 1318 1314
f 1316 1315 1319 1320
f 1328 1327 1326 1325
f 1321 1322 1323 1324
f 1321 1325 1326 1322
f 1324 1323 1327 1328
f 1336 1335 1334 1333
f 1329 1330 1331 1332
f 1329 1333 1334 1330
f 1332 1331 1335 1336
f 1344 1343 1342 1341
f 1337 1338 1339 1340
f 1337 1341 1342 1338
f 1340 1339 1343 1344
f 1352 1351 1350 1349
f 1345 1346 1347 1348
f 1345 1349 1350 1346
f 1348 1347 1351 1352
f 1360 1359 1358 1357
f 1353 1354 1355 1356
f 1353 1357 1358 1354
f 1356 1355 1359 1360
f 1368 1367 1366 1365
f 1361 1362 1363 1364
f 1361 1365 1366 1362
f 1364 1363 1367 1368
f 1376 1375 1374 1373
f 1369 1370 1371 1372
f 1369 1373 1374 1370
f 1372 1371 1375 1376
f 1370 1374 1375 1371
f 1384 1383 1382 1381
f 1377 1378 1379 1380
f 1377 1381 1382 1378
f 1380 1379 1383 1384
f 1377 1380 1384 1381
f 1392 1391 1390 1389
f 1385 1386 1387 1388
f 1385 1389 1390 1386
f 1388 1387 1391 1392
f 1400 1399 1398 1397
f 1393 1394 1395 1396
f 1393 1397 1398 1394
f 1396 1395 1399 1400
f 1408 1407 1406 1405
f 1401 1402 1403 1404
f 1401 1405 1406 1402
f 1404 1403 1407 1408
f 1416 1415 1414 1413
f 1409 1410 1411 1412
f 1409 1413 1414 1410
f 1412 1411 1415 1416
f 1424 1423 1422 1421
f 1417 1418 1419 1420
f 1417 1421 1422 1418
f 1420 1419 1423 1424
f 1432 1431 1430 1429
f 1425 1426 1427 1428
f 1425 1429 1430 1426
f 1428 1427 1431 1432
f 1440 1439 1438 1437
f 1433 1434 1435 1436
f 1433 1437 1438 1434
f 1436 1435 1439 1440
f 1448 1447 1446 1445
f 1441 1442 1443 1444
f 1441 1445 1446 1442
f 1444 1443 1447 1448
f 1442 1446 1447 1443
usemtl lineaAm
f 1456 1455 1454 1453
f 1449 1450 1451 1452
f 1449 1453 1454 1450
f 1452 1451 1455 1456
f 1449 1452 1456 1453
f 1464 1463 1462 1461
f 1457 1458 1459 1460
f 1457 1461 1462 1458
f 1460 1459 1463 1464
f 1472 1471 1470 1469
f 1465 1466 1467 1468
f 1465 1469 1470 1466
f 1468 1467 1471 1472
f 1480 1479 1478 1477
f 1473 1474 1475 1476
f 1473 1477 1478 1474
f 1476 1475 1479 1480
f 1488 1487 1486 1485
f 1481 1482 1483 1484
f 1481 1485 1486 1482
f 1484 1483 1487 1488
f 1496 1495 1494 1493
f 1489 1490 1491 1492
f 1489 1493 1494 1490
f 1492 1491 1495 1496
f 1504 1503 1502 1501
f 1497 1498 1499 1500
f 1497 1501 1502 1498
f 1500 1499 1503 1504
f 1512 1511 1510 1509
f 1505 1506 1507 1508
f 1505 1509 1510 1506
f 1508 1507 1511 1512
f 1520 1519 1518 1517
f 1513 1514 1515 1516
f 1513 1517 1518 1514
f 1516 1515 1519 1520
f 1514 1518 1519 1515
f 1528 1527 1526 1525
f 1521 1522 1523 1524
f 1521 1525 1526 1522
f 1524 1523 1527 1528
f 1521 1524 1528 1525
f 1536 1535 1534 1533
f 1529 1530 1531 1532
f 1529 1533 1534 1530
f 1532 1531 1535 1536
f 1544 1543 1542 1541
f 1537 1538 1539 1540
f 1537 1541 1542 1538
f 1540 1539 1543 1544
f 1552 1551 1550 1549
f 1545 1546 1547 1548
f 1545 1549 1550 1546
f 1548 1547 1551 1552
f 1560 1559 1558 1557
f 1553 1554 1555 1556
f 1553 1557 1558 1554
f 1556 1555 1559 1560
f 1568 1567 1566 1565
f 1561 1562 1563 1564
f 1561 1565 1566 1562
f 1564 1563 1567 1568
f 1576 1575 1574 1573
f 1569 1570 1571 1572
f 1569 1573 1574 1570
f 1572 1571 1575 1576
f 1584 1583 1582 1581
f 1577 1578 1579 1580
f 1577 1581 1582 1578
f 1580 1579 1583 1584
f 1592 1591 1590 1589
f 1585 1586 1587 1588
f 1585 1589 1590 1586
f 1588 1587 1591 1592
f 1586 1590 1591 1587
o Estacion
usemtl anden
f 1600 1599 1598 1597
f 1593 1594 1595 1596
f 1593 1597 1598 1594
f 1596 1595 1599 1600
f 1593 1596 1600 1597
f 1608 1607 1606 1605
f 1601 1602 1603 1604
f 1601 1605 1606 1602
f 1604 1603 1607 1608
f 1602 1606 1607 1603
usemtl techo
f 1609 1610 1632 1631
f 1610 1611 1633 1632
f 1611 1612 1634 1633
f 1612 1613 1635 1634
f 1613 1614 1636 1635
f 1614 1615 1637 1636
f 1615 1616 1638 1637
f 1616 1617 1639 1638
f 1617 1618 1640 1639
f 1618 1619 1641 1640
f 1619 1620 1642 1641
f 1620 1621 1643 1642
f 1621 1622 1644 1643
f 1622 1623 1645 1644
f 1623 1624 1646 1645
f 1624 1625 1647 1646
f 1625 1626 1648 1647
f 1626 1627 1649 1648
f 1627 1628 1650 1649
f 1628 1629 1651 1650
f 1629 1630 1652 1651
f 1630 1609 1631 1652
f 1631 1632 1654 1653
f 1632 1633 1655 1654
f 1633 1634 1656 1655
f 1634 1635 1657 1656
f 1635 1636 1658 1657
f 1636 1637 1659 1658
f 1637 1638 1660 1659
f 1638 1639 1661 1660
f 1639 1640 1662 1661
f 1640 1641 1663 1662
f 1641 1642 1664 1663
f 1642 1643 1665 1664
f 1643 1644 1666 1665
f 1644 1645 1667 1666
f 1645 1646 1668 1667
f 1646 1647 1669 1668
f 1647 1648 1670 1669
f 1648 1649 1671 1670
f 1649 1650 1672 1671
f 1650 1651 1673 1672
f 1651 1652 1674 1673
f 1652 1631 1653 1674
f 1609 1611 1610
f 1609 1612 1611
f 1609 1613 1612
f 1609 1614 1613
f 1609 1615 1614
f 1609 1616 1615
f 1609 1617 1616
f 1609 1618 1617
f 1609 1619 1618
f 1609 1620 1619
f 1609 1621 1620
f 1609 1622 1621
f 1609 1623 1622
f 1609 1624 1623
f 1609 1625 1624
f 1609 1626 1625
f 1609 1627 1626
f 1609 1628 1627
f 1609 1629 1628
f 1609 1630 1629
f 1653 1654 1655
f 1653 1655 1656
f 1653 1656 1657
f 1653 1657 1658
f 1653 1658 1659
f 1653 1659 1660
f 1653 1660 1661
f 1653 1661 1662
f 1653 1662 1663
f 1653 1663 1664
f 1653 1664 1665
f 1653 1665 1666
f 1653 1666 1667
f 1653 1667 1668
f 1653 1668 1669
f 1653 1669 1670
f 1653 1670 1671
f 1653 1671 1672
f 1653 1672 1673
f 1653 1673 1674
usemtl metal
f 1683 1684 1676 1675
f 1684 1685 1677 1676
f 1685 1686 1678 1677
f 1686 1687 1679 1678
f 1687 1688 1680 1679
f 1688 1689 1681 1680
f 1689 1690 1682 1681
f 1690 1683 1675 1682
f 1685 1684 1683
f 1686 1685 1683
f 1687 1686 1683
f 1688 1687 1683
f 1689 1688 1683
f 1690 1689 1683
f 1676 1677 1675
f 1677 1678 1675
f 1678 1679 1675
f 1679 1680 1675
f 1680 1681 1675
f 1681 1682 1675
f 1699 1700 1692 1691
f 1700 1701 1693 1692
f 1701 1702 1694 1693
f 1702 1703 1695 1694
f 1703 1704 1696 1695
f 1704 1705 1697 1696
f 1705 1706 1698 1697
f 1706 1699 1691 1698
f 1701 1700 1699
f 1702 1701 1699
f 1703 1702 1699
f 1704 1703 1699
f 1705 1704 1699
f 1706 1705 1699
f 1692 1693 1691
f 1693 1694 1691
f 1694 1695 1691
f 1695 1696 1691
f 1696 1697 1691
f 1697 1698 1691
f 1715 1716 1708 1707
f 1716 1717 1709 1708
f 1717 1718 1710 1709
f 1718 1719 1711 1710
f 1719 1720 1712 1711
f 1720 1721 1713 1712
f 1721 1722 1714 1713
f 1722 1715 1707 1714
f 1717 1716 1715
f 1718 1717 1715
f 1719 1718 1715
f 1720 1719 1715
f 1721 1720 1715
f 1722 1721 1715
f 1708 1709 1707
f 1709 1710 1707
f 1710 1711 1707
f 1711 1712 1707
f 1712 1713 1707
f 1713 1714 1707
f 1731 1732 1724 1723
f 1732 1733 1725 1724
f 1733 1734 1726 1725
f 1734 1735 1727 1726
f 1735 1736 1728 1727
f 1736 1737 1729 1728
f 1737 1738 1730 1729
f 1738 1731 1723 1730
f 1733 1732 1731
f 1734 1733 1731
f 1735 1734 1731
f 1736 1735 1731
f 1737 1736 1731
f 1738 1737 1731
f 1724 1725 1723
f 1725 1726 1723
f 1726 1727 1723
f 1727 1728 1723
f 1728 1729 1723
f 1729 1730 1723
usemtl busCuerpo
f 1740 1744 1743 1739
f 1741 1745 1744 1740
f 1742 1746 1745 1741
f 1739 1743 1746 1742
f 1741 1740 1739
f 1742 1741 1739
f 1744 1745 1743
f 1745 1746 1743
usemtl vidrio
f 1748 1752 1751 1747
f 1749 1753 1752 1748
f 1750 1754 1753 1749
f 1747 1751 1754 1750
f 1749 1748 1747
f 1750 1749 1747
f 1752 1753 1751
f 1753 1754 1751
usemtl busFranja
f 1756 1760 1759 1755
f 1757 1761 1760 1756
f 1758 1762 1761 1757
f 1755 1759 1762 1758
f 1757 1756 1755
f 1758 1757 1755
f 1760 1761 1759
f 1761 1762 1759
usemtl busCuerpo
f 1764 1768 1767 1763
f 1765 1769 1768 1764
f 1766 1770 1769 1765
f 1763 1767 1770 1766
f 1765 1764 1763
f 1766 1765 1763
f 1768 1769 1767
f 1769 1770 1767
usemtl vidrio
f 1772 1776 1775 1771
f 1773 1777 1776 1772
f 1774 1778 1777 1773
f 1771 1775 1778 1774
f 1773 1772 1771
f 1774 1773 1771
f 1776 1777 1775
f 1777 1778 1775
usemtl busFranja
f 1780 1784 1783 1779
f 1781 1785 1784 1780
f 1782 1786 1785 1781
f 1779 1783 1786 1782
f 1781 1780 1779
f 1782 1781 1779
f 1784 1785 1783
f 1785 1786 1783
f 1794 1793 1792 1791
f 1787 1788 1789 1790
f 1787 1791 1792 1788
f 1790 1789 1793 1794
f 1788 1792 1793 1789
f 1787 1790 1794 1791
usemtl llanta
f 1796 1806 1805 1795
f 1797 1807 1806 1796
f 1798 1808 1807 1797
f 1799 1809 1808 1798
f 1800 1810 1809 1799
f 1801 1811 1810 1800
f 1802 1812 1811 1801
f 1803 1813 1812 1802
f 1804 1814 1813 1803
f 1795 1805 1814 1804
f 1797 1796 1795
f 1798 1797 1795
f 1799 1798 1795
f 1800 1799 1795
f 1801 1800 1795
f 1802 1801 1795
f 1803 1802 1795
f 1804 1803 1795
f 1806 1807 1805
f 1807 1808 1805
f 1808 1809 1805
f 1809 1810 1805
f 1810 1811 1805
f 1811 1812 1805
f 1812 1813 1805
f 1813 1814 1805
f 1816 1826 1825 1815
f 1817 1827 1826 1816
f 1818 1828 1827 1817
f 1819 1829 1828 1818
f 1820 1830 1829 1819
f 1821 1831 1830 1820
f 1822 1832 1831 1821
f 1823 1833 1832 1822
f 1824 1834 1833 1823
f 1815 1825 1834 1824
f 1817 1816 1815
f 1818 1817 1815
f 1819 1818 1815
f 1820 1819 1815
f 1821 1820 1815
f 1822 1821 1815
f 1823 1822 1815
f 1824 1823 1815
f 1826 1827 1825
f 1827 1828 1825
f 1828 1829 1825
f 1829 1830 1825
f 1830 1831 1825
f 1831 1832 1825
f 1832 1833 1825
f 1833 1834 1825
f 1836 1846 1845 1835
f 1837 1847 1846 1836
f 1838 1848 1847 1837
f 1839 1849 1848 1838
f 1840 1850 1849 1839
f 1841 1851 1850 1840
f 1842 1852 1851 1841
f 1843 1853 1852 1842
f 1844 1854 1853 1843
f 1835 1845 1854 1844
f 1837 1836 1835
f 1838 1837 1835
f 1839 1838 1835
f 1840 1839 1835
f 1841 1840 1835
f 1842 1841 1835
f 1843 1842 1835
f 1844 1843 1835
f 1846 1847 1845
f 1847 1848 1845
f 1848 1849 1845
f 1849 1850 1845
f 1850 1851 1845
f 1851 1852 1845
f 1852 1853 1845
f 1853 1854 1845
f 1856 1866 1865 1855
f 1857 1867 1866 1856
f 1858 1868 1867 1857
f 1859 1869 1868 1858
f 1860 1870 1869 1859
f 1861 1871 1870 1860
f 1862 1872 1871 1861
f 1863 1873 1872 1862
f 1864 1874 1873 1863
f 1855 1865 1874 1864
f 1857 1856 1855
f 1858 1857 1855
f 1859 1858 1855
f 1860 1859 1855
f 1861 1860 1855
f 1862 1861 1855
f 1863 1862 1855
f 1864 1863 1855
f 1866 1867 1865
f 1867 1868 1865
f 1868 1869 1865
f 1869 1870 1865
f 1870 1871 1865
f 1871 1872 1865
f 1872 1873 1865
f 1873 1874 1865
f 1876 1886 1885 1875
f 1877 1887 1886 1876
f 1878 1888 1887 1877
f 1879 1889 1888 1878
f 1880 1890 1889 1879
f 1881 1891 1890 1880
f 1882 1892 1891 1881
f 1883 1893 1892 1882
f 1884 1894 1893 1883
f 1875 1885 1894 1884
f 1877 1876 1875
f 1878 1877 1875
f 1879 1878 1875
f 1880 1879 1875
f 1881 1880 1875
f 1882 1881 1875
f 1883 1882 1875
f 1884 1883 1875
f 1886 1887 1885
f 1887 1888 1885
f 1888 1889 1885
f 1889 1890 1885
f 1890 1891 1885
f 1891 1892 1885
f 1892 1893 1885
f 1893 1894 1885
f 1896 1906 1905 1895
f 1897 1907 1906 1896
f 1898 1908 1907 1897
f 1899 1909 1908 1898
f 1900 1910 1909 1899
f 1901 1911 1910 1900
f 1902 1912 1911 1901
f 1903 1913 1912 1902
f 1904 1914 1913 1903
f 1895 1905 1914 1904
f 1897 1896 1895
f 1898 1897 1895
f 1899 1898 1895
f 1900 1899 1895
f 1901 1900 1895
f 1902 1901 1895
f 1903 1902 1895
f 1904 1903 1895
f 1906 1907 1905
f 1907 1908 1905
f 1908 1909 1905
f 1909 1910 1905
f 1910 1911 1905
f 1911 1912 1905
f 1912 1913 1905
f 1913 1914 1905
f 1916 1926 1925 1915
f 1917 1927 1926 1916
f 1918 1928 1927 1917
f 1919 1929 1928 1918
f 1920 1930 1929 1919
f 1921 1931 1930 1920
f 1922 1932 1931 1921
f 1923 1933 1932 1922
f 1924 1934 1933 1923
f 1915 1925 1934 1924
f 1917 1916 1915
f 1918 1917 1915
f 1919 1918 1915
f 1920 1919 1915
f 1921 1920 1915
f 1922 1921 1915
f 1923 1922 1915
f 1924 1923 1915
f 1926 1927 1925
f 1927 1928 1925
f 1928 1929 1925
f 1929 1930 1925
f 1930 1931 1925
f 1931 1932 1925
f 1932 1933 1925
f 1933 1934 1925
f 1936 1946 1945 1935
f 1937 1947 1946 1936
f 1938 1948 1947 1937
f 1939 1949 1948 1938
f 1940 1950 1949 1939
f 1941 1951 1950 1940
f 1942 1952 1951 1941
f 1943 1953 1952 1942
f 1944 1954 1953 1943
f 1935 1945 1954 1944
f 1937 1936 1935
f 1938 1937 1935
f 1939 1938 1935
f 1940 1939 1935
f 1941 1940 1935
f 1942 1941 1935
f 1943 1942 1935
f 1944 1943 1935
f 1946 1947 1945
f 1947 1948 1945
f 1948 1949 1945
f 1949 1950 1945
f 1950 1951 1945
f 1951 1952 1945
f 1952 1953 1945
f 1953 1954 1945
usemtl busCuerpo
f 1956 1960 1959 1955
f 1957 1961 1960 1956
f 1958 1962 1961 1957
f 1955 1959 1962 1958
f 1957 1956 1955
f 1958 1957 1955
f 1960 1961 1959
f 1961 1962 1959
usemtl vidrio
f 1964 1968 1967 1963
f 1965 1969 1968 1964
f 1966 1970 1969 1965
f 1963 1967 1970 1966
f 1965 1964 1963
f 1966 1965 1963
f 1968 1969 1967
f 1969 1970 1967
usemtl busFranja
f 1972 1976 1975 1971
f 1973 1977 1976 1972
f 1974 1978 1977 1973
f 1971 1975 1978 1974
f 1973 1972 1971
f 1974 1973 1971
f 1976 1977 1975
f 1977 1978 1975
usemtl busCuerpo
f 1980 1984 1983 1979
f 1981 1985 1984 1980
f 1982 1986 1985 1981
f 1979 1983 1986 1982
f 1981 1980 1979
f 1982 1981 1979
f 1984 1985 1983
f 1985 1986 1983
usemtl vidrio
f 1988 1992 1991 1987
f 1989 1993 1992 1988
f 1990 1994 1993 1989
f 1987 1991 1994 1990
f 1989 1988 1987
f 1990 1989 1987
f 1992 1993 1991
f 1993 1994 1991
usemtl busFranja
f 1996 2000 1999 1995
f 1997 2001 2000 1996
f 1998 2002 2001 1997
f 1995 1999 2002 1998
f 1997 1996 1995
f 1998 1997 1995
f 2000 2001 1999
f 2001 2002 1999
f 2010 2009 2008 2007
f 2003 2004 2005 2006
f 2003 2007 2008 2004
f 2006 2005 2009 2010
f 2004 2008 2009 2005
f 2003 2006 2010 2007
usemtl llanta
f 2012 2022 2021 2011
f 2013 2023 2022 2012
f 2014 2024 2023 2013
f 2015 2025 2024 2014
f 2016 2026 2025 2015
f 2017 2027 2026 2016
f 2018 2028 2027 2017
f 2019 2029 2028 2018
f 2020 2030 2029 2019
f 2011 2021 2030 2020
f 2013 2012 2011
f 2014 2013 2011
f 2015 2014 2011
f 2016 2015 2011
f 2017 2016 2011
f 2018 2017 2011
f 2019 2018 2011
f 2020 2019 2011
f 2022 2023 2021
f 2023 2024 2021
f 2024 2025 2021
f 2025 2026 2021
f 2026 2027 2021
f 2027 2028 2021
f 2028 2029 2021
f 2029 2030 2021
f 2032 2042 2041 2031
f 2033 2043 2042 2032
f 2034 2044 2043 2033
f 2035 2045 2044 2034
f 2036 2046 2045 2035
f 2037 2047 2046 2036
f 2038 2048 2047 2037
f 2039 2049 2048 2038
f 2040 2050 2049 2039
f 2031 2041 2050 2040
f 2033 2032 2031
f 2034 2033 2031
f 2035 2034 2031
f 2036 2035 2031
f 2037 2036 2031
f 2038 2037 2031
f 2039 2038 2031
f 2040 2039 2031
f 2042 2043 2041
f 2043 2044 2041
f 2044 2045 2041
f 2045 2046 2041
f 2046 2047 2041
f 2047 2048 2041
f 2048 2049 2041
f 2049 2050 2041
f 2052 2062 2061 2051
f 2053 2063 2062 2052
f 2054 2064 2063 2053
f 2055 2065 2064 2054
f 2056 2066 2065 2055
f 2057 2067 2066 2056
f 2058 2068 2067 2057
f 2059 2069 2068 2058
f 2060 2070 2069 2059
f 2051 2061 2070 2060
f 2053 2052 2051
f 2054 2053 2051
f 2055 2054 2051
f 2056 2055 2051
f 2057 2056 2051
f 2058 2057 2051
f 2059 2058 2051
f 2060 2059 2051
f 2062 2063 2061
f 2063 2064 2061
f 2064 2065 2061
f 2065 2066 2061
f 2066 2067 2061
f 2067 2068 2061
f 2068 2069 2061
f 2069 2070 2061
f 2072 2082 2081 2071
f 2073 2083 2082 2072
f 2074 2084 2083 2073
f 2075 2085 2084 2074
f 2076 2086 2085 2075
f 2077 2087 2086 2076
f 2078 2088 2087 2077
f 2079 2089 2088 2078
f 2080 2090 2089 2079
f 2071 2081 2090 2080
f 2073 2072 2071
f 2074 2073 2071
f 2075 2074 2071
f 2076 2075 2071
f 2077 2076 2071
f 2078 2077 2071
f 2079 2078 2071
f 2080 2079 2071
f 2082 2083 2081
f 2083 2084 2081
f 2084 2085 2081
f 2085 2086 2081
f 2086 2087 2081
f 2087 2088 2081
f 2088 2089 2081
f 2089 2090 2081
f 2092 2102 2101 2091
f 2093 2103 2102 2092
f 2094 2104 2103 2093
f 2095 2105 2104 2094
f 2096 2106 2105 2095
f 2097 2107 2106 2096
f 2098 2108 2107 2097
f 2099 2109 2108 2098
f 2100 2110 2109 2099
f 2091 2101 2110 2100
f 2093 2092 2091
f 2094 2093 2091
f 2095 2094 2091
f 2096 2095 2091
f 2097 2096 2091
f 2098 2097 2091
f 2099 2098 2091
f 2100 2099 2091
f 2102 2103 2101
f 2103 2104 2101
f 2104 2105 2101
f 2105 2106 2101
f 2106 2107 2101
f 2107 2108 2101
f 2108 2109 2101
f 2109 2110 2101
f 2112 2122 2121 2111
f 2113 2123 2122 2112
f 2114 2124 2123 2113
f 2115 2125 2124 2114
f 2116 2126 2125 2115
f 2117 2127 2126 2116
f 2118 2128 2127 2117
f 2119 2129 2128 2118
f 2120 2130 2129 2119
f 2111 2121 2130 2120
f 2113 2112 2111
f 2114 2113 2111
f 2115 2114 2111
f 2116 2115 2111
f 2117 2116 2111
f 2118 2117 2111
f 2119 2118 2111
f 2120 2119 2111
f 2122 2123 2121
f 2123 2124 2121
f 2124 2125 2121
f 2125 2126 2121
f 2126 2127 2121
f 2127 2128 2121
f 2128 2129 2121
f 2129 2130 2121
f 2132 2142 2141 2131
f 2133 2143 2142 2132
f 2134 2144 2143 2133
f 2135 2145 2144 2134
f 2136 2146 2145 2135
f 2137 2147 2146 2136
f 2138 2148 2147 2137
f 2139 2149 2148 2138
f 2140 2150 2149 2139
f 2131 2141 2150 2140
f 2133 2132 2131
f 2134 2133 2131
f 2135 2134 2131
f 2136 2135 2131
f 2137 2136 2131
f 2138 2137 2131
f 2139 2138 2131
f 2140 2139 2131
f 2142 2143 2141
f 2143 2144 2141
f 2144 2145 2141
f 2145 2146 2141
f 2146 2147 2141
f 2147 2148 2141
f 2148 2149 2141
f 2149 2150 2141
f 2152 2162 2161 2151
f 2153 2163 2162 2152
f 2154 2164 2163 2153
f 2155 2165 2164 2154
f 2156 2166 2165 2155
f 2157 2167 2166 2156
f 2158 2168 2167 2157
f 2159 2169 2168 2158
f 2160 2170 2169 2159
f 2151 2161 2170 2160
f 2153 2152 2151
f 2154 2153 2151
f 2155 2154 2151
f 2156 2155 2151
f 2157 2156 2151
f 2158 2157 2151
f 2159 2158 2151
f 2160 2159 2151
f 2162 2163 2161
f 2163 2164 2161
f 2164 2165 2161
f 2165 2166 2161
f 2166 2167 2161
f 2167 2168 2161
f 2168 2169 2161
f 2169 2170 2161
o Columnas
usemtl concretoOsc
f 2178 2177 2176 2175
f 2171 2172 2173 2174
f 2171 2175 2176 2172
f 2174 2173 2177 2178
f 2172 2176 2177 2173
f 2171 2174 2178 2175
usemtl concreto
f 2183 2184 2180 2179
f 2184 2185 2181 2180
f 2185 2186 2182 2181
f 2186 2183 2179 2182
f 2186 2185 2184 2183
f 2179 2180 2181 2182
f 2187 2188 2193 2192
f 2188 2189 2194 2193
f 2189 2190 2195 2194
f 2190 2191 2196 2195
f 2191 2187 2192 2196
f 2187 2189 2188
f 2187 2190 2189
f 2187 2191 2190
f 2192 2193 2194
f 2192 2194 2195
f 2192 2195 2196
usemtl llanta
f 2204 2203 2202 2201
f 2197 2198 2199 2200
f 2197 2201 2202 2198
f 2200 2199 2203 2204
f 2198 2202 2203 2199
f 2197 2200 2204 2201
f 2212 2211 2210 2209
f 2205 2206 2207 2208
f 2205 2209 2210 2206
f 2208 2207 2211 2212
f 2206 2210 2211 2207
f 2205 2208 2212 2209
f 2220 2219 2218 2217
f 2213 2214 2215 2216
f 2213 2217 2218 2214
f 2216 2215 2219 2220
f 2214 2218 2219 2215
f 2213 2216 2220 2217
usemtl concretoOsc
f 2228 2227 2226 2225
f 2221 2222 2223 2224
f 2221 2225 2226 2222
f 2224 2223 2227 2228
f 2222 2226 2227 2223
f 2221 2224 2228 2225
usemtl concreto
f 2233 2234 2230 2229
f 2234 2235 2231 2230
f 2235 2236 2232 2231
f 2236 2233 2229 2232
f 2236 2235 2234 2233
f 2229 2230 2231 2232
f 2237 2238 2243 2242
f 2238 2239 2244 2243
f 2239 2240 2245 2244
f 2240 2241 2246 2245
f 2241 2237 2242 2246
f 2237 2239 2238
f 2237 2240 2239
f 2237 2241 2240
f 2242 2243 2244
f 2242 2244 2245
f 2242 2245 2246
usemtl llanta
f 2254 2253 2252 2251
f 2247 2248 2249 2250
f 2247 2251 2252 2248
f 2250 2249 2253 2254
f 2248 2252 2253 2249
f 2247 2250 2254 2251
f 2262 2261 2260 2259
f 2255 2256 2257 2258
f 2255 2259 2260 2256
f 2258 2257 2261 2262
f 2256 2260 2261 2257
f 2255 2258 2262 2259
f 2270 2269 2268 2267
f 2263 2264 2265 2266
f 2263 2267 2268 2264
f 2266 2265 2269 2270
f 2264 2268 2269 2265
f 2263 2266 2270 2267
usemtl concretoOsc
f 2278 2277 2276 2275
f 2271 2272 2273 2274
f 2271 2275 2276 2272
f 2274 2273 2277 2278
f 2272 2276 2277 2273
f 2271 2274 2278 2275
usemtl concreto
f 2283 2284 2280 2279
f 2284 2285 2281 2280
f 2285 2286 2282 2281
f 2286 2283 2279 2282
f 2286 2285 2284 2283
f 2279 2280 2281 2282
f 2287 2288 2293 2292
f 2288 2289 2294 2293
f 2289 2290 2295 2294
f 2290 2291 2296 2295
f 2291 2287 2292 2296
f 2287 2289 2288
f 2287 2290 2289
f 2287 2291 2290
f 2292 2293 2294
f 2292 2294 2295
f 2292 2295 2296
usemtl llanta
f 2304 2303 2302 2301
f 2297 2298 2299 2300
f 2297 2301 2302 2298
f 2300 2299 2303 2304
f 2298 2302 2303 2299
f 2297 2300 2304 2301
f 2312 2311 2310 2309
f 2305 2306 2307 2308
f 2305 2309 2310 2306
f 2308 2307 2311 2312
f 2306 2310 2311 2307
f 2305 2308 2312 2309
f 2320 2319 2318 2317
f 2313 2314 2315 2316
f 2313 2317 2318 2314
f 2316 2315 2319 2320
f 2314 2318 2319 2315
f 2313 2316 2320 2317
usemtl concretoOsc
f 2328 2327 2326 2325
f 2321 2322 2323 2324
f 2321 2325 2326 2322
f 2324 2323 2327 2328
f 2322 2326 2327 2323
f 2321 2324 2328 2325
usemtl concreto
f 2333 2334 2330 2329
f 2334 2335 2331 2330
f 2335 2336 2332 2331
f 2336 2333 2329 2332
f 2336 2335 2334 2333
f 2329 2330 2331 2332
f 2337 2338 2343 2342
f 2338 2339 2344 2343
f 2339 2340 2345 2344
f 2340 2341 2346 2345
f 2341 2337 2342 2346
f 2337 2339 2338
f 2337 2340 2339
f 2337 2341 2340
f 2342 2343 2344
f 2342 2344 2345
f 2342 2345 2346
usemtl llanta
f 2354 2353 2352 2351
f 2347 2348 2349 2350
f 2347 2351 2352 2348
f 2350 2349 2353 2354
f 2348 2352 2353 2349
f 2347 2350 2354 2351
f 2362 2361 2360 2359
f 2355 2356 2357 2358
f 2355 2359 2360 2356
f 2358 2357 2361 2362
f 2356 2360 2361 2357
f 2355 2358 2362 2359
f 2370 2369 2368 2367
f 2363 2364 2365 2366
f 2363 2367 2368 2364
f 2366 2365 2369 2370
f 2364 2368 2369 2365
f 2363 2366 2370 2367
usemtl concretoOsc
f 2378 2377 2376 2375
f 2371 2372 2373 2374
f 2371 2375 2376 2372
f 2374 2373 2377 2378
f 2372 2376 2377 2373
f 2371 2374 2378 2375
usemtl concreto
f 2383 2384 2380 2379
f 2384 2385 2381 2380
f 2385 2386 2382 2381
f 2386 2383 2379 2382
f 2386 2385 2384 2383
f 2379 2380 2381 2382
f 2387 2388 2393 2392
f 2388 2389 2394 2393
f 2389 2390 2395 2394
f 2390 2391 2396 2395
f 2391 2387 2392 2396
f 2387 2389 2388
f 2387 2390 2389
f 2387 2391 2390
f 2392 2393 2394
f 2392 2394 2395
f 2392 2395 2396
usemtl llanta
f 2404 2403 2402 2401
f 2397 2398 2399 2400
f 2397 2401 2402 2398
f 2400 2399 2403 2404
f 2398 2402 2403 2399
f 2397 2400 2404 2401
f 2412 2411 2410 2409
f 2405 2406 2407 2408
f 2405 2409 2410 2406
f 2408 2407 2411 2412
f 2406 2410 2411 2407
f 2405 2408 2412 2409
f 2420 2419 2418 2417
f 2413 2414 2415 2416
f 2413 2417 2418 2414
f 2416 2415 2419 2420
f 2414 2418 2419 2415
f 2413 2416 2420 2417
usemtl concretoOsc
f 2428 2427 2426 2425
f 2421 2422 2423 2424
f 2421 2425 2426 2422
f 2424 2423 2427 2428
f 2422 2426 2427 2423
f 2421 2424 2428 2425
usemtl concreto
f 2433 2434 2430 2429
f 2434 2435 2431 2430
f 2435 2436 2432 2431
f 2436 2433 2429 2432
f 2436 2435 2434 2433
f 2429 2430 2431 2432
f 2437 2438 2443 2442
f 2438 2439 2444 2443
f 2439 2440 2445 2444
f 2440 2441 2446 2445
f 2441 2437 2442 2446
f 2437 2439 2438
f 2437 2440 2439
f 2437 2441 2440
f 2442 2443 2444
f 2442 2444 2445
f 2442 2445 2446
usemtl llanta
f 2454 2453 2452 2451
f 2447 2448 2449 2450
f 2447 2451 2452 2448
f 2450 2449 2453 2454
f 2448 2452 2453 2449
f 2447 2450 2454 2451
f 2462 2461 2460 2459
f 2455 2456 2457 2458
f 2455 2459 2460 2456
f 2458 2457 2461 2462
f 2456 2460 2461 2457
f 2455 2458 2462 2459
f 2470 2469 2468 2467
f 2463 2464 2465 2466
f 2463 2467 2468 2464
f 2466 2465 2469 2470
f 2464 2468 2469 2465
f 2463 2466 2470 2467
usemtl concretoOsc
f 2478 2477 2476 2475
f 2471 2472 2473 2474
f 2471 2475 2476 2472
f 2474 2473 2477 2478
f 2472 2476 2477 2473
f 2471 2474 2478 2475
usemtl concreto
f 2483 2484 2480 2479
f 2484 2485 2481 2480
f 2485 2486 2482 2481
f 2486 2483 2479 2482
f 2486 2485 2484 2483
f 2479 2480 2481 2482
f 2487 2488 2493 2492
f 2488 2489 2494 2493
f 2489 2490 2495 2494
f 2490 2491 2496 2495
f 2491 2487 2492 2496
f 2487 2489 2488
f 2487 2490 2489
f 2487 2491 2490
f 2492 2493 2494
f 2492 2494 2495
f 2492 2495 2496
usemtl llanta
f 2504 2503 2502 2501
f 2497 2498 2499 2500
f 2497 2501 2502 2498
f 2500 2499 2503 2504
f 2498 2502 2503 2499
f 2497 2500 2504 2501
f 2512 2511 2510 2509
f 2505 2506 2507 2508
f 2505 2509 2510 2506
f 2508 2507 2511 2512
f 2506 2510 2511 2507
f 2505 2508 2512 2509
f 2520 2519 2518 2517
f 2513 2514 2515 2516
f 2513 2517 2518 2514
f 2516 2515 2519 2520
f 2514 2518 2519 2515
f 2513 2516 2520 2517
o ViaElevada
usemtl asfalto
f 2521 2522 2528 2527
usemtl concreto
f 2522 2523 2529 2528
f 2523 2524 2530 2529
f 2524 2525 2531 2530
f 2525 2526 2532 2531
f 2526 2521 2527 2532
usemtl asfalto
f 2527 2528 2534 2533
usemtl concreto
f 2528 2529 2535 2534
f 2529 2530 2536 2535
f 2530 2531 2537 2536
f 2531 2532 2538 2537
f 2532 2527 2533 2538
usemtl asfalto
f 2533 2534 2540 2539
usemtl concreto
f 2534 2535 2541 2540
f 2535 2536 2542 2541
f 2536 2537 2543 2542
f 2537 2538 2544 2543
f 2538 2533 2539 2544
usemtl asfalto
f 2539 2540 2546 2545
usemtl concreto
f 2540 2541 2547 2546
f 2541 2542 2548 2547
f 2542 2543 2549 2548
f 2543 2544 2550 2549
f 2544 2539 2545 2550
usemtl asfalto
f 2545 2546 2552 2551
usemtl concreto
f 2546 2547 2553 2552
f 2547 2548 2554 2553
f 2548 2549 2555 2554
f 2549 2550 2556 2555
f 2550 2545 2551 2556
usemtl asfalto
f 2551 2552 2558 2557
usemtl concreto
f 2552 2553 2559 2558
f 2553 2554 2560 2559
f 2554 2555 2561 2560
f 2555 2556 2562 2561
f 2556 2551 2557 2562
usemtl asfalto
f 2557 2558 2564 2563
usemtl concreto
f 2558 2559 2565 2564
f 2559 2560 2566 2565
f 2560 2561 2567 2566
f 2561 2562 2568 2567
f 2562 2557 2563 2568
usemtl asfalto
f 2563 2564 2570 2569
usemtl concreto
f 2564 2565 2571 2570
f 2565 2566 2572 2571
f 2566 2567 2573 2572
f 2567 2568 2574 2573
f 2568 2563 2569 2574
usemtl asfalto
f 2569 2570 2576 2575
usemtl concreto
f 2570 2571 2577 2576
f 2571 2572 2578 2577
f 2572 2573 2579 2578
f 2573 2574 2580 2579
f 2574 2569 2575 2580
f 2521 2523 2522
f 2521 2524 2523
f 2521 2525 2524
f 2521 2526 2525
f 2575 2576 2577
f 2575 2577 2578
f 2575 2578 2579
f 2575 2579 2580
o Rampas
usemtl asfalto
f 2581 2582 2588 2587
usemtl concreto
f 2582 2583 2589 2588
f 2583 2584 2590 2589
f 2584 2585 2591 2590
f 2585 2586 2592 2591
f 2586 2581 2587 2592
usemtl asfalto
f 2587 2588 2594 2593
usemtl concreto
f 2588 2589 2595 2594
f 2589 2590 2596 2595
f 2590 2591 2597 2596
f 2591 2592 2598 2597
f 2592 2587 2593 2598
usemtl asfalto
f 2593 2594 2600 2599
usemtl concreto
f 2594 2595 2601 2600
f 2595 2596 2602 2601
f 2596 2597 2603 2602
f 2597 2598 2604 2603
f 2598 2593 2599 2604
usemtl asfalto
f 2599 2600 2606 2605
usemtl concreto
f 2600 2601 2607 2606
f 2601 2602 2608 2607
f 2602 2603 2609 2608
f 2603 2604 2610 2609
f 2604 2599 2605 2610
usemtl asfalto
f 2605 2606 2612 2611
usemtl concreto
f 2606 2607 2613 2612
f 2607 2608 2614 2613
f 2608 2609 2615 2614
f 2609 2610 2616 2615
f 2610 2605 2611 2616
usemtl asfalto
f 2611 2612 2618 2617
usemtl concreto
f 2612 2613 2619 2618
f 2613 2614 2620 2619
f 2614 2615 2621 2620
f 2615 2616 2622 2621
f 2616 2611 2617 2622
usemtl asfalto
f 2617 2618 2624 2623
usemtl concreto
f 2618 2619 2625 2624
f 2619 2620 2626 2625
f 2620 2621 2627 2626
f 2621 2622 2628 2627
f 2622 2617 2623 2628
usemtl asfalto
f 2623 2624 2630 2629
usemtl concreto
f 2624 2625 2631 2630
f 2625 2626 2632 2631
f 2626 2627 2633 2632
f 2627 2628 2634 2633
f 2628 2623 2629 2634
usemtl asfalto
f 2629 2630 2636 2635
usemtl concreto
f 2630 2631 2637 2636
f 2631 2632 2638 2637
f 2632 2633 2639 2638
f 2633 2634 2640 2639
f 2634 2629 2635 2640
usemtl asfalto
f 2635 2636 2642 2641
usemtl concreto
f 2636 2637 2643 2642
f 2637 2638 2644 2643
f 2638 2639 2645 2644
f 2639 2640 2646 2645
f 2640 2635 2641 2646
usemtl asfalto
f 2641 2642 2648 2647
usemtl concreto
f 2642 2643 2649 2648
f 2643 2644 2650 2649
f 2644 2645 2651 2650
f 2645 2646 2652 2651
f 2646 2641 2647 2652
usemtl asfalto
f 2647 2648 2654 2653
usemtl concreto
f 2648 2649 2655 2654
f 2649 2650 2656 2655
f 2650 2651 2657 2656
f 2651 2652 2658 2657
f 2652 2647 2653 2658
usemtl asfalto
f 2653 2654 2660 2659
usemtl concreto
f 2654 2655 2661 2660
f 2655 2656 2662 2661
f 2656 2657 2663 2662
f 2657 2658 2664 2663
f 2658 2653 2659 2664
usemtl asfalto
f 2659 2660 2666 2665
usemtl concreto
f 2660 2661 2667 2666
f 2661 2662 2668 2667
f 2662 2663 2669 2668
f 2663 2664 2670 2669
f 2664 2659 2665 2670
usemtl asfalto
f 2665 2666 2672 2671
usemtl concreto
f 2666 2667 2673 2672
f 2667 2668 2674 2673
f 2668 2669 2675 2674
f 2669 2670 2676 2675
f 2670 2665 2671 2676
usemtl asfalto
f 2671 2672 2678 2677
usemtl concreto
f 2672 2673 2679 2678
f 2673 2674 2680 2679
f 2674 2675 2681 2680
f 2675 2676 2682 2681
f 2676 2671 2677 2682
usemtl asfalto
f 2677 2678 2684 2683
usemtl concreto
f 2678 2679 2685 2684
f 2679 2680 2686 2685
f 2680 2681 2687 2686
f 2681 2682 2688 2687
f 2682 2677 2683 2688
usemtl asfalto
f 2683 2684 2690 2689
usemtl concreto
f 2684 2685 2691 2690
f 2685 2686 2692 2691
f 2686 2687 2693 2692
f 2687 2688 2694 2693
f 2688 2683 2689 2694
usemtl asfalto
f 2689 2690 2696 2695
usemtl concreto
f 2690 2691 2697 2696
f 2691 2692 2698 2697
f 2692 2693 2699 2698
f 2693 2694 2700 2699
f 2694 2689 2695 2700
usemtl asfalto
f 2695 2696 2702 2701
usemtl concreto
f 2696 2697 2703 2702
f 2697 2698 2704 2703
f 2698 2699 2705 2704
f 2699 2700 2706 2705
f 2700 2695 2701 2706
usemtl asfalto
f 2701 2702 2708 2707
usemtl concreto
f 2702 2703 2709 2708
f 2703 2704 2710 2709
f 2704 2705 2711 2710
f 2705 2706 2712 2711
f 2706 2701 2707 2712
usemtl asfalto
f 2707 2708 2714 2713
usemtl concreto
f 2708 2709 2715 2714
f 2709 2710 2716 2715
f 2710 2711 2717 2716
f 2711 2712 2718 2717
f 2712 2707 2713 2718
usemtl asfalto
f 2713 2714 2720 2719
usemtl concreto
f 2714 2715 2721 2720
f 2715 2716 2722 2721
f 2716 2717 2723 2722
f 2717 2718 2724 2723
f 2718 2713 2719 2724
usemtl asfalto
f 2719 2720 2726 2725
usemtl concreto
f 2720 2721 2727 2726
f 2721 2722 2728 2727
f 2722 2723 2729 2728
f 2723 2724 2730 2729
f 2724 2719 2725 2730
usemtl asfalto
f 2725 2726 2732 2731
usemtl concreto
f 2726 2727 2733 2732
f 2727 2728 2734 2733
f 2728 2729 2735 2734
f 2729 2730 2736 2735
f 2730 2725 2731 2736
usemtl asfalto
f 2731 2732 2738 2737
usemtl concreto
f 2732 2733 2739 2738
f 2733 2734 2740 2739
f 2734 2735 2741 2740
f 2735 2736 2742 2741
f 2736 2731 2737 2742
usemtl asfalto
f 2737 2738 2744 2743
usemtl concreto
f 2738 2739 2745 2744
f 2739 2740 2746 2745
f 2740 2741 2747 2746
f 2741 2742 2748 2747
f 2742 2737 2743 2748
usemtl asfalto
f 2743 2744 2750 2749
usemtl concreto
f 2744 2745 2751 2750
f 2745 2746 2752 2751
f 2746 2747 2753 2752
f 2747 2748 2754 2753
f 2748 2743 2749 2754
usemtl asfalto
f 2749 2750 2756 2755
usemtl concreto
f 2750 2751 2757 2756
f 2751 2752 2758 2757
f 2752 2753 2759 2758
f 2753 2754 2760 2759
f 2754 2749 2755 2760
usemtl asfalto
f 2755 2756 2762 2761
usemtl concreto
f 2756 2757 2763 2762
f 2757 2758 2764 2763
f 2758 2759 2765 2764
f 2759 2760 2766 2765
f 2760 2755 2761 2766
usemtl asfalto
f 2761 2762 2768 2767
usemtl concreto
f 2762 2763 2769 2768
f 2763 2764 2770 2769
f 2764 2765 2771 2770
f 2765 2766 2772 2771
f 2766 2761 2767 2772
usemtl asfalto
f 2767 2768 2774 2773
usemtl concreto
f 2768 2769 2775 2774
f 2769 2770 2776 2775
f 2770 2771 2777 2776
f 2771 2772 2778 2777
f 2772 2767 2773 2778
usemtl asfalto
f 2773 2774 2780 2779
usemtl concreto
f 2774 2775 2781 2780
f 2775 2776 2782 2781
f 2776 2777 2783 2782
f 2777 2778 2784 2783
f 2778 2773 2779 2784
usemtl asfalto
f 2779 2780 2786 2785
usemtl concreto
f 2780 2781 2787 2786
f 2781 2782 2788 2787
f 2782 2783 2789 2788
f 2783 2784 2790 2789
f 2784 2779 2785 2790
f 2581 2583 2582
f 2581 2584 2583
f 2581 2585 2584
f 2581 2586 2585
f 2785 2786 2787
f 2785 2787 2788
f 2785 2788 2789
f 2785 2789 2790
f 2799 2800 2792 2791
f 2800 2801 2793 2792
f 2801 2802 2794 2793
f 2802 2803 2795 2794
f 2803 2804 2796 2795
f 2804 2805 2797 2796
f 2805 2806 2798 2797
f 2806 2799 2791 2798
f 2807 2808 2800 2799
f 2808 2809 2801 2800
f 2809 2810 2802 2801
f 2810 2811 2803 2802
f 2811 2812 2804 2803
f 2812 2813 2805 2804
f 2813 2814 2806 2805
f 2814 2807 2799 2806
f 2815 2816 2808 2807
f 2816 2817 2809 2808
f 2817 2818 2810 2809
f 2818 2819 2811 2810
f 2819 2820 2812 2811
f 2820 2821 2813 2812
f 2821 2822 2814 2813
f 2822 2815 2807 2814
f 2823 2824 2816 2815
f 2824 2825 2817 2816
f 2825 2826 2818 2817
f 2826 2827 2819 2818
f 2827 2828 2820 2819
f 2828 2829 2821 2820
f 2829 2830 2822 2821
f 2830 2823 2815 2822
f 2831 2832 2824 2823
f 2832 2833 2825 2824
f 2833 2834 2826 2825
f 2834 2835 2827 2826
f 2835 2836 2828 2827
f 2836 2837 2829 2828
f 2837 2838 2830 2829
f 2838 2831 2823 2830
f 2839 2840 2832 2831
f 2840 2841 2833 2832
f 2841 2842 2834 2833
f 2842 2843 2835 2834
f 2843 2844 2836 2835
f 2844 2845 2837 2836
f 2845 2846 2838 2837
f 2846 2839 2831 2838
f 2847 2848 2840 2839
f 2848 2849 2841 2840
f 2849 2850 2842 2841
f 2850 2851 2843 2842
f 2851 2852 2844 2843
f 2852 2853 2845 2844
f 2853 2854 2846 2845
f 2854 2847 2839 2846
f 2855 2856 2848 2847
f 2856 2857 2849 2848
f 2857 2858 2850 2849
f 2858 2859 2851 2850
f 2859 2860 2852 2851
f 2860 2861 2853 2852
f 2861 2862 2854 2853
f 2862 2855 2847 2854
f 2863 2864 2856 2855
f 2864 2865 2857 2856
f 2865 2866 2858 2857
f 2866 2867 2859 2858
f 2867 2868 2860 2859
f 2868 2869 2861 2860
f 2869 2870 2862 2861
f 2870 2863 2855 2862
f 2871 2872 2864 2863
f 2872 2873 2865 2864
f 2873 2874 2866 2865
f 2874 2875 2867 2866
f 2875 2876 2868 2867
f 2876 2877 2869 2868
f 2877 2878 2870 2869
f 2878 2871 2863 2870
f 2879 2880 2872 2871
f 2880 2881 2873 2872
f 2881 2882 2874 2873
f 2882 2883 2875 2874
f 2883 2884 2876 2875
f 2884 2885 2877 2876
f 2885 2886 2878 2877
f 2886 2879 2871 2878
f 2887 2888 2880 2879
f 2888 2889 2881 2880
f 2889 2890 2882 2881
f 2890 2891 2883 2882
f 2891 2892 2884 2883
f 2892 2893 2885 2884
f 2893 2894 2886 2885
f 2894 2887 2879 2886
f 2895 2896 2888 2887
f 2896 2897 2889 2888
f 2897 2898 2890 2889
f 2898 2899 2891 2890
f 2899 2900 2892 2891
f 2900 2901 2893 2892
f 2901 2902 2894 2893
f 2902 2895 2887 2894
f 2903 2904 2896 2895
f 2904 2905 2897 2896
f 2905 2906 2898 2897
f 2906 2907 2899 2898
f 2907 2908 2900 2899
f 2908 2909 2901 2900
f 2909 2910 2902 2901
f 2910 2903 2895 2902
f 2911 2912 2904 2903
f 2912 2913 2905 2904
f 2913 2914 2906 2905
f 2914 2915 2907 2906
f 2915 2916 2908 2907
f 2916 2917 2909 2908
f 2917 2918 2910 2909
f 2918 2911 2903 2910
f 2919 2920 2912 2911
f 2920 2921 2913 2912
f 2921 2922 2914 2913
f 2922 2923 2915 2914
f 2923 2924 2916 2915
f 2924 2925 2917 2916
f 2925 2926 2918 2917
f 2926 2919 2911 2918
f 2927 2928 2920 2919
f 2928 2929 2921 2920
f 2929 2930 2922 2921
f 2930 2931 2923 2922
f 2931 2932 2924 2923
f 2932 2933 2925 2924
f 2933 2934 2926 2925
f 2934 2927 2919 2926
f 2935 2936 2928 2927
f 2936 2937 2929 2928
f 2937 2938 2930 2929
f 2938 2939 2931 2930
f 2939 2940 2932 2931
f 2940 2941 2933 2932
f 2941 2942 2934 2933
f 2942 2935 2927 2934
f 2943 2944 2936 2935
f 2944 2945 2937 2936
f 2945 2946 2938 2937
f 2946 2947 2939 2938
f 2947 2948 2940 2939
f 2948 2949 2941 2940
f 2949 2950 2942 2941
f 2950 2943 2935 2942
f 2951 2952 2944 2943
f 2952 2953 2945 2944
f 2953 2954 2946 2945
f 2954 2955 2947 2946
f 2955 2956 2948 2947
f 2956 2957 2949 2948
f 2957 2958 2950 2949
f 2958 2951 2943 2950
f 2959 2960 2952 2951
f 2960 2961 2953 2952
f 2961 2962 2954 2953
f 2962 2963 2955 2954
f 2963 2964 2956 2955
f 2964 2965 2957 2956
f 2965 2966 2958 2957
f 2966 2959 2951 2958
f 2967 2968 2960 2959
f 2968 2969 2961 2960
f 2969 2970 2962 2961
f 2970 2971 2963 2962
f 2971 2972 2964 2963
f 2972 2973 2965 2964
f 2973 2974 2966 2965
f 2974 2967 2959 2966
f 2975 2976 2968 2967
f 2976 2977 2969 2968
f 2977 2978 2970 2969
f 2978 2979 2971 2970
f 2979 2980 2972 2971
f 2980 2981 2973 2972
f 2981 2982 2974 2973
f 2982 2975 2967 2974
f 2983 2984 2976 2975
f 2984 2985 2977 2976
f 2985 2986 2978 2977
f 2986 2987 2979 2978
f 2987 2988 2980 2979
f 2988 2989 2981 2980
f 2989 2990 2982 2981
f 2990 2983 2975 2982
f 2991 2992 2984 2983
f 2992 2993 2985 2984
f 2993 2994 2986 2985
f 2994 2995 2987 2986
f 2995 2996 2988 2987
f 2996 2997 2989 2988
f 2997 2998 2990 2989
f 2998 2991 2983 2990
f 2999 3000 2992 2991
f 3000 3001 2993 2992
f 3001 3002 2994 2993
f 3002 3003 2995 2994
f 3003 3004 2996 2995
f 3004 3005 2997 2996
f 3005 3006 2998 2997
f 3006 2999 2991 2998
f 3007 3008 3000 2999
f 3008 3009 3001 3000
f 3009 3010 3002 3001
f 3010 3011 3003 3002
f 3011 3012 3004 3003
f 3012 3013 3005 3004
f 3013 3014 3006 3005
f 3014 3007 2999 3006
f 3015 3016 3008 3007
f 3016 3017 3009 3008
f 3017 3018 3010 3009
f 3018 3019 3011 3010
f 3019 3020 3012 3011
f 3020 3021 3013 3012
f 3021 3022 3014 3013
f 3022 3015 3007 3014
f 3023 3024 3016 3015
f 3024 3025 3017 3016
f 3025 3026 3018 3017
f 3026 3027 3019 3018
f 3027 3028 3020 3019
f 3028 3029 3021 3020
f 3029 3030 3022 3021
f 3030 3023 3015 3022
f 3031 3032 3024 3023
f 3032 3033 3025 3024
f 3033 3034 3026 3025
f 3034 3035 3027 3026
f 3035 3036 3028 3027
f 3036 3037 3029 3028
f 3037 3038 3030 3029
f 3038 3031 3023 3030
f 3039 3040 3032 3031
f 3040 3041 3033 3032
f 3041 3042 3034 3033
f 3042 3043 3035 3034
f 3043 3044 3036 3035
f 3044 3045 3037 3036
f 3045 3046 3038 3037
f 3046 3039 3031 3038
f 3047 3048 3040 3039
f 3048 3049 3041 3040
f 3049 3050 3042 3041
f 3050 3051 3043 3042
f 3051 3052 3044 3043
f 3052 3053 3045 3044
f 3053 3054 3046 3045
f 3054 3047 3039 3046
f 3055 3056 3048 3047
f 3056 3057 3049 3048
f 3057 3058 3050 3049
f 3058 3059 3051 3050
f 3059 3060 3052 3051
f 3060 3061 3053 3052
f 3061 3062 3054 3053
f 3062 3055 3047 3054
f 3063 3064 3056 3055
f 3064 3065 3057 3056
f 3065 3066 3058 3057
f 3066 3067 3059 3058
f 3067 3068 3060 3059
f 3068 3069 3061 3060
f 3069 3070 3062 3061
f 3070 3063 3055 3062
f 2792 2793 2791
f 2793 2794 2791
f 2794 2795 2791
f 2795 2796 2791
f 2796 2797 2791
f 2797 2798 2791
f 3065 3064 3063
f 3066 3065 3063
f 3067 3066 3063
f 3068 3067 3063
f 3069 3068 3063
f 3070 3069 3063
f 3079 3080 3072 3071
f 3080 3081 3073 3072
f 3081 3082 3074 3073
f 3082 3083 3075 3074
f 3083 3084 3076 3075
f 3084 3085 3077 3076
f 3085 3086 3078 3077
f 3086 3079 3071 3078
f 3087 3088 3080 3079
f 3088 3089 3081 3080
f 3089 3090 3082 3081
f 3090 3091 3083 3082
f 3091 3092 3084 3083
f 3092 3093 3085 3084
f 3093 3094 3086 3085
f 3094 3087 3079 3086
f 3095 3096 3088 3087
f 3096 3097 3089 3088
f 3097 3098 3090 3089
f 3098 3099 3091 3090
f 3099 3100 3092 3091
f 3100 3101 3093 3092
f 3101 3102 3094 3093
f 3102 3095 3087 3094
f 3103 3104 3096 3095
f 3104 3105 3097 3096
f 3105 3106 3098 3097
f 3106 3107 3099 3098
f 3107 3108 3100 3099
f 3108 3109 3101 3100
f 3109 3110 3102 3101
f 3110 3103 3095 3102
f 3111 3112 3104 3103
f 3112 3113 3105 3104
f 3113 3114 3106 3105
f 3114 3115 3107 3106
f 3115 3116 3108 3107
f 3116 3117 3109 3108
f 3117 3118 3110 3109
f 3118 3111 3103 3110
f 3119 3120 3112 3111
f 3120 3121 3113 3112
f 3121 3122 3114 3113
f 3122 3123 3115 3114
f 3123 3124 3116 3115
f 3124 3125 3117 3116
f 3125 3126 3118 3117
f 3126 3119 3111 3118
f 3127 3128 3120 3119
f 3128 3129 3121 3120
f 3129 3130 3122 3121
f 3130 3131 3123 3122
f 3131 3132 3124 3123
f 3132 3133 3125 3124
f 3133 3134 3126 3125
f 3134 3127 3119 3126
f 3135 3136 3128 3127
f 3136 3137 3129 3128
f 3137 3138 3130 3129
f 3138 3139 3131 3130
f 3139 3140 3132 3131
f 3140 3141 3133 3132
f 3141 3142 3134 3133
f 3142 3135 3127 3134
f 3143 3144 3136 3135
f 3144 3145 3137 3136
f 3145 3146 3138 3137
f 3146 3147 3139 3138
f 3147 3148 3140 3139
f 3148 3149 3141 3140
f 3149 3150 3142 3141
f 3150 3143 3135 3142
f 3151 3152 3144 3143
f 3152 3153 3145 3144
f 3153 3154 3146 3145
f 3154 3155 3147 3146
f 3155 3156 3148 3147
f 3156 3157 3149 3148
f 3157 3158 3150 3149
f 3158 3151 3143 3150
f 3159 3160 3152 3151
f 3160 3161 3153 3152
f 3161 3162 3154 3153
f 3162 3163 3155 3154
f 3163 3164 3156 3155
f 3164 3165 3157 3156
f 3165 3166 3158 3157
f 3166 3159 3151 3158
f 3167 3168 3160 3159
f 3168 3169 3161 3160
f 3169 3170 3162 3161
f 3170 3171 3163 3162
f 3171 3172 3164 3163
f 3172 3173 3165 3164
f 3173 3174 3166 3165
f 3174 3167 3159 3166
f 3175 3176 3168 3167
f 3176 3177 3169 3168
f 3177 3178 3170 3169
f 3178 3179 3171 3170
f 3179 3180 3172 3171
f 3180 3181 3173 3172
f 3181 3182 3174 3173
f 3182 3175 3167 3174
f 3183 3184 3176 3175
f 3184 3185 3177 3176
f 3185 3186 3178 3177
f 3186 3187 3179 3178
f 3187 3188 3180 3179
f 3188 3189 3181 3180
f 3189 3190 3182 3181
f 3190 3183 3175 3182
f 3191 3192 3184 3183
f 3192 3193 3185 3184
f 3193 3194 3186 3185
f 3194 3195 3187 3186
f 3195 3196 3188 3187
f 3196 3197 3189 3188
f 3197 3198 3190 3189
f 3198 3191 3183 3190
f 3199 3200 3192 3191
f 3200 3201 3193 3192
f 3201 3202 3194 3193
f 3202 3203 3195 3194
f 3203 3204 3196 3195
f 3204 3205 3197 3196
f 3205 3206 3198 3197
f 3206 3199 3191 3198
f 3207 3208 3200 3199
f 3208 3209 3201 3200
f 3209 3210 3202 3201
f 3210 3211 3203 3202
f 3211 3212 3204 3203
f 3212 3213 3205 3204
f 3213 3214 3206 3205
f 3214 3207 3199 3206
f 3215 3216 3208 3207
f 3216 3217 3209 3208
f 3217 3218 3210 3209
f 3218 3219 3211 3210
f 3219 3220 3212 3211
f 3220 3221 3213 3212
f 3221 3222 3214 3213
f 3222 3215 3207 3214
f 3223 3224 3216 3215
f 3224 3225 3217 3216
f 3225 3226 3218 3217
f 3226 3227 3219 3218
f 3227 3228 3220 3219
f 3228 3229 3221 3220
f 3229 3230 3222 3221
f 3230 3223 3215 3222
f 3231 3232 3224 3223
f 3232 3233 3225 3224
f 3233 3234 3226 3225
f 3234 3235 3227 3226
f 3235 3236 3228 3227
f 3236 3237 3229 3228
f 3237 3238 3230 3229
f 3238 3231 3223 3230
f 3239 3240 3232 3231
f 3240 3241 3233 3232
f 3241 3242 3234 3233
f 3242 3243 3235 3234
f 3243 3244 3236 3235
f 3244 3245 3237 3236
f 3245 3246 3238 3237
f 3246 3239 3231 3238
f 3247 3248 3240 3239
f 3248 3249 3241 3240
f 3249 3250 3242 3241
f 3250 3251 3243 3242
f 3251 3252 3244 3243
f 3252 3253 3245 3244
f 3253 3254 3246 3245
f 3254 3247 3239 3246
f 3255 3256 3248 3247
f 3256 3257 3249 3248
f 3257 3258 3250 3249
f 3258 3259 3251 3250
f 3259 3260 3252 3251
f 3260 3261 3253 3252
f 3261 3262 3254 3253
f 3262 3255 3247 3254
f 3263 3264 3256 3255
f 3264 3265 3257 3256
f 3265 3266 3258 3257
f 3266 3267 3259 3258
f 3267 3268 3260 3259
f 3268 3269 3261 3260
f 3269 3270 3262 3261
f 3270 3263 3255 3262
f 3271 3272 3264 3263
f 3272 3273 3265 3264
f 3273 3274 3266 3265
f 3274 3275 3267 3266
f 3275 3276 3268 3267
f 3276 3277 3269 3268
f 3277 3278 3270 3269
f 3278 3271 3263 3270
f 3279 3280 3272 3271
f 3280 3281 3273 3272
f 3281 3282 3274 3273
f 3282 3283 3275 3274
f 3283 3284 3276 3275
f 3284 3285 3277 3276
f 3285 3286 3278 3277
f 3286 3279 3271 3278
f 3287 3288 3280 3279
f 3288 3289 3281 3280
f 3289 3290 3282 3281
f 3290 3291 3283 3282
f 3291 3292 3284 3283
f 3292 3293 3285 3284
f 3293 3294 3286 3285
f 3294 3287 3279 3286
f 3295 3296 3288 3287
f 3296 3297 3289 3288
f 3297 3298 3290 3289
f 3298 3299 3291 3290
f 3299 3300 3292 3291
f 3300 3301 3293 3292
f 3301 3302 3294 3293
f 3302 3295 3287 3294
f 3303 3304 3296 3295
f 3304 3305 3297 3296
f 3305 3306 3298 3297
f 3306 3307 3299 3298
f 3307 3308 3300 3299
f 3308 3309 3301 3300
f 3309 3310 3302 3301
f 3310 3303 3295 3302
f 3311 3312 3304 3303
f 3312 3313 3305 3304
f 3313 3314 3306 3305
f 3314 3315 3307 3306
f 3315 3316 3308 3307
f 3316 3317 3309 3308
f 3317 3318 3310 3309
f 3318 3311 3303 3310
f 3319 3320 3312 3311
f 3320 3321 3313 3312
f 3321 3322 3314 3313
f 3322 3323 3315 3314
f 3323 3324 3316 3315
f 3324 3325 3317 3316
f 3325 3326 3318 3317
f 3326 3319 3311 3318
f 3327 3328 3320 3319
f 3328 3329 3321 3320
f 3329 3330 3322 3321
f 3330 3331 3323 3322
f 3331 3332 3324 3323
f 3332 3333 3325 3324
f 3333 3334 3326 3325
f 3334 3327 3319 3326
f 3335 3336 3328 3327
f 3336 3337 3329 3328
f 3337 3338 3330 3329
f 3338 3339 3331 3330
f 3339 3340 3332 3331
f 3340 3341 3333 3332
f 3341 3342 3334 3333
f 3342 3335 3327 3334
f 3343 3344 3336 3335
f 3344 3345 3337 3336
f 3345 3346 3338 3337
f 3346 3347 3339 3338
f 3347 3348 3340 3339
f 3348 3349 3341 3340
f 3349 3350 3342 3341
f 3350 3343 3335 3342
f 3072 3073 3071
f 3073 3074 3071
f 3074 3075 3071
f 3075 3076 3071
f 3076 3077 3071
f 3077 3078 3071
f 3345 3344 3343
f 3346 3345 3343
f 3347 3346 3343
f 3348 3347 3343
f 3349 3348 3343
f 3350 3349 3343
usemtl concretoOsc
f 3358 3357 3356 3355
f 3351 3352 3353 3354
f 3351 3355 3356 3352
f 3354 3353 3357 3358
f 3352 3356 3357 3353
f 3351 3354 3358 3355
usemtl concreto
f 3369 3370 3360 3359
f 3370 3371 3361 3360
f 3371 3372 3362 3361
f 3372 3373 3363 3362
f 3373 3374 3364 3363
f 3374 3375 3365 3364
f 3375 3376 3366 3365
f 3376 3377 3367 3366
f 3377 3378 3368 3367
f 3378 3369 3359 3368
f 3371 3370 3369
f 3372 3371 3369
f 3373 3372 3369
f 3374 3373 3369
f 3375 3374 3369
f 3376 3375 3369
f 3377 3376 3369
f 3378 3377 3369
f 3360 3361 3359
f 3361 3362 3359
f 3362 3363 3359
f 3363 3364 3359
f 3364 3365 3359
f 3365 3366 3359
f 3366 3367 3359
f 3367 3368 3359
usemtl concretoOsc
f 3386 3385 3384 3383
f 3379 3380 3381 3382
f 3379 3383 3384 3380
f 3382 3381 3385 3386
f 3380 3384 3385 3381
f 3379 3382 3386 3383
usemtl concreto
f 3397 3398 3388 3387
f 3398 3399 3389 3388
f 3399 3400 3390 3389
f 3400 3401 3391 3390
f 3401 3402 3392 3391
f 3402 3403 3393 3392
f 3403 3404 3394 3393
f 3404 3405 3395 3394
f 3405 3406 3396 3395
f 3406 3397 3387 3396
f 3399 3398 3397
f 3400 3399 3397
f 3401 3400 3397
f 3402 3401 3397
f 3403 3402 3397
f 3404 3403 3397
f 3405 3404 3397
f 3406 3405 3397
f 3388 3389 3387
f 3389 3390 3387
f 3390 3391 3387
f 3391 3392 3387
f 3392 3393 3387
f 3393 3394 3387
f 3394 3395 3387
f 3395 3396 3387
usemtl concretoOsc
f 3414 3413 3412 3411
f 3407 3408 3409 3410
f 3407 3411 3412 3408
f 3410 3409 3413 3414
f 3408 3412 3413 3409
f 3407 3410 3414 3411
usemtl concreto
f 3425 3426 3416 3415
f 3426 3427 3417 3416
f 3427 3428 3418 3417
f 3428 3429 3419 3418
f 3429 3430 3420 3419
f 3430 3431 3421 3420
f 3431 3432 3422 3421
f 3432 3433 3423 3422
f 3433 3434 3424 3423
f 3434 3425 3415 3424
f 3427 3426 3425
f 3428 3427 3425
f 3429 3428 3425
f 3430 3429 3425
f 3431 3430 3425
f 3432 3431 3425
f 3433 3432 3425
f 3434 3433 3425
f 3416 3417 3415
f 3417 3418 3415
f 3418 3419 3415
f 3419 3420 3415
f 3420 3421 3415
f 3421 3422 3415
f 3422 3423 3415
f 3423 3424 3415
usemtl concretoOsc
f 3442 3441 3440 3439
f 3435 3436 3437 3438
f 3435 3439 3440 3436
f 3438 3437 3441 3442
f 3436 3440 3441 3437
f 3435 3438 3442 3439
usemtl concreto
f 3453 3454 3444 3443
f 3454 3455 3445 3444
f 3455 3456 3446 3445
f 3456 3457 3447 3446
f 3457 3458 3448 3447
f 3458 3459 3449 3448
f 3459 3460 3450 3449
f 3460 3461 3451 3450
f 3461 3462 3452 3451
f 3462 3453 3443 3452
f 3455 3454 3453
f 3456 3455 3453
f 3457 3456 3453
f 3458 3457 3453
f 3459 3458 3453
f 3460 3459 3453
f 3461 3460 3453
f 3462 3461 3453
f 3444 3445 3443
f 3445 3446 3443
f 3446 3447 3443
f 3447 3448 3443
f 3448 3449 3443
f 3449 3450 3443
f 3450 3451 3443
f 3451 3452 3443
usemtl asfalto
f 3463 3464 3470 3469
usemtl concreto
f 3464 3465 3471 3470
f 3465 3466 3472 3471
f 3466 3467 3473 3472
f 3467 3468 3474 3473
f 3468 3463 3469 3474
usemtl asfalto
f 3469 3470 3476 3475
usemtl concreto
f 3470 3471 3477 3476
f 3471 3472 3478 3477
f 3472 3473 3479 3478
f 3473 3474 3480 3479
f 3474 3469 3475 3480
usemtl asfalto
f 3475 3476 3482 3481
usemtl concreto
f 3476 3477 3483 3482
f 3477 3478 3484 3483
f 3478 3479 3485 3484
f 3479 3480 3486 3485
f 3480 3475 3481 3486
usemtl asfalto
f 3481 3482 3488 3487
usemtl concreto
f 3482 3483 3489 3488
f 3483 3484 3490 3489
f 3484 3485 3491 3490
f 3485 3486 3492 3491
f 3486 3481 3487 3492
usemtl asfalto
f 3487 3488 3494 3493
usemtl concreto
f 3488 3489 3495 3494
f 3489 3490 3496 3495
f 3490 3491 3497 3496
f 3491 3492 3498 3497
f 3492 3487 3493 3498
usemtl asfalto
f 3493 3494 3500 3499
usemtl concreto
f 3494 3495 3501 3500
f 3495 3496 3502 3501
f 3496 3497 3503 3502
f 3497 3498 3504 3503
f 3498 3493 3499 3504
usemtl asfalto
f 3499 3500 3506 3505
usemtl concreto
f 3500 3501 3507 3506
f 3501 3502 3508 3507
f 3502 3503 3509 3508
f 3503 3504 3510 3509
f 3504 3499 3505 3510
usemtl asfalto
f 3505 3506 3512 3511
usemtl concreto
f 3506 3507 3513 3512
f 3507 3508 3514 3513
f 3508 3509 3515 3514
f 3509 3510 3516 3515
f 3510 3505 3511 3516
usemtl asfalto
f 3511 3512 3518 3517
usemtl concreto
f 3512 3513 3519 3518
f 3513 3514 3520 3519
f 3514 3515 3521 3520
f 3515 3516 3522 3521
f 3516 3511 3517 3522
usemtl asfalto
f 3517 3518 3524 3523
usemtl concreto
f 3518 3519 3525 3524
f 3519 3520 3526 3525
f 3520 3521 3527 3526
f 3521 3522 3528 3527
f 3522 3517 3523 3528
usemtl asfalto
f 3523 3524 3530 3529
usemtl concreto
f 3524 3525 3531 3530
f 3525 3526 3532 3531
f 3526 3527 3533 3532
f 3527 3528 3534 3533
f 3528 3523 3529 3534
usemtl asfalto
f 3529 3530 3536 3535
usemtl concreto
f 3530 3531 3537 3536
f 3531 3532 3538 3537
f 3532 3533 3539 3538
f 3533 3534 3540 3539
f 3534 3529 3535 3540
usemtl asfalto
f 3535 3536 3542 3541
usemtl concreto
f 3536 3537 3543 3542
f 3537 3538 3544 3543
f 3538 3539 3545 3544
f 3539 3540 3546 3545
f 3540 3535 3541 3546
usemtl asfalto
f 3541 3542 3548 3547
usemtl concreto
f 3542 3543 3549 3548
f 3543 3544 3550 3549
f 3544 3545 3551 3550
f 3545 3546 3552 3551
f 3546 3541 3547 3552
usemtl asfalto
f 3547 3548 3554 3553
usemtl concreto
f 3548 3549 3555 3554
f 3549 3550 3556 3555
f 3550 3551 3557 3556
f 3551 3552 3558 3557
f 3552 3547 3553 3558
usemtl asfalto
f 3553 3554 3560 3559
usemtl concreto
f 3554 3555 3561 3560
f 3555 3556 3562 3561
f 3556 3557 3563 3562
f 3557 3558 3564 3563
f 3558 3553 3559 3564
usemtl asfalto
f 3559 3560 3566 3565
usemtl concreto
f 3560 3561 3567 3566
f 3561 3562 3568 3567
f 3562 3563 3569 3568
f 3563 3564 3570 3569
f 3564 3559 3565 3570
usemtl asfalto
f 3565 3566 3572 3571
usemtl concreto
f 3566 3567 3573 3572
f 3567 3568 3574 3573
f 3568 3569 3575 3574
f 3569 3570 3576 3575
f 3570 3565 3571 3576
usemtl asfalto
f 3571 3572 3578 3577
usemtl concreto
f 3572 3573 3579 3578
f 3573 3574 3580 3579
f 3574 3575 3581 3580
f 3575 3576 3582 3581
f 3576 3571 3577 3582
usemtl asfalto
f 3577 3578 3584 3583
usemtl concreto
f 3578 3579 3585 3584
f 3579 3580 3586 3585
f 3580 3581 3587 3586
f 3581 3582 3588 3587
f 3582 3577 3583 3588
usemtl asfalto
f 3583 3584 3590 3589
usemtl concreto
f 3584 3585 3591 3590
f 3585 3586 3592 3591
f 3586 3587 3593 3592
f 3587 3588 3594 3593
f 3588 3583 3589 3594
usemtl asfalto
f 3589 3590 3596 3595
usemtl concreto
f 3590 3591 3597 3596
f 3591 3592 3598 3597
f 3592 3593 3599 3598
f 3593 3594 3600 3599
f 3594 3589 3595 3600
usemtl asfalto
f 3595 3596 3602 3601
usemtl concreto
f 3596 3597 3603 3602
f 3597 3598 3604 3603
f 3598 3599 3605 3604
f 3599 3600 3606 3605
f 3600 3595 3601 3606
usemtl asfalto
f 3601 3602 3608 3607
usemtl concreto
f 3602 3603 3609 3608
f 3603 3604 3610 3609
f 3604 3605 3611 3610
f 3605 3606 3612 3611
f 3606 3601 3607 3612
usemtl asfalto
f 3607 3608 3614 3613
usemtl concreto
f 3608 3609 3615 3614
f 3609 3610 3616 3615
f 3610 3611 3617 3616
f 3611 3612 3618 3617
f 3612 3607 3613 3618
usemtl asfalto
f 3613 3614 3620 3619
usemtl concreto
f 3614 3615 3621 3620
f 3615 3616 3622 3621
f 3616 3617 3623 3622
f 3617 3618 3624 3623
f 3618 3613 3619 3624
usemtl asfalto
f 3619 3620 3626 3625
usemtl concreto
f 3620 3621 3627 3626
f 3621 3622 3628 3627
f 3622 3623 3629 3628
f 3623 3624 3630 3629
f 3624 3619 3625 3630
usemtl asfalto
f 3625 3626 3632 3631
usemtl concreto
f 3626 3627 3633 3632
f 3627 3628 3634 3633
f 3628 3629 3635 3634
f 3629 3630 3636 3635
f 3630 3625 3631 3636
usemtl asfalto
f 3631 3632 3638 3637
usemtl concreto
f 3632 3633 3639 3638
f 3633 3634 3640 3639
f 3634 3635 3641 3640
f 3635 3636 3642 3641
f 3636 3631 3637 3642
usemtl asfalto
f 3637 3638 3644 3643
usemtl concreto
f 3638 3639 3645 3644
f 3639 3640 3646 3645
f 3640 3641 3647 3646
f 3641 3642 3648 3647
f 3642 3637 3643 3648
usemtl asfalto
f 3643 3644 3650 3649
usemtl concreto
f 3644 3645 3651 3650
f 3645 3646 3652 3651
f 3646 3647 3653 3652
f 3647 3648 3654 3653
f 3648 3643 3649 3654
usemtl asfalto
f 3649 3650 3656 3655
usemtl concreto
f 3650 3651 3657 3656
f 3651 3652 3658 3657
f 3652 3653 3659 3658
f 3653 3654 3660 3659
f 3654 3649 3655 3660
usemtl asfalto
f 3655 3656 3662 3661
usemtl concreto
f 3656 3657 3663 3662
f 3657 3658 3664 3663
f 3658 3659 3665 3664
f 3659 3660 3666 3665
f 3660 3655 3661 3666
usemtl asfalto
f 3661 3662 3668 3667
usemtl concreto
f 3662 3663 3669 3668
f 3663 3664 3670 3669
f 3664 3665 3671 3670
f 3665 3666 3672 3671
f 3666 3661 3667 3672
f 3463 3465 3464
f 3463 3466 3465
f 3463 3467 3466
f 3463 3468 3467
f 3667 3668 3669
f 3667 3669 3670
f 3667 3670 3671
f 3667 3671 3672
f 3681 3682 3674 3673
f 3682 3683 3675 3674
f 3683 3684 3676 3675
f 3684 3685 3677 3676
f 3685 3686 3678 3677
f 3686 3687 3679 3678
f 3687 3688 3680 3679
f 3688 3681 3673 3680
f 3689 3690 3682 3681
f 3690 3691 3683 3682
f 3691 3692 3684 3683
f 3692 3693 3685 3684
f 3693 3694 3686 3685
f 3694 3695 3687 3686
f 3695 3696 3688 3687
f 3696 3689 3681 3688
f 3697 3698 3690 3689
f 3698 3699 3691 3690
f 3699 3700 3692 3691
f 3700 3701 3693 3692
f 3701 3702 3694 3693
f 3702 3703 3695 3694
f 3703 3704 3696 3695
f 3704 3697 3689 3696
f 3705 3706 3698 3697
f 3706 3707 3699 3698
f 3707 3708 3700 3699
f 3708 3709 3701 3700
f 3709 3710 3702 3701
f 3710 3711 3703 3702
f 3711 3712 3704 3703
f 3712 3705 3697 3704
f 3713 3714 3706 3705
f 3714 3715 3707 3706
f 3715 3716 3708 3707
f 3716 3717 3709 3708
f 3717 3718 3710 3709
f 3718 3719 3711 3710
f 3719 3720 3712 3711
f 3720 3713 3705 3712
f 3721 3722 3714 3713
f 3722 3723 3715 3714
f 3723 3724 3716 3715
f 3724 3725 3717 3716
f 3725 3726 3718 3717
f 3726 3727 3719 3718
f 3727 3728 3720 3719
f 3728 3721 3713 3720
f 3729 3730 3722 3721
f 3730 3731 3723 3722
f 3731 3732 3724 3723
f 3732 3733 3725 3724
f 3733 3734 3726 3725
f 3734 3735 3727 3726
f 3735 3736 3728 3727
f 3736 3729 3721 3728
f 3737 3738 3730 3729
f 3738 3739 3731 3730
f 3739 3740 3732 3731
f 3740 3741 3733 3732
f 3741 3742 3734 3733
f 3742 3743 3735 3734
f 3743 3744 3736 3735
f 3744 3737 3729 3736
f 3745 3746 3738 3737
f 3746 3747 3739 3738
f 3747 3748 3740 3739
f 3748 3749 3741 3740
f 3749 3750 3742 3741
f 3750 3751 3743 3742
f 3751 3752 3744 3743
f 3752 3745 3737 3744
f 3753 3754 3746 3745
f 3754 3755 3747 3746
f 3755 3756 3748 3747
f 3756 3757 3749 3748
f 3757 3758 3750 3749
f 3758 3759 3751 3750
f 3759 3760 3752 3751
f 3760 3753 3745 3752
f 3761 3762 3754 3753
f 3762 3763 3755 3754
f 3763 3764 3756 3755
f 3764 3765 3757 3756
f 3765 3766 3758 3757
f 3766 3767 3759 3758
f 3767 3768 3760 3759
f 3768 3761 3753 3760
f 3769 3770 3762 3761
f 3770 3771 3763 3762
f 3771 3772 3764 3763
f 3772 3773 3765 3764
f 3773 3774 3766 3765
f 3774 3775 3767 3766
f 3775 3776 3768 3767
f 3776 3769 3761 3768
f 3777 3778 3770 3769
f 3778 3779 3771 3770
f 3779 3780 3772 3771
f 3780 3781 3773 3772
f 3781 3782 3774 3773
f 3782 3783 3775 3774
f 3783 3784 3776 3775
f 3784 3777 3769 3776
f 3785 3786 3778 3777
f 3786 3787 3779 3778
f 3787 3788 3780 3779
f 3788 3789 3781 3780
f 3789 3790 3782 3781
f 3790 3791 3783 3782
f 3791 3792 3784 3783
f 3792 3785 3777 3784
f 3793 3794 3786 3785
f 3794 3795 3787 3786
f 3795 3796 3788 3787
f 3796 3797 3789 3788
f 3797 3798 3790 3789
f 3798 3799 3791 3790
f 3799 3800 3792 3791
f 3800 3793 3785 3792
f 3801 3802 3794 3793
f 3802 3803 3795 3794
f 3803 3804 3796 3795
f 3804 3805 3797 3796
f 3805 3806 3798 3797
f 3806 3807 3799 3798
f 3807 3808 3800 3799
f 3808 3801 3793 3800
f 3809 3810 3802 3801
f 3810 3811 3803 3802
f 3811 3812 3804 3803
f 3812 3813 3805 3804
f 3813 3814 3806 3805
f 3814 3815 3807 3806
f 3815 3816 3808 3807
f 3816 3809 3801 3808
f 3817 3818 3810 3809
f 3818 3819 3811 3810
f 3819 3820 3812 3811
f 3820 3821 3813 3812
f 3821 3822 3814 3813
f 3822 3823 3815 3814
f 3823 3824 3816 3815
f 3824 3817 3809 3816
f 3825 3826 3818 3817
f 3826 3827 3819 3818
f 3827 3828 3820 3819
f 3828 3829 3821 3820
f 3829 3830 3822 3821
f 3830 3831 3823 3822
f 3831 3832 3824 3823
f 3832 3825 3817 3824
f 3833 3834 3826 3825
f 3834 3835 3827 3826
f 3835 3836 3828 3827
f 3836 3837 3829 3828
f 3837 3838 3830 3829
f 3838 3839 3831 3830
f 3839 3840 3832 3831
f 3840 3833 3825 3832
f 3841 3842 3834 3833
f 3842 3843 3835 3834
f 3843 3844 3836 3835
f 3844 3845 3837 3836
f 3845 3846 3838 3837
f 3846 3847 3839 3838
f 3847 3848 3840 3839
f 3848 3841 3833 3840
f 3849 3850 3842 3841
f 3850 3851 3843 3842
f 3851 3852 3844 3843
f 3852 3853 3845 3844
f 3853 3854 3846 3845
f 3854 3855 3847 3846
f 3855 3856 3848 3847
f 3856 3849 3841 3848
f 3857 3858 3850 3849
f 3858 3859 3851 3850
f 3859 3860 3852 3851
f 3860 3861 3853 3852
f 3861 3862 3854 3853
f 3862 3863 3855 3854
f 3863 3864 3856 3855
f 3864 3857 3849 3856
f 3865 3866 3858 3857
f 3866 3867 3859 3858
f 3867 3868 3860 3859
f 3868 3869 3861 3860
f 3869 3870 3862 3861
f 3870 3871 3863 3862
f 3871 3872 3864 3863
f 3872 3865 3857 3864
f 3873 3874 3866 3865
f 3874 3875 3867 3866
f 3875 3876 3868 3867
f 3876 3877 3869 3868
f 3877 3878 3870 3869
f 3878 3879 3871 3870
f 3879 3880 3872 3871
f 3880 3873 3865 3872
f 3881 3882 3874 3873
f 3882 3883 3875 3874
f 3883 3884 3876 3875
f 3884 3885 3877 3876
f 3885 3886 3878 3877
f 3886 3887 3879 3878
f 3887 3888 3880 3879
f 3888 3881 3873 3880
f 3889 3890 3882 3881
f 3890 3891 3883 3882
f 3891 3892 3884 3883
f 3892 3893 3885 3884
f 3893 3894 3886 3885
f 3894 3895 3887 3886
f 3895 3896 3888 3887
f 3896 3889 3881 3888
f 3897 3898 3890 3889
f 3898 3899 3891 3890
f 3899 3900 3892 3891
f 3900 3901 3893 3892
f 3901 3902 3894 3893
f 3902 3903 3895 3894
f 3903 3904 3896 3895
f 3904 3897 3889 3896
f 3905 3906 3898 3897
f 3906 3907 3899 3898
f 3907 3908 3900 3899
f 3908 3909 3901 3900
f 3909 3910 3902 3901
f 3910 3911 3903 3902
f 3911 3912 3904 3903
f 3912 3905 3897 3904
f 3913 3914 3906 3905
f 3914 3915 3907 3906
f 3915 3916 3908 3907
f 3916 3917 3909 3908
f 3917 3918 3910 3909
f 3918 3919 3911 3910
f 3919 3920 3912 3911
f 3920 3913 3905 3912
f 3921 3922 3914 3913
f 3922 3923 3915 3914
f 3923 3924 3916 3915
f 3924 3925 3917 3916
f 3925 3926 3918 3917
f 3926 3927 3919 3918
f 3927 3928 3920 3919
f 3928 3921 3913 3920
f 3929 3930 3922 3921
f 3930 3931 3923 3922
f 3931 3932 3924 3923
f 3932 3933 3925 3924
f 3933 3934 3926 3925
f 3934 3935 3927 3926
f 3935 3936 3928 3927
f 3936 3929 3921 3928
f 3937 3938 3930 3929
f 3938 3939 3931 3930
f 3939 3940 3932 3931
f 3940 3941 3933 3932
f 3941 3942 3934 3933
f 3942 3943 3935 3934
f 3943 3944 3936 3935
f 3944 3937 3929 3936
f 3945 3946 3938 3937
f 3946 3947 3939 3938
f 3947 3948 3940 3939
f 3948 3949 3941 3940
f 3949 3950 3942 3941
f 3950 3951 3943 3942
f 3951 3952 3944 3943
f 3952 3945 3937 3944
f 3674 3675 3673
f 3675 3676 3673
f 3676 3677 3673
f 3677 3678 3673
f 3678 3679 3673
f 3679 3680 3673
f 3947 3946 3945
f 3948 3947 3945
f 3949 3948 3945
f 3950 3949 3945
f 3951 3950 3945
f 3952 3951 3945
f 3961 3962 3954 3953
f 3962 3963 3955 3954
f 3963 3964 3956 3955
f 3964 3965 3957 3956
f 3965 3966 3958 3957
f 3966 3967 3959 3958
f 3967 3968 3960 3959
f 3968 3961 3953 3960
f 3969 3970 3962 3961
f 3970 3971 3963 3962
f 3971 3972 3964 3963
f 3972 3973 3965 3964
f 3973 3974 3966 3965
f 3974 3975 3967 3966
f 3975 3976 3968 3967
f 3976 3969 3961 3968
f 3977 3978 3970 3969
f 3978 3979 3971 3970
f 3979 3980 3972 3971
f 3980 3981 3973 3972
f 3981 3982 3974 3973
f 3982 3983 3975 3974
f 3983 3984 3976 3975
f 3984 3977 3969 3976
f 3985 3986 3978 3977
f 3986 3987 3979 3978
f 3987 3988 3980 3979
f 3988 3989 3981 3980
f 3989 3990 3982 3981
f 3990 3991 3983 3982
f 3991 3992 3984 3983
f 3992 3985 3977 3984
f 3993 3994 3986 3985
f 3994 3995 3987 3986
f 3995 3996 3988 3987
f 3996 3997 3989 3988
f 3997 3998 3990 3989
f 3998 3999 3991 3990
f 3999 4000 3992 3991
f 4000 3993 3985 3992
f 4001 4002 3994 3993
f 4002 4003 3995 3994
f 4003 4004 3996 3995
f 4004 4005 3997 3996
f 4005 4006 3998 3997
f 4006 4007 3999 3998
f 4007 4008 4000 3999
f 4008 4001 3993 4000
f 4009 4010 4002 4001
f 4010 4011 4003 4002
f 4011 4012 4004 4003
f 4012 4013 4005 4004
f 4013 4014 4006 4005
f 4014 4015 4007 4006
f 4015 4016 4008 4007
f 4016 4009 4001 4008
f 4017 4018 4010 4009
f 4018 4019 4011 4010
f 4019 4020 4012 4011
f 4020 4021 4013 4012
f 4021 4022 4014 4013
f 4022 4023 4015 4014
f 4023 4024 4016 4015
f 4024 4017 4009 4016
f 4025 4026 4018 4017
f 4026 4027 4019 4018
f 4027 4028 4020 4019
f 4028 4029 4021 4020
f 4029 4030 4022 4021
f 4030 4031 4023 4022
f 4031 4032 4024 4023
f 4032 4025 4017 4024
f 4033 4034 4026 4025
f 4034 4035 4027 4026
f 4035 4036 4028 4027
f 4036 4037 4029 4028
f 4037 4038 4030 4029
f 4038 4039 4031 4030
f 4039 4040 4032 4031
f 4040 4033 4025 4032
f 4041 4042 4034 4033
f 4042 4043 4035 4034
f 4043 4044 4036 4035
f 4044 4045 4037 4036
f 4045 4046 4038 4037
f 4046 4047 4039 4038
f 4047 4048 4040 4039
f 4048 4041 4033 4040
f 4049 4050 4042 4041
f 4050 4051 4043 4042
f 4051 4052 4044 4043
f 4052 4053 4045 4044
f 4053 4054 4046 4045
f 4054 4055 4047 4046
f 4055 4056 4048 4047
f 4056 4049 4041 4048
f 4057 4058 4050 4049
f 4058 4059 4051 4050
f 4059 4060 4052 4051
f 4060 4061 4053 4052
f 4061 4062 4054 4053
f 4062 4063 4055 4054
f 4063 4064 4056 4055
f 4064 4057 4049 4056
f 4065 4066 4058 4057
f 4066 4067 4059 4058
f 4067 4068 4060 4059
f 4068 4069 4061 4060
f 4069 4070 4062 4061
f 4070 4071 4063 4062
f 4071 4072 4064 4063
f 4072 4065 4057 4064
f 4073 4074 4066 4065
f 4074 4075 4067 4066
f 4075 4076 4068 4067
f 4076 4077 4069 4068
f 4077 4078 4070 4069
f 4078 4079 4071 4070
f 4079 4080 4072 4071
f 4080 4073 4065 4072
f 4081 4082 4074 4073
f 4082 4083 4075 4074
f 4083 4084 4076 4075
f 4084 4085 4077 4076
f 4085 4086 4078 4077
f 4086 4087 4079 4078
f 4087 4088 4080 4079
f 4088 4081 4073 4080
f 4089 4090 4082 4081
f 4090 4091 4083 4082
f 4091 4092 4084 4083
f 4092 4093 4085 4084
f 4093 4094 4086 4085
f 4094 4095 4087 4086
f 4095 4096 4088 4087
f 4096 4089 4081 4088
f 4097 4098 4090 4089
f 4098 4099 4091 4090
f 4099 4100 4092 4091
f 4100 4101 4093 4092
f 4101 4102 4094 4093
f 4102 4103 4095 4094
f 4103 4104 4096 4095
f 4104 4097 4089 4096
f 4105 4106 4098 4097
f 4106 4107 4099 4098
f 4107 4108 4100 4099
f 4108 4109 4101 4100
f 4109 4110 4102 4101
f 4110 4111 4103 4102
f 4111 4112 4104 4103
f 4112 4105 4097 4104
f 4113 4114 4106 4105
f 4114 4115 4107 4106
f 4115 4116 4108 4107
f 4116 4117 4109 4108
f 4117 4118 4110 4109
f 4118 4119 4111 4110
f 4119 4120 4112 4111
f 4120 4113 4105 4112
f 4121 4122 4114 4113
f 4122 4123 4115 4114
f 4123 4124 4116 4115
f 4124 4125 4117 4116
f 4125 4126 4118 4117
f 4126 4127 4119 4118
f 4127 4128 4120 4119
f 4128 4121 4113 4120
f 4129 4130 4122 4121
f 4130 4131 4123 4122
f 4131 4132 4124 4123
f 4132 4133 4125 4124
f 4133 4134 4126 4125
f 4134 4135 4127 4126
f 4135 4136 4128 4127
f 4136 4129 4121 4128
f 4137 4138 4130 4129
f 4138 4139 4131 4130
f 4139 4140 4132 4131
f 4140 4141 4133 4132
f 4141 4142 4134 4133
f 4142 4143 4135 4134
f 4143 4144 4136 4135
f 4144 4137 4129 4136
f 4145 4146 4138 4137
f 4146 4147 4139 4138
f 4147 4148 4140 4139
f 4148 4149 4141 4140
f 4149 4150 4142 4141
f 4150 4151 4143 4142
f 4151 4152 4144 4143
f 4152 4145 4137 4144
f 4153 4154 4146 4145
f 4154 4155 4147 4146
f 4155 4156 4148 4147
f 4156 4157 4149 4148
f 4157 4158 4150 4149
f 4158 4159 4151 4150
f 4159 4160 4152 4151
f 4160 4153 4145 4152
f 4161 4162 4154 4153
f 4162 4163 4155 4154
f 4163 4164 4156 4155
f 4164 4165 4157 4156
f 4165 4166 4158 4157
f 4166 4167 4159 4158
f 4167 4168 4160 4159
f 4168 4161 4153 4160
f 4169 4170 4162 4161
f 4170 4171 4163 4162
f 4171 4172 4164 4163
f 4172 4173 4165 4164
f 4173 4174 4166 4165
f 4174 4175 4167 4166
f 4175 4176 4168 4167
f 4176 4169 4161 4168
f 4177 4178 4170 4169
f 4178 4179 4171 4170
f 4179 4180 4172 4171
f 4180 4181 4173 4172
f 4181 4182 4174 4173
f 4182 4183 4175 4174
f 4183 4184 4176 4175
f 4184 4177 4169 4176
f 4185 4186 4178 4177
f 4186 4187 4179 4178
f 4187 4188 4180 4179
f 4188 4189 4181 4180
f 4189 4190 4182 4181
f 4190 4191 4183 4182
f 4191 4192 4184 4183
f 4192 4185 4177 4184
f 4193 4194 4186 4185
f 4194 4195 4187 4186
f 4195 4196 4188 4187
f 4196 4197 4189 4188
f 4197 4198 4190 4189
f 4198 4199 4191 4190
f 4199 4200 4192 4191
f 4200 4193 4185 4192
f 4201 4202 4194 4193
f 4202 4203 4195 4194
f 4203 4204 4196 4195
f 4204 4205 4197 4196
f 4205 4206 4198 4197
f 4206 4207 4199 4198
f 4207 4208 4200 4199
f 4208 4201 4193 4200
f 4209 4210 4202 4201
f 4210 4211 4203 4202
f 4211 4212 4204 4203
f 4212 4213 4205 4204
f 4213 4214 4206 4205
f 4214 4215 4207 4206
f 4215 4216 4208 4207
f 4216 4209 4201 4208
f 4217 4218 4210 4209
f 4218 4219 4211 4210
f 4219 4220 4212 4211
f 4220 4221 4213 4212
f 4221 4222 4214 4213
f 4222 4223 4215 4214
f 4223 4224 4216 4215
f 4224 4217 4209 4216
f 4225 4226 4218 4217
f 4226 4227 4219 4218
f 4227 4228 4220 4219
f 4228 4229 4221 4220
f 4229 4230 4222 4221
f 4230 4231 4223 4222
f 4231 4232 4224 4223
f 4232 4225 4217 4224
f 3954 3955 3953
f 3955 3956 3953
f 3956 3957 3953
f 3957 3958 3953
f 3958 3959 3953
f 3959 3960 3953
f 4227 4226 4225
f 4228 4227 4225
f 4229 4228 4225
f 4230 4229 4225
f 4231 4230 4225
f 4232 4231 4225
usemtl concretoOsc
f 4240 4239 4238 4237
f 4233 4234 4235 4236
f 4233 4237 4238 4234
f 4236 4235 4239 4240
f 4234 4238 4239 4235
f 4233 4236 4240 4237
usemtl concreto
f 4251 4252 4242 4241
f 4252 4253 4243 4242
f 4253 4254 4244 4243
f 4254 4255 4245 4244
f 4255 4256 4246 4245
f 4256 4257 4247 4246
f 4257 4258 4248 4247
f 4258 4259 4249 4248
f 4259 4260 4250 4249
f 4260 4251 4241 4250
f 4253 4252 4251
f 4254 4253 4251
f 4255 4254 4251
f 4256 4255 4251
f 4257 4256 4251
f 4258 4257 4251
f 4259 4258 4251
f 4260 4259 4251
f 4242 4243 4241
f 4243 4244 4241
f 4244 4245 4241
f 4245 4246 4241
f 4246 4247 4241
f 4247 4248 4241
f 4248 4249 4241
f 4249 4250 4241
usemtl concretoOsc
f 4268 4267 4266 4265
f 4261 4262 4263 4264
f 4261 4265 4266 4262
f 4264 4263 4267 4268
f 4262 4266 4267 4263
f 4261 4264 4268 4265
usemtl concreto
f 4279 4280 4270 4269
f 4280 4281 4271 4270
f 4281 4282 4272 4271
f 4282 4283 4273 4272
f 4283 4284 4274 4273
f 4284 4285 4275 4274
f 4285 4286 4276 4275
f 4286 4287 4277 4276
f 4287 4288 4278 4277
f 4288 4279 4269 4278
f 4281 4280 4279
f 4282 4281 4279
f 4283 4282 4279
f 4284 4283 4279
f 4285 4284 4279
f 4286 4285 4279
f 4287 4286 4279
f 4288 4287 4279
f 4270 4271 4269
f 4271 4272 4269
f 4272 4273 4269
f 4273 4274 4269
f 4274 4275 4269
f 4275 4276 4269
f 4276 4277 4269
f 4277 4278 4269
usemtl concretoOsc
f 4296 4295 4294 4293
f 4289 4290 4291 4292
f 4289 4293 4294 4290
f 4292 4291 4295 4296
f 4290 4294 4295 4291
f 4289 4292 4296 4293
usemtl concreto
f 4307 4308 4298 4297
f 4308 4309 4299 4298
f 4309 4310 4300 4299
f 4310 4311 4301 4300
f 4311 4312 4302 4301
f 4312 4313 4303 4302
f 4313 4314 4304 4303
f 4314 4315 4305 4304
f 4315 4316 4306 4305
f 4316 4307 4297 4306
f 4309 4308 4307
f 4310 4309 4307
f 4311 4310 4307
f 4312 4311 4307
f 4313 4312 4307
f 4314 4313 4307
f 4315 4314 4307
f 4316 4315 4307
f 4298 4299 4297
f 4299 4300 4297
f 4300 4301 4297
f 4301 4302 4297
f 4302 4303 4297
f 4303 4304 4297
f 4304 4305 4297
f 4305 4306 4297
usemtl concretoOsc
f 4324 4323 4322 4321
f 4317 4318 4319 4320
f 4317 4321 4322 4318
f 4320 4319 4323 4324
f 4318 4322 4323 4319
f 4317 4320 4324 4321
usemtl concreto
f 4335 4336 4326 4325
f 4336 4337 4327 4326
f 4337 4338 4328 4327
f 4338 4339 4329 4328
f 4339 4340 4330 4329
f 4340 4341 4331 4330
f 4341 4342 4332 4331
f 4342 4343 4333 4332
f 4343 4344 4334 4333
f 4344 4335 4325 4334
f 4337 4336 4335
f 4338 4337 4335
f 4339 4338 4335
f 4340 4339 4335
f 4341 4340 4335
f 4342 4341 4335
f 4343 4342 4335
f 4344 4343 4335
f 4326 4327 4325
f 4327 4328 4325
f 4328 4329 4325
f 4329 4330 4325
f 4330 4331 4325
f 4331 4332 4325
f 4332 4333 4325
f 4333 4334 4325
o ViaElevadaEncima
usemtl concreto
f 4353 4354 4346 4345
f 4354 4355 4347 4346
f 4355 4356 4348 4347
f 4356 4357 4349 4348
f 4357 4358 4350 4349
f 4358 4359 4351 4350
f 4359 4360 4352 4351
f 4360 4353 4345 4352
f 4361 4362 4354 4353
f 4362 4363 4355 4354
f 4363 4364 4356 4355
f 4364 4365 4357 4356
f 4365 4366 4358 4357
f 4366 4367 4359 4358
f 4367 4368 4360 4359
f 4368 4361 4353 4360
f 4369 4370 4362 4361
f 4370 4371 4363 4362
f 4371 4372 4364 4363
f 4372 4373 4365 4364
f 4373 4374 4366 4365
f 4374 4375 4367 4366
f 4375 4376 4368 4367
f 4376 4369 4361 4368
f 4377 4378 4370 4369
f 4378 4379 4371 4370
f 4379 4380 4372 4371
f 4380 4381 4373 4372
f 4381 4382 4374 4373
f 4382 4383 4375 4374
f 4383 4384 4376 4375
f 4384 4377 4369 4376
f 4346 4347 4345
f 4347 4348 4345
f 4348 4349 4345
f 4349 4350 4345
f 4350 4351 4345
f 4351 4352 4345
f 4379 4378 4377
f 4380 4379 4377
f 4381 4380 4377
f 4382 4381 4377
f 4383 4382 4377
f 4384 4383 4377
f 4393 4394 4386 4385
f 4394 4395 4387 4386
f 4395 4396 4388 4387
f 4396 4397 4389 4388
f 4397 4398 4390 4389
f 4398 4399 4391 4390
f 4399 4400 4392 4391
f 4400 4393 4385 4392
f 4386 4387 4385
f 4387 4388 4385
f 4388 4389 4385
f 4389 4390 4385
f 4390 4391 4385
f 4391 4392 4385
f 4395 4394 4393
f 4396 4395 4393
f 4397 4396 4393
f 4398 4397 4393
f 4399 4398 4393
f 4400 4399 4393
f 4409 4410 4402 4401
f 4410 4411 4403 4402
f 4411 4412 4404 4403
f 4412 4413 4405 4404
f 4413 4414 4406 4405
f 4414 4415 4407 4406
f 4415 4416 4408 4407
f 4416 4409 4401 4408
f 4417 4418 4410 4409
f 4418 4419 4411 4410
f 4419 4420 4412 4411
f 4420 4421 4413 4412
f 4421 4422 4414 4413
f 4422 4423 4415 4414
f 4423 4424 4416 4415
f 4424 4417 4409 4416
f 4425 4426 4418 4417
f 4426 4427 4419 4418
f 4427 4428 4420 4419
f 4428 4429 4421 4420
f 4429 4430 4422 4421
f 4430 4431 4423 4422
f 4431 4432 4424 4423
f 4432 4425 4417 4424
f 4433 4434 4426 4425
f 4434 4435 4427 4426
f 4435 4436 4428 4427
f 4436 4437 4429 4428
f 4437 4438 4430 4429
f 4438 4439 4431 4430
f 4439 4440 4432 4431
f 4440 4433 4425 4432
f 4402 4403 4401
f 4403 4404 4401
f 4404 4405 4401
f 4405 4406 4401
f 4406 4407 4401
f 4407 4408 4401
f 4435 4434 4433
f 4436 4435 4433
f 4437 4436 4433
f 4438 4437 4433
f 4439 4438 4433
f 4440 4439 4433
f 4449 4450 4442 4441
f 4450 4451 4443 4442
f 4451 4452 4444 4443
f 4452 4453 4445 4444
f 4453 4454 4446 4445
f 4454 4455 4447 4446
f 4455 4456 4448 4447
f 4456 4449 4441 4448
f 4457 4458 4450 4449
f 4458 4459 4451 4450
f 4459 4460 4452 4451
f 4460 4461 4453 4452
f 4461 4462 4454 4453
f 4462 4463 4455 4454
f 4463 4464 4456 4455
f 4464 4457 4449 4456
f 4465 4466 4458 4457
f 4466 4467 4459 4458
f 4467 4468 4460 4459
f 4468 4469 4461 4460
f 4469 4470 4462 4461
f 4470 4471 4463 4462
f 4471 4472 4464 4463
f 4472 4465 4457 4464
f 4473 4474 4466 4465
f 4474 4475 4467 4466
f 4475 4476 4468 4467
f 4476 4477 4469 4468
f 4477 4478 4470 4469
f 4478 4479 4471 4470
f 4479 4480 4472 4471
f 4480 4473 4465 4472
f 4481 4482 4474 4473
f 4482 4483 4475 4474
f 4483 4484 4476 4475
f 4484 4485 4477 4476
f 4485 4486 4478 4477
f 4486 4487 4479 4478
f 4487 4488 4480 4479
f 4488 4481 4473 4480
f 4489 4490 4482 4481
f 4490 4491 4483 4482
f 4491 4492 4484 4483
f 4492 4493 4485 4484
f 4493 4494 4486 4485
f 4494 4495 4487 4486
f 4495 4496 4488 4487
f 4496 4489 4481 4488
f 4497 4498 4490 4489
f 4498 4499 4491 4490
f 4499 4500 4492 4491
f 4500 4501 4493 4492
f 4501 4502 4494 4493
f 4502 4503 4495 4494
f 4503 4504 4496 4495
f 4504 4497 4489 4496
f 4505 4506 4498 4497
f 4506 4507 4499 4498
f 4507 4508 4500 4499
f 4508 4509 4501 4500
f 4509 4510 4502 4501
f 4510 4511 4503 4502
f 4511 4512 4504 4503
f 4512 4505 4497 4504
f 4513 4514 4506 4505
f 4514 4515 4507 4506
f 4515 4516 4508 4507
f 4516 4517 4509 4508
f 4517 4518 4510 4509
f 4518 4519 4511 4510
f 4519 4520 4512 4511
f 4520 4513 4505 4512
f 4442 4443 4441
f 4443 4444 4441
f 4444 4445 4441
f 4445 4446 4441
f 4446 4447 4441
f 4447 4448 4441
f 4515 4514 4513
f 4516 4515 4513
f 4517 4516 4513
f 4518 4517 4513
f 4519 4518 4513
f 4520 4519 4513
usemtl concretoOsc
f 4529 4530 4522 4521
f 4530 4531 4523 4522
f 4531 4532 4524 4523
f 4532 4533 4525 4524
f 4533 4534 4526 4525
f 4534 4535 4527 4526
f 4535 4536 4528 4527
f 4536 4529 4521 4528
f 4537 4538 4530 4529
f 4538 4539 4531 4530
f 4539 4540 4532 4531
f 4540 4541 4533 4532
f 4541 4542 4534 4533
f 4542 4543 4535 4534
f 4543 4544 4536 4535
f 4544 4537 4529 4536
f 4545 4546 4538 4537
f 4546 4547 4539 4538
f 4547 4548 4540 4539
f 4548 4549 4541 4540
f 4549 4550 4542 4541
f 4550 4551 4543 4542
f 4551 4552 4544 4543
f 4552 4545 4537 4544
f 4553 4554 4546 4545
f 4554 4555 4547 4546
f 4555 4556 4548 4547
f 4556 4557 4549 4548
f 4557 4558 4550 4549
f 4558 4559 4551 4550
f 4559 4560 4552 4551
f 4560 4553 4545 4552
f 4561 4562 4554 4553
f 4562 4563 4555 4554
f 4563 4564 4556 4555
f 4564 4565 4557 4556
f 4565 4566 4558 4557
f 4566 4567 4559 4558
f 4567 4568 4560 4559
f 4568 4561 4553 4560
f 4569 4570 4562 4561
f 4570 4571 4563 4562
f 4571 4572 4564 4563
f 4572 4573 4565 4564
f 4573 4574 4566 4565
f 4574 4575 4567 4566
f 4575 4576 4568 4567
f 4576 4569 4561 4568
f 4577 4578 4570 4569
f 4578 4579 4571 4570
f 4579 4580 4572 4571
f 4580 4581 4573 4572
f 4581 4582 4574 4573
f 4582 4583 4575 4574
f 4583 4584 4576 4575
f 4584 4577 4569 4576
f 4585 4586 4578 4577
f 4586 4587 4579 4578
f 4587 4588 4580 4579
f 4588 4589 4581 4580
f 4589 4590 4582 4581
f 4590 4591 4583 4582
f 4591 4592 4584 4583
f 4592 4585 4577 4584
f 4593 4594 4586 4585
f 4594 4595 4587 4586
f 4595 4596 4588 4587
f 4596 4597 4589 4588
f 4597 4598 4590 4589
f 4598 4599 4591 4590
f 4599 4600 4592 4591
f 4600 4593 4585 4592
f 4522 4523 4521
f 4523 4524 4521
f 4524 4525 4521
f 4525 4526 4521
f 4526 4527 4521
f 4527 4528 4521
f 4595 4594 4593
f 4596 4595 4593
f 4597 4596 4593
f 4598 4597 4593
f 4599 4598 4593
f 4600 4599 4593
usemtl lineaBl
f 4608 4607 4606 4605
f 4601 4602 4603 4604
f 4601 4605 4606 4602
f 4604 4603 4607 4608
f 4601 4604 4608 4605
f 4616 4615 4614 4613
f 4609 4610 4611 4612
f 4609 4613 4614 4610
f 4612 4611 4615 4616
f 4624 4623 4622 4621
f 4617 4618 4619 4620
f 4617 4621 4622 4618
f 4620 4619 4623 4624
f 4632 4631 4630 4629
f 4625 4626 4627 4628
f 4625 4629 4630 4626
f 4628 4627 4631 4632
f 4640 4639 4638 4637
f 4633 4634 4635 4636
f 4633 4637 4638 4634
f 4636 4635 4639 4640
f 4648 4647 4646 4645
f 4641 4642 4643 4644
f 4641 4645 4646 4642
f 4644 4643 4647 4648
f 4656 4655 4654 4653
f 4649 4650 4651 4652
f 4649 4653 4654 4650
f 4652 4651 4655 4656
f 4664 4663 4662 4661
f 4657 4658 4659 4660
f 4657 4661 4662 4658
f 4660 4659 4663 4664
f 4672 4671 4670 4669
f 4665 4666 4667 4668
f 4665 4669 4670 4666
f 4668 4667 4671 4672
f 4666 4670 4671 4667
f 4680 4679 4678 4677
f 4673 4674 4675 4676
f 4673 4677 4678 4674
f 4676 4675 4679 4680
f 4673 4676 4680 4677
f 4688 4687 4686 4685
f 4681 4682 4683 4684
f 4681 4685 4686 4682
f 4684 4683 4687 4688
f 4696 4695 4694 4693
f 4689 4690 4691 4692
f 4689 4693 4694 4690
f 4692 4691 4695 4696
f 4704 4703 4702 4701
f 4697 4698 4699 4700
f 4697 4701 4702 4698
f 4700 4699 4703 4704
f 4712 4711 4710 4709
f 4705 4706 4707 4708
f 4705 4709 4710 4706
f 4708 4707 4711 4712
f 4720 4719 4718 4717
f 4713 4714 4715 4716
f 4713 4717 4718 4714
f 4716 4715 4719 4720
f 4728 4727 4726 4725
f 4721 4722 4723 4724
f 4721 4725 4726 4722
f 4724 4723 4727 4728
f 4736 4735 4734 4733
f 4729 4730 4731 4732
f 4729 4733 4734 4730
f 4732 4731 4735 4736
f 4744 4743 4742 4741
f 4737 4738 4739 4740
f 4737 4741 4742 4738
f 4740 4739 4743 4744
f 4738 4742 4743 4739
f 4752 4751 4750 4749
f 4745 4746 4747 4748
f 4745 4749 4750 4746
f 4748 4747 4751 4752
f 4746 4750 4751 4747
f 4745 4748 4752 4749
f 4760 4759 4758 4757
f 4753 4754 4755 4756
f 4753 4757 4758 4754
f 4756 4755 4759 4760
f 4754 4758 4759 4755
f 4753 4756 4760 4757
f 4768 4767 4766 4765
f 4761 4762 4763 4764
f 4761 4765 4766 4762
f 4764 4763 4767 4768
f 4762 4766 4767 4763
f 4761 4764 4768 4765
f 4776 4775 4774 4773
f 4769 4770 4771 4772
f 4769 4773 4774 4770
f 4772 4771 4775 4776
f 4770 4774 4775 4771
f 4769 4772 4776 4773
f 4784 4783 4782 4781
f 4777 4778 4779 4780
f 4777 4781 4782 4778
f 4780 4779 4783 4784
f 4778 4782 4783 4779
f 4777 4780 4784 4781
f 4792 4791 4790 4789
f 4785 4786 4787 4788
f 4785 4789 4790 4786
f 4788 4787 4791 4792
f 4786 4790 4791 4787
f 4785 4788 4792 4789
f 4800 4799 4798 4797
f 4793 4794 4795 4796
f 4793 4797 4798 4794
f 4796 4795 4799 4800
f 4794 4798 4799 4795
f 4793 4796 4800 4797
f 4808 4807 4806 4805
f 4801 4802 4803 4804
f 4801 4805 4806 4802
f 4804 4803 4807 4808
f 4802 4806 4807 4803
f 4801 4804 4808 4805
f 4816 4815 4814 4813
f 4809 4810 4811 4812
f 4809 4813 4814 4810
f 4812 4811 4815 4816
f 4810 4814 4815 4811
f 4809 4812 4816 4813
f 4824 4823 4822 4821
f 4817 4818 4819 4820
f 4817 4821 4822 4818
f 4820 4819 4823 4824
f 4818 4822 4823 4819
f 4817 4820 4824 4821
f 4832 4831 4830 4829
f 4825 4826 4827 4828
f 4825 4829 4830 4826
f 4828 4827 4831 4832
f 4826 4830 4831 4827
f 4825 4828 4832 4829
f 4840 4839 4838 4837
f 4833 4834 4835 4836
f 4833 4837 4838 4834
f 4836 4835 4839 4840
f 4834 4838 4839 4835
f 4833 4836 4840 4837
f 4848 4847 4846 4845
f 4841 4842 4843 4844
f 4841 4845 4846 4842
f 4844 4843 4847 4848
f 4842 4846 4847 4843
f 4841 4844 4848 4845
f 4856 4855 4854 4853
f 4849 4850 4851 4852
f 4849 4853 4854 4850
f 4852 4851 4855 4856
f 4850 4854 4855 4851
f 4849 4852 4856 4853
f 4864 4863 4862 4861
f 4857 4858 4859 4860
f 4857 4861 4862 4858
f 4860 4859 4863 4864
f 4858 4862 4863 4859
f 4857 4860 4864 4861
f 4872 4871 4870 4869
f 4865 4866 4867 4868
f 4865 4869 4870 4866
f 4868 4867 4871 4872
f 4866 4870 4871 4867
f 4865 4868 4872 4869
f 4880 4879 4878 4877
f 4873 4874 4875 4876
f 4873 4877 4878 4874
f 4876 4875 4879 4880
f 4874 4878 4879 4875
f 4873 4876 4880 4877
f 4888 4887 4886 4885
f 4881 4882 4883 4884
f 4881 4885 4886 4882
f 4884 4883 4887 4888
f 4882 4886 4887 4883
f 4881 4884 4888 4885
f 4896 4895 4894 4893
f 4889 4890 4891 4892
f 4889 4893 4894 4890
f 4892 4891 4895 4896
f 4890 4894 4895 4891
f 4889 4892 4896 4893
f 4904 4903 4902 4901
f 4897 4898 4899 4900
f 4897 4901 4902 4898
f 4900 4899 4903 4904
f 4898 4902 4903 4899
f 4897 4900 4904 4901
f 4912 4911 4910 4909
f 4905 4906 4907 4908
f 4905 4909 4910 4906
f 4908 4907 4911 4912
f 4906 4910 4911 4907
f 4905 4908 4912 4909
f 4920 4919 4918 4917
f 4913 4914 4915 4916
f 4913 4917 4918 4914
f 4916 4915 4919 4920
f 4914 4918 4919 4915
f 4913 4916 4920 4917
f 4928 4927 4926 4925
f 4921 4922 4923 4924
f 4921 4925 4926 4922
f 4924 4923 4927 4928
f 4922 4926 4927 4923
f 4921 4924 4928 4925
f 4936 4935 4934 4933
f 4929 4930 4931 4932
f 4929 4933 4934 4930
f 4932 4931 4935 4936
f 4930 4934 4935 4931
f 4929 4932 4936 4933
f 4944 4943 4942 4941
f 4937 4938 4939 4940
f 4937 4941 4942 4938
f 4940 4939 4943 4944
f 4938 4942 4943 4939
f 4937 4940 4944 4941
f 4952 4951 4950 4949
f 4945 4946 4947 4948
f 4945 4949 4950 4946
f 4948 4947 4951 4952
f 4946 4950 4951 4947
f 4945 4948 4952 4949
f 4960 4959 4958 4957
f 4953 4954 4955 4956
f 4953 4957 4958 4954
f 4956 4955 4959 4960
f 4954 4958 4959 4955
f 4953 4956 4960 4957
f 4968 4967 4966 4965
f 4961 4962 4963 4964
f 4961 4965 4966 4962
f 4964 4963 4967 4968
f 4962 4966 4967 4963
f 4961 4964 4968 4965
f 4976 4975 4974 4973
f 4969 4970 4971 4972
f 4969 4973 4974 4970
f 4972 4971 4975 4976
f 4970 4974 4975 4971
f 4969 4972 4976 4973
f 4984 4983 4982 4981
f 4977 4978 4979 4980
f 4977 4981 4982 4978
f 4980 4979 4983 4984
f 4978 4982 4983 4979
f 4977 4980 4984 4981
f 4992 4991 4990 4989
f 4985 4986 4987 4988
f 4985 4989 4990 4986
f 4988 4987 4991 4992
f 4986 4990 4991 4987
f 4985 4988 4992 4989
f 5000 4999 4998 4997
f 4993 4994 4995 4996
f 4993 4997 4998 4994
f 4996 4995 4999 5000
f 4994 4998 4999 4995
f 4993 4996 5000 4997
f 5008 5007 5006 5005
f 5001 5002 5003 5004
f 5001 5005 5006 5002
f 5004 5003 5007 5008
f 5002 5006 5007 5003
f 5001 5004 5008 5005
f 5016 5015 5014 5013
f 5009 5010 5011 5012
f 5009 5013 5014 5010
f 5012 5011 5015 5016
f 5010 5014 5015 5011
f 5009 5012 5016 5013
f 5024 5023 5022 5021
f 5017 5018 5019 5020
f 5017 5021 5022 5018
f 5020 5019 5023 5024
f 5018 5022 5023 5019
f 5017 5020 5024 5021
f 5032 5031 5030 5029
f 5025 5026 5027 5028
f 5025 5029 5030 5026
f 5028 5027 5031 5032
f 5026 5030 5031 5027
f 5025 5028 5032 5029
f 5040 5039 5038 5037
f 5033 5034 5035 5036
f 5033 5037 5038 5034
f 5036 5035 5039 5040
f 5034 5038 5039 5035
f 5033 5036 5040 5037
f 5048 5047 5046 5045
f 5041 5042 5043 5044
f 5041 5045 5046 5042
f 5044 5043 5047 5048
f 5042 5046 5047 5043
f 5041 5044 5048 5045
f 5056 5055 5054 5053
f 5049 5050 5051 5052
f 5049 5053 5054 5050
f 5052 5051 5055 5056
f 5050 5054 5055 5051
f 5049 5052 5056 5053
f 5064 5063 5062 5061
f 5057 5058 5059 5060
f 5057 5061 5062 5058
f 5060 5059 5063 5064
f 5058 5062 5063 5059
f 5057 5060 5064 5061
f 5072 5071 5070 5069
f 5065 5066 5067 5068
f 5065 5069 5070 5066
f 5068 5067 5071 5072
f 5066 5070 5071 5067
f 5065 5068 5072 5069
f 5080 5079 5078 5077
f 5073 5074 5075 5076
f 5073 5077 5078 5074
f 5076 5075 5079 5080
f 5074 5078 5079 5075
f 5073 5076 5080 5077
f 5088 5087 5086 5085
f 5081 5082 5083 5084
f 5081 5085 5086 5082
f 5084 5083 5087 5088
f 5082 5086 5087 5083
f 5081 5084 5088 5085
f 5096 5095 5094 5093
f 5089 5090 5091 5092
f 5089 5093 5094 5090
f 5092 5091 5095 5096
f 5090 5094 5095 5091
f 5089 5092 5096 5093
f 5104 5103 5102 5101
f 5097 5098 5099 5100
f 5097 5101 5102 5098
f 5100 5099 5103 5104
f 5098 5102 5103 5099
f 5097 5100 5104 5101
f 5112 5111 5110 5109
f 5105 5106 5107 5108
f 5105 5109 5110 5106
f 5108 5107 5111 5112
f 5106 5110 5111 5107
f 5105 5108 5112 5109
f 5120 5119 5118 5117
f 5113 5114 5115 5116
f 5113 5117 5118 5114
f 5116 5115 5119 5120
f 5113 5116 5120 5117
f 5128 5127 5126 5125
f 5121 5122 5123 5124
f 5121 5125 5126 5122
f 5124 5123 5127 5128
f 5136 5135 5134 5133
f 5129 5130 5131 5132
f 5129 5133 5134 5130
f 5132 5131 5135 5136
f 5144 5143 5142 5141
f 5137 5138 5139 5140
f 5137 5141 5142 5138
f 5140 5139 5143 5144
f 5152 5151 5150 5149
f 5145 5146 5147 5148
f 5145 5149 5150 5146
f 5148 5147 5151 5152
f 5160 5159 5158 5157
f 5153 5154 5155 5156
f 5153 5157 5158 5154
f 5156 5155 5159 5160
f 5168 5167 5166 5165
f 5161 5162 5163 5164
f 5161 5165 5166 5162
f 5164 5163 5167 5168
f 5176 5175 5174 5173
f 5169 5170 5171 5172
f 5169 5173 5174 5170
f 5172 5171 5175 5176
f 5184 5183 5182 5181
f 5177 5178 5179 5180
f 5177 5181 5182 5178
f 5180 5179 5183 5184
f 5178 5182 5183 5179
f 5192 5191 5190 5189
f 5185 5186 5187 5188
f 5185 5189 5190 5186
f 5188 5187 5191 5192
f 5185 5188 5192 5189
f 5200 5199 5198 5197
f 5193 5194 5195 5196
f 5193 5197 5198 5194
f 5196 5195 5199 5200
f 5208 5207 5206 5205
f 5201 5202 5203 5204
f 5201 5205 5206 5202
f 5204 5203 5207 5208
f 5216 5215 5214 5213
f 5209 5210 5211 5212
f 5209 5213 5214 5210
f 5212 5211 5215 5216
f 5224 5223 5222 5221
f 5217 5218 5219 5220
f 5217 5221 5222 5218
f 5220 5219 5223 5224
f 5232 5231 5230 5229
f 5225 5226 5227 5228
f 5225 5229 5230 5226
f 5228 5227 5231 5232
f 5240 5239 5238 5237
f 5233 5234 5235 5236
f 5233 5237 5238 5234
f 5236 5235 5239 5240
f 5248 5247 5246 5245
f 5241 5242 5243 5244
f 5241 5245 5246 5242
f 5244 5243 5247 5248
f 5256 5255 5254 5253
f 5249 5250 5251 5252
f 5249 5253 5254 5250
f 5252 5251 5255 5256
f 5250 5254 5255 5251
usemtl metal
f 5265 5266 5258 5257
f 5266 5267 5259 5258
f 5267 5268 5260 5259
f 5268 5269 5261 5260
f 5269 5270 5262 5261
f 5270 5271 5263 5262
f 5271 5272 5264 5263
f 5272 5265 5257 5264
f 5267 5266 5265
f 5268 5267 5265
f 5269 5268 5265
f 5270 5269 5265
f 5271 5270 5265
f 5272 5271 5265
f 5258 5259 5257
f 5259 5260 5257
f 5260 5261 5257
f 5261 5262 5257
f 5262 5263 5257
f 5263 5264 5257
f 5280 5279 5278 5277
f 5273 5274 5275 5276
f 5273 5277 5278 5274
f 5276 5275 5279 5280
f 5274 5278 5279 5275
f 5273 5276 5280 5277
usemtl faro
f 5288 5287 5286 5285
f 5281 5282 5283 5284
f 5281 5285 5286 5282
f 5284 5283 5287 5288
f 5282 5286 5287 5283
f 5281 5284 5288 5285
usemtl metal
f 5296 5295 5294 5293
f 5289 5290 5291 5292
f 5289 5293 5294 5290
f 5292 5291 5295 5296
f 5290 5294 5295 5291
f 5289 5292 5296 5293
usemtl faro
f 5304 5303 5302 5301
f 5297 5298 5299 5300
f 5297 5301 5302 5298
f 5300 5299 5303 5304
f 5298 5302 5303 5299
f 5297 5300 5304 5301
usemtl metal
f 5313 5314 5306 5305
f 5314 5315 5307 5306
f 5315 5316 5308 5307
f 5316 5317 5309 5308
f 5317 5318 5310 5309
f 5318 5319 5311 5310
f 5319 5320 5312 5311
f 5320 5313 5305 5312
f 5315 5314 5313
f 5316 5315 5313
f 5317 5316 5313
f 5318 5317 5313
f 5319 5318 5313
f 5320 5319 5313
f 5306 5307 5305
f 5307 5308 5305
f 5308 5309 5305
f 5309 5310 5305
f 5310 5311 5305
f 5311 5312 5305
f 5328 5327 5326 5325
f 5321 5322 5323 5324
f 5321 5325 5326 5322
f 5324 5323 5327 5328
f 5322 5326 5327 5323
f 5321 5324 5328 5325
usemtl faro
f 5336 5335 5334 5333
f 5329 5330 5331 5332
f 5329 5333 5334 5330
f 5332 5331 5335 5336
f 5330 5334 5335 5331
f 5329 5332 5336 5333
usemtl metal
f 5344 5343 5342 5341
f 5337 5338 5339 5340
f 5337 5341 5342 5338
f 5340 5339 5343 5344
f 5338 5342 5343 5339
f 5337 5340 5344 5341
usemtl faro
f 5352 5351 5350 5349
f 5345 5346 5347 5348
f 5345 5349 5350 5346
f 5348 5347 5351 5352
f 5346 5350 5351 5347
f 5345 5348 5352 5349
usemtl metal
f 5361 5362 5354 5353
f 5362 5363 5355 5354
f 5363 5364 5356 5355
f 5364 5365 5357 5356
f 5365 5366 5358 5357
f 5366 5367 5359 5358
f 5367 5368 5360 5359
f 5368 5361 5353 5360
f 5363 5362 5361
f 5364 5363 5361
f 5365 5364 5361
f 5366 5365 5361
f 5367 5366 5361
f 5368 5367 5361
f 5354 5355 5353
f 5355 5356 5353
f 5356 5357 5353
f 5357 5358 5353
f 5358 5359 5353
f 5359 5360 5353
f 5376 5375 5374 5373
f 5369 5370 5371 5372
f 5369 5373 5374 5370
f 5372 5371 5375 5376
f 5370 5374 5375 5371
f 5369 5372 5376 5373
usemtl faro
f 5384 5383 5382 5381
f 5377 5378 5379 5380
f 5377 5381 5382 5378
f 5380 5379 5383 5384
f 5378 5382 5383 5379
f 5377 5380 5384 5381
usemtl metal
f 5392 5391 5390 5389
f 5385 5386 5387 5388
f 5385 5389 5390 5386
f 5388 5387 5391 5392
f 5386 5390 5391 5387
f 5385 5388 5392 5389
usemtl faro
f 5400 5399 5398 5397
f 5393 5394 5395 5396
f 5393 5397 5398 5394
f 5396 5395 5399 5400
f 5394 5398 5399 5395
f 5393 5396 5400 5397
usemtl metal
f 5409 5410 5402 5401
f 5410 5411 5403 5402
f 5411 5412 5404 5403
f 5412 5413 5405 5404
f 5413 5414 5406 5405
f 5414 5415 5407 5406
f 5415 5416 5408 5407
f 5416 5409 5401 5408
f 5411 5410 5409
f 5412 5411 5409
f 5413 5412 5409
f 5414 5413 5409
f 5415 5414 5409
f 5416 5415 5409
f 5402 5403 5401
f 5403 5404 5401
f 5404 5405 5401
f 5405 5406 5401
f 5406 5407 5401
f 5407 5408 5401
f 5424 5423 5422 5421
f 5417 5418 5419 5420
f 5417 5421 5422 5418
f 5420 5419 5423 5424
f 5418 5422 5423 5419
f 5417 5420 5424 5421
usemtl faro
f 5432 5431 5430 5429
f 5425 5426 5427 5428
f 5425 5429 5430 5426
f 5428 5427 5431 5432
f 5426 5430 5431 5427
f 5425 5428 5432 5429
usemtl metal
f 5440 5439 5438 5437
f 5433 5434 5435 5436
f 5433 5437 5438 5434
f 5436 5435 5439 5440
f 5434 5438 5439 5435
f 5433 5436 5440 5437
usemtl faro
f 5448 5447 5446 5445
f 5441 5442 5443 5444
f 5441 5445 5446 5442
f 5444 5443 5447 5448
f 5442 5446 5447 5443
f 5441 5444 5448 5445
usemtl metal
f 5457 5458 5450 5449
f 5458 5459 5451 5450
f 5459 5460 5452 5451
f 5460 5461 5453 5452
f 5461 5462 5454 5453
f 5462 5463 5455 5454
f 5463 5464 5456 5455
f 5464 5457 5449 5456
f 5459 5458 5457
f 5460 5459 5457
f 5461 5460 5457
f 5462 5461 5457
f 5463 5462 5457
f 5464 5463 5457
f 5450 5451 5449
f 5451 5452 5449
f 5452 5453 5449
f 5453 5454 5449
f 5454 5455 5449
f 5455 5456 5449
f 5472 5471 5470 5469
f 5465 5466 5467 5468
f 5465 5469 5470 5466
f 5468 5467 5471 5472
f 5466 5470 5471 5467
f 5465 5468 5472 5469
usemtl faro
f 5480 5479 5478 5477
f 5473 5474 5475 5476
f 5473 5477 5478 5474
f 5476 5475 5479 5480
f 5474 5478 5479 5475
f 5473 5476 5480 5477
usemtl metal
f 5488 5487 5486 5485
f 5481 5482 5483 5484
f 5481 5485 5486 5482
f 5484 5483 5487 5488
f 5482 5486 5487 5483
f 5481 5484 5488 5485
usemtl faro
f 5496 5495 5494 5493
f 5489 5490 5491 5492
f 5489 5493 5494 5490
f 5492 5491 5495 5496
f 5490 5494 5495 5491
f 5489 5492 5496 5493
usemtl metal
f 5505 5506 5498 5497
f 5506 5507 5499 5498
f 5507 5508 5500 5499
f 5508 5509 5501 5500
f 5509 5510 5502 5501
f 5510 5511 5503 5502
f 5511 5512 5504 5503
f 5512 5505 5497 5504
f 5507 5506 5505
f 5508 5507 5505
f 5509 5508 5505
f 5510 5509 5505
f 5511 5510 5505
f 5512 5511 5505
f 5498 5499 5497
f 5499 5500 5497
f 5500 5501 5497
f 5501 5502 5497
f 5502 5503 5497
f 5503 5504 5497
f 5520 5519 5518 5517
f 5513 5514 5515 5516
f 5513 5517 5518 5514
f 5516 5515 5519 5520
f 5514 5518 5519 5515
f 5513 5516 5520 5517
usemtl faro
f 5528 5527 5526 5525
f 5521 5522 5523 5524
f 5521 5525 5526 5522
f 5524 5523 5527 5528
f 5522 5526 5527 5523
f 5521 5524 5528 5525
usemtl metal
f 5536 5535 5534 5533
f 5529 5530 5531 5532
f 5529 5533 5534 5530
f 5532 5531 5535 5536
f 5530 5534 5535 5531
f 5529 5532 5536 5533
usemtl faro
f 5544 5543 5542 5541
f 5537 5538 5539 5540
f 5537 5541 5542 5538
f 5540 5539 5543 5544
f 5538 5542 5543 5539
f 5537 5540 5544 5541
o Vehiculos
usemtl blanco
f 5546 5554 5553 5545
f 5547 5555 5554 5546
f 5548 5556 5555 5547
f 5549 5557 5556 5548
f 5550 5558 5557 5549
f 5551 5559 5558 5550
f 5552 5560 5559 5551
f 5545 5553 5560 5552
f 5547 5546 5545
f 5548 5547 5545
f 5549 5548 5545
f 5550 5549 5545
f 5551 5550 5545
f 5552 5551 5545
f 5554 5555 5553
f 5555 5556 5553
f 5556 5557 5553
f 5557 5558 5553
f 5558 5559 5553
f 5559 5560 5553
usemtl vidrio
f 5562 5566 5565 5561
f 5563 5567 5566 5562
f 5564 5568 5567 5563
f 5561 5565 5568 5564
f 5563 5562 5561
f 5564 5563 5561
f 5566 5567 5565
f 5567 5568 5565
usemtl llanta
f 5570 5580 5579 5569
f 5571 5581 5580 5570
f 5572 5582 5581 5571
f 5573 5583 5582 5572
f 5574 5584 5583 5573
f 5575 5585 5584 5574
f 5576 5586 5585 5575
f 5577 5587 5586 5576
f 5578 5588 5587 5577
f 5569 5579 5588 5578
f 5571 5570 5569
f 5572 5571 5569
f 5573 5572 5569
f 5574 5573 5569
f 5575 5574 5569
f 5576 5575 5569
f 5577 5576 5569
f 5578 5577 5569
f 5580 5581 5579
f 5581 5582 5579
f 5582 5583 5579
f 5583 5584 5579
f 5584 5585 5579
f 5585 5586 5579
f 5586 5587 5579
f 5587 5588 5579
f 5590 5600 5599 5589
f 5591 5601 5600 5590
f 5592 5602 5601 5591
f 5593 5603 5602 5592
f 5594 5604 5603 5593
f 5595 5605 5604 5594
f 5596 5606 5605 5595
f 5597 5607 5606 5596
f 5598 5608 5607 5597
f 5589 5599 5608 5598
f 5591 5590 5589
f 5592 5591 5589
f 5593 5592 5589
f 5594 5593 5589
f 5595 5594 5589
f 5596 5595 5589
f 5597 5596 5589
f 5598 5597 5589
f 5600 5601 5599
f 5601 5602 5599
f 5602 5603 5599
f 5603 5604 5599
f 5604 5605 5599
f 5605 5606 5599
f 5606 5607 5599
f 5607 5608 5599
f 5610 5620 5619 5609
f 5611 5621 5620 5610
f 5612 5622 5621 5611
f 5613 5623 5622 5612
f 5614 5624 5623 5613
f 5615 5625 5624 5614
f 5616 5626 5625 5615
f 5617 5627 5626 5616
f 5618 5628 5627 5617
f 5609 5619 5628 5618
f 5611 5610 5609
f 5612 5611 5609
f 5613 5612 5609
f 5614 5613 5609
f 5615 5614 5609
f 5616 5615 5609
f 5617 5616 5609
f 5618 5617 5609
f 5620 5621 5619
f 5621 5622 5619
f 5622 5623 5619
f 5623 5624 5619
f 5624 5625 5619
f 5625 5626 5619
f 5626 5627 5619
f 5627 5628 5619
f 5630 5640 5639 5629
f 5631 5641 5640 5630
f 5632 5642 5641 5631
f 5633 5643 5642 5632
f 5634 5644 5643 5633
f 5635 5645 5644 5634
f 5636 5646 5645 5635
f 5637 5647 5646 5636
f 5638 5648 5647 5637
f 5629 5639 5648 5638
f 5631 5630 5629
f 5632 5631 5629
f 5633 5632 5629
f 5634 5633 5629
f 5635 5634 5629
f 5636 5635 5629
f 5637 5636 5629
f 5638 5637 5629
f 5640 5641 5639
f 5641 5642 5639
f 5642 5643 5639
f 5643 5644 5639
f 5644 5645 5639
f 5645 5646 5639
f 5646 5647 5639
f 5647 5648 5639
usemtl rojo
f 5650 5658 5657 5649
f 5651 5659 5658 5650
f 5652 5660 5659 5651
f 5653 5661 5660 5652
f 5654 5662 5661 5653
f 5655 5663 5662 5654
f 5656 5664 5663 5655
f 5649 5657 5664 5656
f 5651 5650 5649
f 5652 5651 5649
f 5653 5652 5649
f 5654 5653 5649
f 5655 5654 5649
f 5656 5655 5649
f 5658 5659 5657
f 5659 5660 5657
f 5660 5661 5657
f 5661 5662 5657
f 5662 5663 5657
f 5663 5664 5657
usemtl vidrio
f 5666 5670 5669 5665
f 5667 5671 5670 5666
f 5668 5672 5671 5667
f 5665 5669 5672 5668
f 5667 5666 5665
f 5668 5667 5665
f 5670 5671 5669
f 5671 5672 5669
usemtl llanta
f 5674 5684 5683 5673
f 5675 5685 5684 5674
f 5676 5686 5685 5675
f 5677 5687 5686 5676
f 5678 5688 5687 5677
f 5679 5689 5688 5678
f 5680 5690 5689 5679
f 5681 5691 5690 5680
f 5682 5692 5691 5681
f 5673 5683 5692 5682
f 5675 5674 5673
f 5676 5675 5673
f 5677 5676 5673
f 5678 5677 5673
f 5679 5678 5673
f 5680 5679 5673
f 5681 5680 5673
f 5682 5681 5673
f 5684 5685 5683
f 5685 5686 5683
f 5686 5687 5683
f 5687 5688 5683
f 5688 5689 5683
f 5689 5690 5683
f 5690 5691 5683
f 5691 5692 5683
f 5694 5704 5703 5693
f 5695 5705 5704 5694
f 5696 5706 5705 5695
f 5697 5707 5706 5696
f 5698 5708 5707 5697
f 5699 5709 5708 5698
f 5700 5710 5709 5699
f 5701 5711 5710 5700
f 5702 5712 5711 5701
f 5693 5703 5712 5702
f 5695 5694 5693
f 5696 5695 5693
f 5697 5696 5693
f 5698 5697 5693
f 5699 5698 5693
f 5700 5699 5693
f 5701 5700 5693
f 5702 5701 5693
f 5704 5705 5703
f 5705 5706 5703
f 5706 5707 5703
f 5707 5708 5703
f 5708 5709 5703
f 5709 5710 5703
f 5710 5711 5703
f 5711 5712 5703
f 5714 5724 5723 5713
f 5715 5725 5724 5714
f 5716 5726 5725 5715
f 5717 5727 5726 5716
f 5718 5728 5727 5717
f 5719 5729 5728 5718
f 5720 5730 5729 5719
f 5721 5731 5730 5720
f 5722 5732 5731 5721
f 5713 5723 5732 5722
f 5715 5714 5713
f 5716 5715 5713
f 5717 5716 5713
f 5718 5717 5713
f 5719 5718 5713
f 5720 5719 5713
f 5721 5720 5713
f 5722 5721 5713
f 5724 5725 5723
f 5725 5726 5723
f 5726 5727 5723
f 5727 5728 5723
f 5728 5729 5723
f 5729 5730 5723
f 5730 5731 5723
f 5731 5732 5723
f 5734 5744 5743 5733
f 5735 5745 5744 5734
f 5736 5746 5745 5735
f 5737 5747 5746 5736
f 5738 5748 5747 5737
f 5739 5749 5748 5738
f 5740 5750 5749 5739
f 5741 5751 5750 5740
f 5742 5752 5751 5741
f 5733 5743 5752 5742
f 5735 5734 5733
f 5736 5735 5733
f 5737 5736 5733
f 5738 5737 5733
f 5739 5738 5733
f 5740 5739 5733
f 5741 5740 5733
f 5742 5741 5733
f 5744 5745 5743
f 5745 5746 5743
f 5746 5747 5743
f 5747 5748 5743
f 5748 5749 5743
f 5749 5750 5743
f 5750 5751 5743
f 5751 5752 5743
usemtl gris
f 5754 5762 5761 5753
f 5755 5763 5762 5754
f 5756 5764 5763 5755
f 5757 5765 5764 5756
f 5758 5766 5765 5757
f 5759 5767 5766 5758
f 5760 5768 5767 5759
f 5753 5761 5768 5760
f 5755 5754 5753
f 5756 5755 5753
f 5757 5756 5753
f 5758 5757 5753
f 5759 5758 5753
f 5760 5759 5753
f 5762 5763 5761
f 5763 5764 5761
f 5764 5765 5761
f 5765 5766 5761
f 5766 5767 5761
f 5767 5768 5761
usemtl vidrio
f 5770 5774 5773 5769
f 5771 5775 5774 5770
f 5772 5776 5775 5771
f 5769 5773 5776 5772
f 5771 5770 5769
f 5772 5771 5769
f 5774 5775 5773
f 5775 5776 5773
usemtl llanta
f 5778 5788 5787 5777
f 5779 5789 5788 5778
f 5780 5790 5789 5779
f 5781 5791 5790 5780
f 5782 5792 5791 5781
f 5783 5793 5792 5782
f 5784 5794 5793 5783
f 5785 5795 5794 5784
f 5786 5796 5795 5785
f 5777 5787 5796 5786
f 5779 5778 5777
f 5780 5779 5777
f 5781 5780 5777
f 5782 5781 5777
f 5783 5782 5777
f 5784 5783 5777
f 5785 5784 5777
f 5786 5785 5777
f 5788 5789 5787
f 5789 5790 5787
f 5790 5791 5787
f 5791 5792 5787
f 5792 5793 5787
f 5793 5794 5787
f 5794 5795 5787
f 5795 5796 5787
f 5798 5808 5807 5797
f 5799 5809 5808 5798
f 5800 5810 5809 5799
f 5801 5811 5810 5800
f 5802 5812 5811 5801
f 5803 5813 5812 5802
f 5804 5814 5813 5803
f 5805 5815 5814 5804
f 5806 5816 5815 5805
f 5797 5807 5816 5806
f 5799 5798 5797
f 5800 5799 5797
f 5801 5800 5797
f 5802 5801 5797
f 5803 5802 5797
f 5804 5803 5797
f 5805 5804 5797
f 5806 5805 5797
f 5808 5809 5807
f 5809 5810 5807
f 5810 5811 5807
f 5811 5812 5807
f 5812 5813 5807
f 5813 5814 5807
f 5814 5815 5807
f 5815 5816 5807
f 5818 5828 5827 5817
f 5819 5829 5828 5818
f 5820 5830 5829 5819
f 5821 5831 5830 5820
f 5822 5832 5831 5821
f 5823 5833 5832 5822
f 5824 5834 5833 5823
f 5825 5835 5834 5824
f 5826 5836 5835 5825
f 5817 5827 5836 5826
f 5819 5818 5817
f 5820 5819 5817
f 5821 5820 5817
f 5822 5821 5817
f 5823 5822 5817
f 5824 5823 5817
f 5825 5824 5817
f 5826 5825 5817
f 5828 5829 5827
f 5829 5830 5827
f 5830 5831 5827
f 5831 5832 5827
f 5832 5833 5827
f 5833 5834 5827
f 5834 5835 5827
f 5835 5836 5827
f 5838 5848 5847 5837
f 5839 5849 5848 5838
f 5840 5850 5849 5839
f 5841 5851 5850 5840
f 5842 5852 5851 5841
f 5843 5853 5852 5842
f 5844 5854 5853 5843
f 5845 5855 5854 5844
f 5846 5856 5855 5845
f 5837 5847 5856 5846
f 5839 5838 5837
f 5840 5839 5837
f 5841 5840 5837
f 5842 5841 5837
f 5843 5842 5837
f 5844 5843 5837
f 5845 5844 5837
f 5846 5845 5837
f 5848 5849 5847
f 5849 5850 5847
f 5850 5851 5847
f 5851 5852 5847
f 5852 5853 5847
f 5853 5854 5847
f 5854 5855 5847
f 5855 5856 5847
usemtl azul
f 5858 5866 5865 5857
f 5859 5867 5866 5858
f 5860 5868 5867 5859
f 5861 5869 5868 5860
f 5862 5870 5869 5861
f 5863 5871 5870 5862
f 5864 5872 5871 5863
f 5857 5865 5872 5864
f 5859 5858 5857
f 5860 5859 5857
f 5861 5860 5857
f 5862 5861 5857
f 5863 5862 5857
f 5864 5863 5857
f 5866 5867 5865
f 5867 5868 5865
f 5868 5869 5865
f 5869 5870 5865
f 5870 5871 5865
f 5871 5872 5865
usemtl vidrio
f 5874 5878 5877 5873
f 5875 5879 5878 5874
f 5876 5880 5879 5875
f 5873 5877 5880 5876
f 5875 5874 5873
f 5876 5875 5873
f 5878 5879 5877
f 5879 5880 5877
usemtl llanta
f 5882 5892 5891 5881
f 5883 5893 5892 5882
f 5884 5894 5893 5883
f 5885 5895 5894 5884
f 5886 5896 5895 5885
f 5887 5897 5896 5886
f 5888 5898 5897 5887
f 5889 5899 5898 5888
f 5890 5900 5899 5889
f 5881 5891 5900 5890
f 5883 5882 5881
f 5884 5883 5881
f 5885 5884 5881
f 5886 5885 5881
f 5887 5886 5881
f 5888 5887 5881
f 5889 5888 5881
f 5890 5889 5881
f 5892 5893 5891
f 5893 5894 5891
f 5894 5895 5891
f 5895 5896 5891
f 5896 5897 5891
f 5897 5898 5891
f 5898 5899 5891
f 5899 5900 5891
f 5902 5912 5911 5901
f 5903 5913 5912 5902
f 5904 5914 5913 5903
f 5905 5915 5914 5904
f 5906 5916 5915 5905
f 5907 5917 5916 5906
f 5908 5918 5917 5907
f 5909 5919 5918 5908
f 5910 5920 5919 5909
f 5901 5911 5920 5910
f 5903 5902 5901
f 5904 5903 5901
f 5905 5904 5901
f 5906 5905 5901
f 5907 5906 5901
f 5908 5907 5901
f 5909 5908 5901
f 5910 5909 5901
f 5912 5913 5911
f 5913 5914 5911
f 5914 5915 5911
f 5915 5916 5911
f 5916 5917 5911
f 5917 5918 5911
f 5918 5919 5911
f 5919 5920 5911
f 5922 5932 5931 5921
f 5923 5933 5932 5922
f 5924 5934 5933 5923
f 5925 5935 5934 5924
f 5926 5936 5935 5925
f 5927 5937 5936 5926
f 5928 5938 5937 5927
f 5929 5939 5938 5928
f 5930 5940 5939 5929
f 5921 5931 5940 5930
f 5923 5922 5921
f 5924 5923 5921
f 5925 5924 5921
f 5926 5925 5921
f 5927 5926 5921
f 5928 5927 5921
f 5929 5928 5921
f 5930 5929 5921
f 5932 5933 5931
f 5933 5934 5931
f 5934 5935 5931
f 5935 5936 5931
f 5936 5937 5931
f 5937 5938 5931
f 5938 5939 5931
f 5939 5940 5931
f 5942 5952 5951 5941
f 5943 5953 5952 5942
f 5944 5954 5953 5943
f 5945 5955 5954 5944
f 5946 5956 5955 5945
f 5947 5957 5956 5946
f 5948 5958 5957 5947
f 5949 5959 5958 5948
f 5950 5960 5959 5949
f 5941 5951 5960 5950
f 5943 5942 5941
f 5944 5943 5941
f 5945 5944 5941
f 5946 5945 5941
f 5947 5946 5941
f 5948 5947 5941
f 5949 5948 5941
f 5950 5949 5941
f 5952 5953 5951
f 5953 5954 5951
f 5954 5955 5951
f 5955 5956 5951
f 5956 5957 5951
f 5957 5958 5951
f 5958 5959 5951
f 5959 5960 5951
usemtl amarillo
f 5962 5970 5969 5961
f 5963 5971 5970 5962
f 5964 5972 5971 5963
f 5965 5973 5972 5964
f 5966 5974 5973 5965
f 5967 5975 5974 5966
f 5968 5976 5975 5967
f 5961 5969 5976 5968
f 5963 5962 5961
f 5964 5963 5961
f 5965 5964 5961
f 5966 5965 5961
f 5967 5966 5961
f 5968 5967 5961
f 5970 5971 5969
f 5971 5972 5969
f 5972 5973 5969
f 5973 5974 5969
f 5974 5975 5969
f 5975 5976 5969
usemtl vidrio
f 5978 5982 5981 5977
f 5979 5983 5982 5978
f 5980 5984 5983 5979
f 5977 5981 5984 5980
f 5979 5978 5977
f 5980 5979 5977
f 5982 5983 5981
f 5983 5984 5981
usemtl llanta
f 5986 5996 5995 5985
f 5987 5997 5996 5986
f 5988 5998 5997 5987
f 5989 5999 5998 5988
f 5990 6000 5999 5989
f 5991 6001 6000 5990
f 5992 6002 6001 5991
f 5993 6003 6002 5992
f 5994 6004 6003 5993
f 5985 5995 6004 5994
f 5987 5986 5985
f 5988 5987 5985
f 5989 5988 5985
f 5990 5989 5985
f 5991 5990 5985
f 5992 5991 5985
f 5993 5992 5985
f 5994 5993 5985
f 5996 5997 5995
f 5997 5998 5995
f 5998 5999 5995
f 5999 6000 5995
f 6000 6001 5995
f 6001 6002 5995
f 6002 6003 5995
f 6003 6004 5995
f 6006 6016 6015 6005
f 6007 6017 6016 6006
f 6008 6018 6017 6007
f 6009 6019 6018 6008
f 6010 6020 6019 6009
f 6011 6021 6020 6010
f 6012 6022 6021 6011
f 6013 6023 6022 6012
f 6014 6024 6023 6013
f 6005 6015 6024 6014
f 6007 6006 6005
f 6008 6007 6005
f 6009 6008 6005
f 6010 6009 6005
f 6011 6010 6005
f 6012 6011 6005
f 6013 6012 6005
f 6014 6013 6005
f 6016 6017 6015
f 6017 6018 6015
f 6018 6019 6015
f 6019 6020 6015
f 6020 6021 6015
f 6021 6022 6015
f 6022 6023 6015
f 6023 6024 6015
f 6026 6036 6035 6025
f 6027 6037 6036 6026
f 6028 6038 6037 6027
f 6029 6039 6038 6028
f 6030 6040 6039 6029
f 6031 6041 6040 6030
f 6032 6042 6041 6031
f 6033 6043 6042 6032
f 6034 6044 6043 6033
f 6025 6035 6044 6034
f 6027 6026 6025
f 6028 6027 6025
f 6029 6028 6025
f 6030 6029 6025
f 6031 6030 6025
f 6032 6031 6025
f 6033 6032 6025
f 6034 6033 6025
f 6036 6037 6035
f 6037 6038 6035
f 6038 6039 6035
f 6039 6040 6035
f 6040 6041 6035
f 6041 6042 6035
f 6042 6043 6035
f 6043 6044 6035
f 6046 6056 6055 6045
f 6047 6057 6056 6046
f 6048 6058 6057 6047
f 6049 6059 6058 6048
f 6050 6060 6059 6049
f 6051 6061 6060 6050
f 6052 6062 6061 6051
f 6053 6063 6062 6052
f 6054 6064 6063 6053
f 6045 6055 6064 6054
f 6047 6046 6045
f 6048 6047 6045
f 6049 6048 6045
f 6050 6049 6045
f 6051 6050 6045
f 6052 6051 6045
f 6053 6052 6045
f 6054 6053 6045
f 6056 6057 6055
f 6057 6058 6055
f 6058 6059 6055
f 6059 6060 6055
f 6060 6061 6055
f 6061 6062 6055
f 6062 6063 6055
f 6063 6064 6055
usemtl blanco
f 6066 6074 6073 6065
f 6067 6075 6074 6066
f 6068 6076 6075 6067
f 6069 6077 6076 6068
f 6070 6078 6077 6069
f 6071 6079 6078 6070
f 6072 6080 6079 6071
f 6065 6073 6080 6072
f 6067 6066 6065
f 6068 6067 6065
f 6069 6068 6065
f 6070 6069 6065
f 6071 6070 6065
f 6072 6071 6065
f 6074 6075 6073
f 6075 6076 6073
f 6076 6077 6073
f 6077 6078 6073
f 6078 6079 6073
f 6079 6080 6073
usemtl vidrio
f 6082 6086 6085 6081
f 6083 6087 6086 6082
f 6084 6088 6087 6083
f 6081 6085 6088 6084
f 6083 6082 6081
f 6084 6083 6081
f 6086 6087 6085
f 6087 6088 6085
usemtl llanta
f 6090 6100 6099 6089
f 6091 6101 6100 6090
f 6092 6102 6101 6091
f 6093 6103 6102 6092
f 6094 6104 6103 6093
f 6095 6105 6104 6094
f 6096 6106 6105 6095
f 6097 6107 6106 6096
f 6098 6108 6107 6097
f 6089 6099 6108 6098
f 6091 6090 6089
f 6092 6091 6089
f 6093 6092 6089
f 6094 6093 6089
f 6095 6094 6089
f 6096 6095 6089
f 6097 6096 6089
f 6098 6097 6089
f 6100 6101 6099
f 6101 6102 6099
f 6102 6103 6099
f 6103 6104 6099
f 6104 6105 6099
f 6105 6106 6099
f 6106 6107 6099
f 6107 6108 6099
f 6110 6120 6119 6109
f 6111 6121 6120 6110
f 6112 6122 6121 6111
f 6113 6123 6122 6112
f 6114 6124 6123 6113
f 6115 6125 6124 6114
f 6116 6126 6125 6115
f 6117 6127 6126 6116
f 6118 6128 6127 6117
f 6109 6119 6128 6118
f 6111 6110 6109
f 6112 6111 6109
f 6113 6112 6109
f 6114 6113 6109
f 6115 6114 6109
f 6116 6115 6109
f 6117 6116 6109
f 6118 6117 6109
f 6120 6121 6119
f 6121 6122 6119
f 6122 6123 6119
f 6123 6124 6119
f 6124 6125 6119
f 6125 6126 6119
f 6126 6127 6119
f 6127 6128 6119
f 6130 6140 6139 6129
f 6131 6141 6140 6130
f 6132 6142 6141 6131
f 6133 6143 6142 6132
f 6134 6144 6143 6133
f 6135 6145 6144 6134
f 6136 6146 6145 6135
f 6137 6147 6146 6136
f 6138 6148 6147 6137
f 6129 6139 6148 6138
f 6131 6130 6129
f 6132 6131 6129
f 6133 6132 6129
f 6134 6133 6129
f 6135 6134 6129
f 6136 6135 6129
f 6137 6136 6129
f 6138 6137 6129
f 6140 6141 6139
f 6141 6142 6139
f 6142 6143 6139
f 6143 6144 6139
f 6144 6145 6139
f 6145 6146 6139
f 6146 6147 6139
f 6147 6148 6139
f 6150 6160 6159 6149
f 6151 6161 6160 6150
f 6152 6162 6161 6151
f 6153 6163 6162 6152
f 6154 6164 6163 6153
f 6155 6165 6164 6154
f 6156 6166 6165 6155
f 6157 6167 6166 6156
f 6158 6168 6167 6157
f 6149 6159 6168 6158
f 6151 6150 6149
f 6152 6151 6149
f 6153 6152 6149
f 6154 6153 6149
f 6155 6154 6149
f 6156 6155 6149
f 6157 6156 6149
f 6158 6157 6149
f 6160 6161 6159
f 6161 6162 6159
f 6162 6163 6159
f 6163 6164 6159
f 6164 6165 6159
f 6165 6166 6159
f 6166 6167 6159
f 6167 6168 6159
usemtl gris
f 6170 6178 6177 6169
f 6171 6179 6178 6170
f 6172 6180 6179 6171
f 6173 6181 6180 6172
f 6174 6182 6181 6173
f 6175 6183 6182 6174
f 6176 6184 6183 6175
f 6169 6177 6184 6176
f 6171 6170 6169
f 6172 6171 6169
f 6173 6172 6169
f 6174 6173 6169
f 6175 6174 6169
f 6176 6175 6169
f 6178 6179 6177
f 6179 6180 6177
f 6180 6181 6177
f 6181 6182 6177
f 6182 6183 6177
f 6183 6184 6177
usemtl vidrio
f 6186 6190 6189 6185
f 6187 6191 6190 6186
f 6188 6192 6191 6187
f 6185 6189 6192 6188
f 6187 6186 6185
f 6188 6187 6185
f 6190 6191 6189
f 6191 6192 6189
usemtl llanta
f 6194 6204 6203 6193
f 6195 6205 6204 6194
f 6196 6206 6205 6195
f 6197 6207 6206 6196
f 6198 6208 6207 6197
f 6199 6209 6208 6198
f 6200 6210 6209 6199
f 6201 6211 6210 6200
f 6202 6212 6211 6201
f 6193 6203 6212 6202
f 6195 6194 6193
f 6196 6195 6193
f 6197 6196 6193
f 6198 6197 6193
f 6199 6198 6193
f 6200 6199 6193
f 6201 6200 6193
f 6202 6201 6193
f 6204 6205 6203
f 6205 6206 6203
f 6206 6207 6203
f 6207 6208 6203
f 6208 6209 6203
f 6209 6210 6203
f 6210 6211 6203
f 6211 6212 6203
f 6214 6224 6223 6213
f 6215 6225 6224 6214
f 6216 6226 6225 6215
f 6217 6227 6226 6216
f 6218 6228 6227 6217
f 6219 6229 6228 6218
f 6220 6230 6229 6219
f 6221 6231 6230 6220
f 6222 6232 6231 6221
f 6213 6223 6232 6222
f 6215 6214 6213
f 6216 6215 6213
f 6217 6216 6213
f 6218 6217 6213
f 6219 6218 6213
f 6220 6219 6213
f 6221 6220 6213
f 6222 6221 6213
f 6224 6225 6223
f 6225 6226 6223
f 6226 6227 6223
f 6227 6228 6223
f 6228 6229 6223
f 6229 6230 6223
f 6230 6231 6223
f 6231 6232 6223
f 6234 6244 6243 6233
f 6235 6245 6244 6234
f 6236 6246 6245 6235
f 6237 6247 6246 6236
f 6238 6248 6247 6237
f 6239 6249 6248 6238
f 6240 6250 6249 6239
f 6241 6251 6250 6240
f 6242 6252 6251 6241
f 6233 6243 6252 6242
f 6235 6234 6233
f 6236 6235 6233
f 6237 6236 6233
f 6238 6237 6233
f 6239 6238 6233
f 6240 6239 6233
f 6241 6240 6233
f 6242 6241 6233
f 6244 6245 6243
f 6245 6246 6243
f 6246 6247 6243
f 6247 6248 6243
f 6248 6249 6243
f 6249 6250 6243
f 6250 6251 6243
f 6251 6252 6243
f 6254 6264 6263 6253
f 6255 6265 6264 6254
f 6256 6266 6265 6255
f 6257 6267 6266 6256
f 6258 6268 6267 6257
f 6259 6269 6268 6258
f 6260 6270 6269 6259
f 6261 6271 6270 6260
f 6262 6272 6271 6261
f 6253 6263 6272 6262
f 6255 6254 6253
f 6256 6255 6253
f 6257 6256 6253
f 6258 6257 6253
f 6259 6258 6253
f 6260 6259 6253
f 6261 6260 6253
f 6262 6261 6253
f 6264 6265 6263
f 6265 6266 6263
f 6266 6267 6263
f 6267 6268 6263
f 6268 6269 6263
f 6269 6270 6263
f 6270 6271 6263
f 6271 6272 6263
usemtl blanco
f 6274 6282 6281 6273
f 6275 6283 6282 6274
f 6276 6284 6283 6275
f 6277 6285 6284 6276
f 6278 6286 6285 6277
f 6279 6287 6286 6278
f 6280 6288 6287 6279
f 6273 6281 6288 6280
f 6275 6274 6273
f 6276 6275 6273
f 6277 6276 6273
f 6278 6277 6273
f 6279 6278 6273
f 6280 6279 6273
f 6282 6283 6281
f 6283 6284 6281
f 6284 6285 6281
f 6285 6286 6281
f 6286 6287 6281
f 6287 6288 6281
usemtl vidrio
f 6290 6294 6293 6289
f 6291 6295 6294 6290
f 6292 6296 6295 6291
f 6289 6293 6296 6292
f 6291 6290 6289
f 6292 6291 6289
f 6294 6295 6293
f 6295 6296 6293
usemtl llanta
f 6298 6308 6307 6297
f 6299 6309 6308 6298
f 6300 6310 6309 6299
f 6301 6311 6310 6300
f 6302 6312 6311 6301
f 6303 6313 6312 6302
f 6304 6314 6313 6303
f 6305 6315 6314 6304
f 6306 6316 6315 6305
f 6297 6307 6316 6306
f 6299 6298 6297
f 6300 6299 6297
f 6301 6300 6297
f 6302 6301 6297
f 6303 6302 6297
f 6304 6303 6297
f 6305 6304 6297
f 6306 6305 6297
f 6308 6309 6307
f 6309 6310 6307
f 6310 6311 6307
f 6311 6312 6307
f 6312 6313 6307
f 6313 6314 6307
f 6314 6315 6307
f 6315 6316 6307
f 6318 6328 6327 6317
f 6319 6329 6328 6318
f 6320 6330 6329 6319
f 6321 6331 6330 6320
f 6322 6332 6331 6321
f 6323 6333 6332 6322
f 6324 6334 6333 6323
f 6325 6335 6334 6324
f 6326 6336 6335 6325
f 6317 6327 6336 6326
f 6319 6318 6317
f 6320 6319 6317
f 6321 6320 6317
f 6322 6321 6317
f 6323 6322 6317
f 6324 6323 6317
f 6325 6324 6317
f 6326 6325 6317
f 6328 6329 6327
f 6329 6330 6327
f 6330 6331 6327
f 6331 6332 6327
f 6332 6333 6327
f 6333 6334 6327
f 6334 6335 6327
f 6335 6336 6327
f 6338 6348 6347 6337
f 6339 6349 6348 6338
f 6340 6350 6349 6339
f 6341 6351 6350 6340
f 6342 6352 6351 6341
f 6343 6353 6352 6342
f 6344 6354 6353 6343
f 6345 6355 6354 6344
f 6346 6356 6355 6345
f 6337 6347 6356 6346
f 6339 6338 6337
f 6340 6339 6337
f 6341 6340 6337
f 6342 6341 6337
f 6343 6342 6337
f 6344 6343 6337
f 6345 6344 6337
f 6346 6345 6337
f 6348 6349 6347
f 6349 6350 6347
f 6350 6351 6347
f 6351 6352 6347
f 6352 6353 6347
f 6353 6354 6347
f 6354 6355 6347
f 6355 6356 6347
f 6358 6368 6367 6357
f 6359 6369 6368 6358
f 6360 6370 6369 6359
f 6361 6371 6370 6360
f 6362 6372 6371 6361
f 6363 6373 6372 6362
f 6364 6374 6373 6363
f 6365 6375 6374 6364
f 6366 6376 6375 6365
f 6357 6367 6376 6366
f 6359 6358 6357
f 6360 6359 6357
f 6361 6360 6357
f 6362 6361 6357
f 6363 6362 6357
f 6364 6363 6357
f 6365 6364 6357
f 6366 6365 6357
f 6368 6369 6367
f 6369 6370 6367
f 6370 6371 6367
f 6371 6372 6367
f 6372 6373 6367
f 6373 6374 6367
f 6374 6375 6367
f 6375 6376 6367
usemtl rojo
f 6378 6386 6385 6377
f 6379 6387 6386 6378
f 6380 6388 6387 6379
f 6381 6389 6388 6380
f 6382 6390 6389 6381
f 6383 6391 6390 6382
f 6384 6392 6391 6383
f 6377 6385 6392 6384
f 6379 6378 6377
f 6380 6379 6377
f 6381 6380 6377
f 6382 6381 6377
f 6383 6382 6377
f 6384 6383 6377
f 6386 6387 6385
f 6387 6388 6385
f 6388 6389 6385
f 6389 6390 6385
f 6390 6391 6385
f 6391 6392 6385
usemtl vidrio
f 6394 6398 6397 6393
f 6395 6399 6398 6394
f 6396 6400 6399 6395
f 6393 6397 6400 6396
f 6395 6394 6393
f 6396 6395 6393
f 6398 6399 6397
f 6399 6400 6397
usemtl llanta
f 6402 6412 6411 6401
f 6403 6413 6412 6402
f 6404 6414 6413 6403
f 6405 6415 6414 6404
f 6406 6416 6415 6405
f 6407 6417 6416 6406
f 6408 6418 6417 6407
f 6409 6419 6418 6408
f 6410 6420 6419 6409
f 6401 6411 6420 6410
f 6403 6402 6401
f 6404 6403 6401
f 6405 6404 6401
f 6406 6405 6401
f 6407 6406 6401
f 6408 6407 6401
f 6409 6408 6401
f 6410 6409 6401
f 6412 6413 6411
f 6413 6414 6411
f 6414 6415 6411
f 6415 6416 6411
f 6416 6417 6411
f 6417 6418 6411
f 6418 6419 6411
f 6419 6420 6411
f 6422 6432 6431 6421
f 6423 6433 6432 6422
f 6424 6434 6433 6423
f 6425 6435 6434 6424
f 6426 6436 6435 6425
f 6427 6437 6436 6426
f 6428 6438 6437 6427
f 6429 6439 6438 6428
f 6430 6440 6439 6429
f 6421 6431 6440 6430
f 6423 6422 6421
f 6424 6423 6421
f 6425 6424 6421
f 6426 6425 6421
f 6427 6426 6421
f 6428 6427 6421
f 6429 6428 6421
f 6430 6429 6421
f 6432 6433 6431
f 6433 6434 6431
f 6434 6435 6431
f 6435 6436 6431
f 6436 6437 6431
f 6437 6438 6431
f 6438 6439 6431
f 6439 6440 6431
f 6442 6452 6451 6441
f 6443 6453 6452 6442
f 6444 6454 6453 6443
f 6445 6455 6454 6444
f 6446 6456 6455 6445
f 6447 6457 6456 6446
f 6448 6458 6457 6447
f 6449 6459 6458 6448
f 6450 6460 6459 6449
f 6441 6451 6460 6450
f 6443 6442 6441
f 6444 6443 6441
f 6445 6444 6441
f 6446 6445 6441
f 6447 6446 6441
f 6448 6447 6441
f 6449 6448 6441
f 6450 6449 6441
f 6452 6453 6451
f 6453 6454 6451
f 6454 6455 6451
f 6455 6456 6451
f 6456 6457 6451
f 6457 6458 6451
f 6458 6459 6451
f 6459 6460 6451
f 6462 6472 6471 6461
f 6463 6473 6472 6462
f 6464 6474 6473 6463
f 6465 6475 6474 6464
f 6466 6476 6475 6465
f 6467 6477 6476 6466
f 6468 6478 6477 6467
f 6469 6479 6478 6468
f 6470 6480 6479 6469
f 6461 6471 6480 6470
f 6463 6462 6461
f 6464 6463 6461
f 6465 6464 6461
f 6466 6465 6461
f 6467 6466 6461
f 6468 6467 6461
f 6469 6468 6461
f 6470 6469 6461
f 6472 6473 6471
f 6473 6474 6471
f 6474 6475 6471
f 6475 6476 6471
f 6476 6477 6471
f 6477 6478 6471
f 6478 6479 6471
f 6479 6480 6471
usemtl azul
f 6482 6490 6489 6481
f 6483 6491 6490 6482
f 6484 6492 6491 6483
f 6485 6493 6492 6484
f 6486 6494 6493 6485
f 6487 6495 6494 6486
f 6488 6496 6495 6487
f 6481 6489 6496 6488
f 6483 6482 6481
f 6484 6483 6481
f 6485 6484 6481
f 6486 6485 6481
f 6487 6486 6481
f 6488 6487 6481
f 6490 6491 6489
f 6491 6492 6489
f 6492 6493 6489
f 6493 6494 6489
f 6494 6495 6489
f 6495 6496 6489
usemtl vidrio
f 6498 6502 6501 6497
f 6499 6503 6502 6498
f 6500 6504 6503 6499
f 6497 6501 6504 6500
f 6499 6498 6497
f 6500 6499 6497
f 6502 6503 6501
f 6503 6504 6501
usemtl llanta
f 6506 6516 6515 6505
f 6507 6517 6516 6506
f 6508 6518 6517 6507
f 6509 6519 6518 6508
f 6510 6520 6519 6509
f 6511 6521 6520 6510
f 6512 6522 6521 6511
f 6513 6523 6522 6512
f 6514 6524 6523 6513
f 6505 6515 6524 6514
f 6507 6506 6505
f 6508 6507 6505
f 6509 6508 6505
f 6510 6509 6505
f 6511 6510 6505
f 6512 6511 6505
f 6513 6512 6505
f 6514 6513 6505
f 6516 6517 6515
f 6517 6518 6515
f 6518 6519 6515
f 6519 6520 6515
f 6520 6521 6515
f 6521 6522 6515
f 6522 6523 6515
f 6523 6524 6515
f 6526 6536 6535 6525
f 6527 6537 6536 6526
f 6528 6538 6537 6527
f 6529 6539 6538 6528
f 6530 6540 6539 6529
f 6531 6541 6540 6530
f 6532 6542 6541 6531
f 6533 6543 6542 6532
f 6534 6544 6543 6533
f 6525 6535 6544 6534
f 6527 6526 6525
f 6528 6527 6525
f 6529 6528 6525
f 6530 6529 6525
f 6531 6530 6525
f 6532 6531 6525
f 6533 6532 6525
f 6534 6533 6525
f 6536 6537 6535
f 6537 6538 6535
f 6538 6539 6535
f 6539 6540 6535
f 6540 6541 6535
f 6541 6542 6535
f 6542 6543 6535
f 6543 6544 6535
f 6546 6556 6555 6545
f 6547 6557 6556 6546
f 6548 6558 6557 6547
f 6549 6559 6558 6548
f 6550 6560 6559 6549
f 6551 6561 6560 6550
f 6552 6562 6561 6551
f 6553 6563 6562 6552
f 6554 6564 6563 6553
f 6545 6555 6564 6554
f 6547 6546 6545
f 6548 6547 6545
f 6549 6548 6545
f 6550 6549 6545
f 6551 6550 6545
f 6552 6551 6545
f 6553 6552 6545
f 6554 6553 6545
f 6556 6557 6555
f 6557 6558 6555
f 6558 6559 6555
f 6559 6560 6555
f 6560 6561 6555
f 6561 6562 6555
f 6562 6563 6555
f 6563 6564 6555
f 6566 6576 6575 6565
f 6567 6577 6576 6566
f 6568 6578 6577 6567
f 6569 6579 6578 6568
f 6570 6580 6579 6569
f 6571 6581 6580 6570
f 6572 6582 6581 6571
f 6573 6583 6582 6572
f 6574 6584 6583 6573
f 6565 6575 6584 6574
f 6567 6566 6565
f 6568 6567 6565
f 6569 6568 6565
f 6570 6569 6565
f 6571 6570 6565
f 6572 6571 6565
f 6573 6572 6565
f 6574 6573 6565
f 6576 6577 6575
f 6577 6578 6575
f 6578 6579 6575
f 6579 6580 6575
f 6580 6581 6575
f 6581 6582 6575
f 6582 6583 6575
f 6583 6584 6575
usemtl blanco
f 6586 6594 6593 6585
f 6587 6595 6594 6586
f 6588 6596 6595 6587
f 6589 6597 6596 6588
f 6590 6598 6597 6589
f 6591 6599 6598 6590
f 6592 6600 6599 6591
f 6585 6593 6600 6592
f 6587 6586 6585
f 6588 6587 6585
f 6589 6588 6585
f 6590 6589 6585
f 6591 6590 6585
f 6592 6591 6585
f 6594 6595 6593
f 6595 6596 6593
f 6596 6597 6593
f 6597 6598 6593
f 6598 6599 6593
f 6599 6600 6593
usemtl vidrio
f 6602 6606 6605 6601
f 6603 6607 6606 6602
f 6604 6608 6607 6603
f 6601 6605 6608 6604
f 6603 6602 6601
f 6604 6603 6601
f 6606 6607 6605
f 6607 6608 6605
usemtl llanta
f 6610 6620 6619 6609
f 6611 6621 6620 6610
f 6612 6622 6621 6611
f 6613 6623 6622 6612
f 6614 6624 6623 6613
f 6615 6625 6624 6614
f 6616 6626 6625 6615
f 6617 6627 6626 6616
f 6618 6628 6627 6617
f 6609 6619 6628 6618
f 6611 6610 6609
f 6612 6611 6609
f 6613 6612 6609
f 6614 6613 6609
f 6615 6614 6609
f 6616 6615 6609
f 6617 6616 6609
f 6618 6617 6609
f 6620 6621 6619
f 6621 6622 6619
f 6622 6623 6619
f 6623 6624 6619
f 6624 6625 6619
f 6625 6626 6619
f 6626 6627 6619
f 6627 6628 6619
f 6630 6640 6639 6629
f 6631 6641 6640 6630
f 6632 6642 6641 6631
f 6633 6643 6642 6632
f 6634 6644 6643 6633
f 6635 6645 6644 6634
f 6636 6646 6645 6635
f 6637 6647 6646 6636
f 6638 6648 6647 6637
f 6629 6639 6648 6638
f 6631 6630 6629
f 6632 6631 6629
f 6633 6632 6629
f 6634 6633 6629
f 6635 6634 6629
f 6636 6635 6629
f 6637 6636 6629
f 6638 6637 6629
f 6640 6641 6639
f 6641 6642 6639
f 6642 6643 6639
f 6643 6644 6639
f 6644 6645 6639
f 6645 6646 6639
f 6646 6647 6639
f 6647 6648 6639
f 6650 6660 6659 6649
f 6651 6661 6660 6650
f 6652 6662 6661 6651
f 6653 6663 6662 6652
f 6654 6664 6663 6653
f 6655 6665 6664 6654
f 6656 6666 6665 6655
f 6657 6667 6666 6656
f 6658 6668 6667 6657
f 6649 6659 6668 6658
f 6651 6650 6649
f 6652 6651 6649
f 6653 6652 6649
f 6654 6653 6649
f 6655 6654 6649
f 6656 6655 6649
f 6657 6656 6649
f 6658 6657 6649
f 6660 6661 6659
f 6661 6662 6659
f 6662 6663 6659
f 6663 6664 6659
f 6664 6665 6659
f 6665 6666 6659
f 6666 6667 6659
f 6667 6668 6659
f 6670 6680 6679 6669
f 6671 6681 6680 6670
f 6672 6682 6681 6671
f 6673 6683 6682 6672
f 6674 6684 6683 6673
f 6675 6685 6684 6674
f 6676 6686 6685 6675
f 6677 6687 6686 6676
f 6678 6688 6687 6677
f 6669 6679 6688 6678
f 6671 6670 6669
f 6672 6671 6669
f 6673 6672 6669
f 6674 6673 6669
f 6675 6674 6669
f 6676 6675 6669
f 6677 6676 6669
f 6678 6677 6669
f 6680 6681 6679
f 6681 6682 6679
f 6682 6683 6679
f 6683 6684 6679
f 6684 6685 6679
f 6685 6686 6679
f 6686 6687 6679
f 6687 6688 6679
usemtl rojo
f 6690 6698 6697 6689
f 6691 6699 6698 6690
f 6692 6700 6699 6691
f 6693 6701 6700 6692
f 6694 6702 6701 6693
f 6695 6703 6702 6694
f 6696 6704 6703 6695
f 6689 6697 6704 6696
f 6691 6690 6689
f 6692 6691 6689
f 6693 6692 6689
f 6694 6693 6689
f 6695 6694 6689
f 6696 6695 6689
f 6698 6699 6697
f 6699 6700 6697
f 6700 6701 6697
f 6701 6702 6697
f 6702 6703 6697
f 6703 6704 6697
usemtl vidrio
f 6706 6710 6709 6705
f 6707 6711 6710 6706
f 6708 6712 6711 6707
f 6705 6709 6712 6708
f 6707 6706 6705
f 6708 6707 6705
f 6710 6711 6709
f 6711 6712 6709
usemtl llanta
f 6714 6724 6723 6713
f 6715 6725 6724 6714
f 6716 6726 6725 6715
f 6717 6727 6726 6716
f 6718 6728 6727 6717
f 6719 6729 6728 6718
f 6720 6730 6729 6719
f 6721 6731 6730 6720
f 6722 6732 6731 6721
f 6713 6723 6732 6722
f 6715 6714 6713
f 6716 6715 6713
f 6717 6716 6713
f 6718 6717 6713
f 6719 6718 6713
f 6720 6719 6713
f 6721 6720 6713
f 6722 6721 6713
f 6724 6725 6723
f 6725 6726 6723
f 6726 6727 6723
f 6727 6728 6723
f 6728 6729 6723
f 6729 6730 6723
f 6730 6731 6723
f 6731 6732 6723
f 6734 6744 6743 6733
f 6735 6745 6744 6734
f 6736 6746 6745 6735
f 6737 6747 6746 6736
f 6738 6748 6747 6737
f 6739 6749 6748 6738
f 6740 6750 6749 6739
f 6741 6751 6750 6740
f 6742 6752 6751 6741
f 6733 6743 6752 6742
f 6735 6734 6733
f 6736 6735 6733
f 6737 6736 6733
f 6738 6737 6733
f 6739 6738 6733
f 6740 6739 6733
f 6741 6740 6733
f 6742 6741 6733
f 6744 6745 6743
f 6745 6746 6743
f 6746 6747 6743
f 6747 6748 6743
f 6748 6749 6743
f 6749 6750 6743
f 6750 6751 6743
f 6751 6752 6743
f 6754 6764 6763 6753
f 6755 6765 6764 6754
f 6756 6766 6765 6755
f 6757 6767 6766 6756
f 6758 6768 6767 6757
f 6759 6769 6768 6758
f 6760 6770 6769 6759
f 6761 6771 6770 6760
f 6762 6772 6771 6761
f 6753 6763 6772 6762
f 6755 6754 6753
f 6756 6755 6753
f 6757 6756 6753
f 6758 6757 6753
f 6759 6758 6753
f 6760 6759 6753
f 6761 6760 6753
f 6762 6761 6753
f 6764 6765 6763
f 6765 6766 6763
f 6766 6767 6763
f 6767 6768 6763
f 6768 6769 6763
f 6769 6770 6763
f 6770 6771 6763
f 6771 6772 6763
f 6774 6784 6783 6773
f 6775 6785 6784 6774
f 6776 6786 6785 6775
f 6777 6787 6786 6776
f 6778 6788 6787 6777
f 6779 6789 6788 6778
f 6780 6790 6789 6779
f 6781 6791 6790 6780
f 6782 6792 6791 6781
f 6773 6783 6792 6782
f 6775 6774 6773
f 6776 6775 6773
f 6777 6776 6773
f 6778 6777 6773
f 6779 6778 6773
f 6780 6779 6773
f 6781 6780 6773
f 6782 6781 6773
f 6784 6785 6783
f 6785 6786 6783
f 6786 6787 6783
f 6787 6788 6783
f 6788 6789 6783
f 6789 6790 6783
f 6790 6791 6783
f 6791 6792 6783
usemtl blanco
f 6794 6802 6801 6793
f 6795 6803 6802 6794
f 6796 6804 6803 6795
f 6797 6805 6804 6796
f 6798 6806 6805 6797
f 6799 6807 6806 6798
f 6800 6808 6807 6799
f 6793 6801 6808 6800
f 6795 6794 6793
f 6796 6795 6793
f 6797 6796 6793
f 6798 6797 6793
f 6799 6798 6793
f 6800 6799 6793
f 6802 6803 6801
f 6803 6804 6801
f 6804 6805 6801
f 6805 6806 6801
f 6806 6807 6801
f 6807 6808 6801
usemtl vidrio
f 6810 6814 6813 6809
f 6811 6815 6814 6810
f 6812 6816 6815 6811
f 6809 6813 6816 6812
f 6811 6810 6809
f 6812 6811 6809
f 6814 6815 6813
f 6815 6816 6813
usemtl llanta
f 6818 6828 6827 6817
f 6819 6829 6828 6818
f 6820 6830 6829 6819
f 6821 6831 6830 6820
f 6822 6832 6831 6821
f 6823 6833 6832 6822
f 6824 6834 6833 6823
f 6825 6835 6834 6824
f 6826 6836 6835 6825
f 6817 6827 6836 6826
f 6819 6818 6817
f 6820 6819 6817
f 6821 6820 6817
f 6822 6821 6817
f 6823 6822 6817
f 6824 6823 6817
f 6825 6824 6817
f 6826 6825 6817
f 6828 6829 6827
f 6829 6830 6827
f 6830 6831 6827
f 6831 6832 6827
f 6832 6833 6827
f 6833 6834 6827
f 6834 6835 6827
f 6835 6836 6827
f 6838 6848 6847 6837
f 6839 6849 6848 6838
f 6840 6850 6849 6839
f 6841 6851 6850 6840
f 6842 6852 6851 6841
f 6843 6853 6852 6842
f 6844 6854 6853 6843
f 6845 6855 6854 6844
f 6846 6856 6855 6845
f 6837 6847 6856 6846
f 6839 6838 6837
f 6840 6839 6837
f 6841 6840 6837
f 6842 6841 6837
f 6843 6842 6837
f 6844 6843 6837
f 6845 6844 6837
f 6846 6845 6837
f 6848 6849 6847
f 6849 6850 6847
f 6850 6851 6847
f 6851 6852 6847
f 6852 6853 6847
f 6853 6854 6847
f 6854 6855 6847
f 6855 6856 6847
f 6858 6868 6867 6857
f 6859 6869 6868 6858
f 6860 6870 6869 6859
f 6861 6871 6870 6860
f 6862 6872 6871 6861
f 6863 6873 6872 6862
f 6864 6874 6873 6863
f 6865 6875 6874 6864
f 6866 6876 6875 6865
f 6857 6867 6876 6866
f 6859 6858 6857
f 6860 6859 6857
f 6861 6860 6857
f 6862 6861 6857
f 6863 6862 6857
f 6864 6863 6857
f 6865 6864 6857
f 6866 6865 6857
f 6868 6869 6867
f 6869 6870 6867
f 6870 6871 6867
f 6871 6872 6867
f 6872 6873 6867
f 6873 6874 6867
f 6874 6875 6867
f 6875 6876 6867
f 6878 6888 6887 6877
f 6879 6889 6888 6878
f 6880 6890 6889 6879
f 6881 6891 6890 6880
f 6882 6892 6891 6881
f 6883 6893 6892 6882
f 6884 6894 6893 6883
f 6885 6895 6894 6884
f 6886 6896 6895 6885
f 6877 6887 6896 6886
f 6879 6878 6877
f 6880 6879 6877
f 6881 6880 6877
f 6882 6881 6877
f 6883 6882 6877
f 6884 6883 6877
f 6885 6884 6877
f 6886 6885 6877
f 6888 6889 6887
f 6889 6890 6887
f 6890 6891 6887
f 6891 6892 6887
f 6892 6893 6887
f 6893 6894 6887
f 6894 6895 6887
f 6895 6896 6887
usemtl amarillo
f 6898 6906 6905 6897
f 6899 6907 6906 6898
f 6900 6908 6907 6899
f 6901 6909 6908 6900
f 6902 6910 6909 6901
f 6903 6911 6910 6902
f 6904 6912 6911 6903
f 6897 6905 6912 6904
f 6899 6898 6897
f 6900 6899 6897
f 6901 6900 6897
f 6902 6901 6897
f 6903 6902 6897
f 6904 6903 6897
f 6906 6907 6905
f 6907 6908 6905
f 6908 6909 6905
f 6909 6910 6905
f 6910 6911 6905
f 6911 6912 6905
usemtl vidrio
f 6914 6918 6917 6913
f 6915 6919 6918 6914
f 6916 6920 6919 6915
f 6913 6917 6920 6916
f 6915 6914 6913
f 6916 6915 6913
f 6918 6919 6917
f 6919 6920 6917
usemtl llanta
f 6922 6932 6931 6921
f 6923 6933 6932 6922
f 6924 6934 6933 6923
f 6925 6935 6934 6924
f 6926 6936 6935 6925
f 6927 6937 6936 6926
f 6928 6938 6937 6927
f 6929 6939 6938 6928
f 6930 6940 6939 6929
f 6921 6931 6940 6930
f 6923 6922 6921
f 6924 6923 6921
f 6925 6924 6921
f 6926 6925 6921
f 6927 6926 6921
f 6928 6927 6921
f 6929 6928 6921
f 6930 6929 6921
f 6932 6933 6931
f 6933 6934 6931
f 6934 6935 6931
f 6935 6936 6931
f 6936 6937 6931
f 6937 6938 6931
f 6938 6939 6931
f 6939 6940 6931
f 6942 6952 6951 6941
f 6943 6953 6952 6942
f 6944 6954 6953 6943
f 6945 6955 6954 6944
f 6946 6956 6955 6945
f 6947 6957 6956 6946
f 6948 6958 6957 6947
f 6949 6959 6958 6948
f 6950 6960 6959 6949
f 6941 6951 6960 6950
f 6943 6942 6941
f 6944 6943 6941
f 6945 6944 6941
f 6946 6945 6941
f 6947 6946 6941
f 6948 6947 6941
f 6949 6948 6941
f 6950 6949 6941
f 6952 6953 6951
f 6953 6954 6951
f 6954 6955 6951
f 6955 6956 6951
f 6956 6957 6951
f 6957 6958 6951
f 6958 6959 6951
f 6959 6960 6951
f 6962 6972 6971 6961
f 6963 6973 6972 6962
f 6964 6974 6973 6963
f 6965 6975 6974 6964
f 6966 6976 6975 6965
f 6967 6977 6976 6966
f 6968 6978 6977 6967
f 6969 6979 6978 6968
f 6970 6980 6979 6969
f 6961 6971 6980 6970
f 6963 6962 6961
f 6964 6963 6961
f 6965 6964 6961
f 6966 6965 6961
f 6967 6966 6961
f 6968 6967 6961
f 6969 6968 6961
f 6970 6969 6961
f 6972 6973 6971
f 6973 6974 6971
f 6974 6975 6971
f 6975 6976 6971
f 6976 6977 6971
f 6977 6978 6971
f 6978 6979 6971
f 6979 6980 6971
f 6982 6992 6991 6981
f 6983 6993 6992 6982
f 6984 6994 6993 6983
f 6985 6995 6994 6984
f 6986 6996 6995 6985
f 6987 6997 6996 6986
f 6988 6998 6997 6987
f 6989 6999 6998 6988
f 6990 7000 6999 6989
f 6981 6991 7000 6990
f 6983 6982 6981
f 6984 6983 6981
f 6985 6984 6981
f 6986 6985 6981
f 6987 6986 6981
f 6988 6987 6981
f 6989 6988 6981
f 6990 6989 6981
f 6992 6993 6991
f 6993 6994 6991
f 6994 6995 6991
f 6995 6996 6991
f 6996 6997 6991
f 6997 6998 6991
f 6998 6999 6991
f 6999 7000 6991
usemtl rojo
f 7002 7010 7009 7001
f 7003 7011 7010 7002
f 7004 7012 7011 7003
f 7005 7013 7012 7004
f 7006 7014 7013 7005
f 7007 7015 7014 7006
f 7008 7016 7015 7007
f 7001 7009 7016 7008
f 7003 7002 7001
f 7004 7003 7001
f 7005 7004 7001
f 7006 7005 7001
f 7007 7006 7001
f 7008 7007 7001
f 7010 7011 7009
f 7011 7012 7009
f 7012 7013 7009
f 7013 7014 7009
f 7014 7015 7009
f 7015 7016 7009
usemtl vidrio
f 7018 7022 7021 7017
f 7019 7023 7022 7018
f 7020 7024 7023 7019
f 7017 7021 7024 7020
f 7019 7018 7017
f 7020 7019 7017
f 7022 7023 7021
f 7023 7024 7021
usemtl llanta
f 7026 7036 7035 7025
f 7027 7037 7036 7026
f 7028 7038 7037 7027
f 7029 7039 7038 7028
f 7030 7040 7039 7029
f 7031 7041 7040 7030
f 7032 7042 7041 7031
f 7033 7043 7042 7032
f 7034 7044 7043 7033
f 7025 7035 7044 7034
f 7027 7026 7025
f 7028 7027 7025
f 7029 7028 7025
f 7030 7029 7025
f 7031 7030 7025
f 7032 7031 7025
f 7033 7032 7025
f 7034 7033 7025
f 7036 7037 7035
f 7037 7038 7035
f 7038 7039 7035
f 7039 7040 7035
f 7040 7041 7035
f 7041 7042 7035
f 7042 7043 7035
f 7043 7044 7035
f 7046 7056 7055 7045
f 7047 7057 7056 7046
f 7048 7058 7057 7047
f 7049 7059 7058 7048
f 7050 7060 7059 7049
f 7051 7061 7060 7050
f 7052 7062 7061 7051
f 7053 7063 7062 7052
f 7054 7064 7063 7053
f 7045 7055 7064 7054
f 7047 7046 7045
f 7048 7047 7045
f 7049 7048 7045
f 7050 7049 7045
f 7051 7050 7045
f 7052 7051 7045
f 7053 7052 7045
f 7054 7053 7045
f 7056 7057 7055
f 7057 7058 7055
f 7058 7059 7055
f 7059 7060 7055
f 7060 7061 7055
f 7061 7062 7055
f 7062 7063 7055
f 7063 7064 7055
f 7066 7076 7075 7065
f 7067 7077 7076 7066
f 7068 7078 7077 7067
f 7069 7079 7078 7068
f 7070 7080 7079 7069
f 7071 7081 7080 7070
f 7072 7082 7081 7071
f 7073 7083 7082 7072
f 7074 7084 7083 7073
f 7065 7075 7084 7074
f 7067 7066 7065
f 7068 7067 7065
f 7069 7068 7065
f 7070 7069 7065
f 7071 7070 7065
f 7072 7071 7065
f 7073 7072 7065
f 7074 7073 7065
f 7076 7077 7075
f 7077 7078 7075
f 7078 7079 7075
f 7079 7080 7075
f 7080 7081 7075
f 7081 7082 7075
f 7082 7083 7075
f 7083 7084 7075
f 7086 7096 7095 7085
f 7087 7097 7096 7086
f 7088 7098 7097 7087
f 7089 7099 7098 7088
f 7090 7100 7099 7089
f 7091 7101 7100 7090
f 7092 7102 7101 7091
f 7093 7103 7102 7092
f 7094 7104 7103 7093
f 7085 7095 7104 7094
f 7087 7086 7085
f 7088 7087 7085
f 7089 7088 7085
f 7090 7089 7085
f 7091 7090 7085
f 7092 7091 7085
f 7093 7092 7085
f 7094 7093 7085
f 7096 7097 7095
f 7097 7098 7095
f 7098 7099 7095
f 7099 7100 7095
f 7100 7101 7095
f 7101 7102 7095
f 7102 7103 7095
f 7103 7104 7095
usemtl blanco
f 7106 7114 7113 7105
f 7107 7115 7114 7106
f 7108 7116 7115 7107
f 7109 7117 7116 7108
f 7110 7118 7117 7109
f 7111 7119 7118 7110
f 7112 7120 7119 7111
f 7105 7113 7120 7112
f 7107 7106 7105
f 7108 7107 7105
f 7109 7108 7105
f 7110 7109 7105
f 7111 7110 7105
f 7112 7111 7105
f 7114 7115 7113
f 7115 7116 7113
f 7116 7117 7113
f 7117 7118 7113
f 7118 7119 7113
f 7119 7120 7113
usemtl vidrio
f 7122 7126 7125 7121
f 7123 7127 7126 7122
f 7124 7128 7127 7123
f 7121 7125 7128 7124
f 7123 7122 7121
f 7124 7123 7121
f 7126 7127 7125
f 7127 7128 7125
usemtl llanta
f 7130 7140 7139 7129
f 7131 7141 7140 7130
f 7132 7142 7141 7131
f 7133 7143 7142 7132
f 7134 7144 7143 7133
f 7135 7145 7144 7134
f 7136 7146 7145 7135
f 7137 7147 7146 7136
f 7138 7148 7147 7137
f 7129 7139 7148 7138
f 7131 7130 7129
f 7132 7131 7129
f 7133 7132 7129
f 7134 7133 7129
f 7135 7134 7129
f 7136 7135 7129
f 7137 7136 7129
f 7138 7137 7129
f 7140 7141 7139
f 7141 7142 7139
f 7142 7143 7139
f 7143 7144 7139
f 7144 7145 7139
f 7145 7146 7139
f 7146 7147 7139
f 7147 7148 7139
f 7150 7160 7159 7149
f 7151 7161 7160 7150
f 7152 7162 7161 7151
f 7153 7163 7162 7152
f 7154 7164 7163 7153
f 7155 7165 7164 7154
f 7156 7166 7165 7155
f 7157 7167 7166 7156
f 7158 7168 7167 7157
f 7149 7159 7168 7158
f 7151 7150 7149
f 7152 7151 7149
f 7153 7152 7149
f 7154 7153 7149
f 7155 7154 7149
f 7156 7155 7149
f 7157 7156 7149
f 7158 7157 7149
f 7160 7161 7159
f 7161 7162 7159
f 7162 7163 7159
f 7163 7164 7159
f 7164 7165 7159
f 7165 7166 7159
f 7166 7167 7159
f 7167 7168 7159
f 7170 7180 7179 7169
f 7171 7181 7180 7170
f 7172 7182 7181 7171
f 7173 7183 7182 7172
f 7174 7184 7183 7173
f 7175 7185 7184 7174
f 7176 7186 7185 7175
f 7177 7187 7186 7176
f 7178 7188 7187 7177
f 7169 7179 7188 7178
f 7171 7170 7169
f 7172 7171 7169
f 7173 7172 7169
f 7174 7173 7169
f 7175 7174 7169
f 7176 7175 7169
f 7177 7176 7169
f 7178 7177 7169
f 7180 7181 7179
f 7181 7182 7179
f 7182 7183 7179
f 7183 7184 7179
f 7184 7185 7179
f 7185 7186 7179
f 7186 7187 7179
f 7187 7188 7179
f 7190 7200 7199 7189
f 7191 7201 7200 7190
f 7192 7202 7201 7191
f 7193 7203 7202 7192
f 7194 7204 7203 7193
f 7195 7205 7204 7194
f 7196 7206 7205 7195
f 7197 7207 7206 7196
f 7198 7208 7207 7197
f 7189 7199 7208 7198
f 7191 7190 7189
f 7192 7191 7189
f 7193 7192 7189
f 7194 7193 7189
f 7195 7194 7189
f 7196 7195 7189
f 7197 7196 7189
f 7198 7197 7189
f 7200 7201 7199
f 7201 7202 7199
f 7202 7203 7199
f 7203 7204 7199
f 7204 7205 7199
f 7205 7206 7199
f 7206 7207 7199
f 7207 7208 7199
usemtl amarillo
f 7210 7218 7217 7209
f 7211 7219 7218 7210
f 7212 7220 7219 7211
f 7213 7221 7220 7212
f 7214 7222 7221 7213
f 7215 7223 7222 7214
f 7216 7224 7223 7215
f 7209 7217 7224 7216
f 7211 7210 7209
f 7212 7211 7209
f 7213 7212 7209
f 7214 7213 7209
f 7215 7214 7209
f 7216 7215 7209
f 7218 7219 7217
f 7219 7220 7217
f 7220 7221 7217
f 7221 7222 7217
f 7222 7223 7217
f 7223 7224 7217
usemtl vidrio
f 7226 7230 7229 7225
f 7227 7231 7230 7226
f 7228 7232 7231 7227
f 7225 7229 7232 7228
f 7227 7226 7225
f 7228 7227 7225
f 7230 7231 7229
f 7231 7232 7229
usemtl llanta
f 7234 7244 7243 7233
f 7235 7245 7244 7234
f 7236 7246 7245 7235
f 7237 7247 7246 7236
f 7238 7248 7247 7237
f 7239 7249 7248 7238
f 7240 7250 7249 7239
f 7241 7251 7250 7240
f 7242 7252 7251 7241
f 7233 7243 7252 7242
f 7235 7234 7233
f 7236 7235 7233
f 7237 7236 7233
f 7238 7237 7233
f 7239 7238 7233
f 7240 7239 7233
f 7241 7240 7233
f 7242 7241 7233
f 7244 7245 7243
f 7245 7246 7243
f 7246 7247 7243
f 7247 7248 7243
f 7248 7249 7243
f 7249 7250 7243
f 7250 7251 7243
f 7251 7252 7243
f 7254 7264 7263 7253
f 7255 7265 7264 7254
f 7256 7266 7265 7255
f 7257 7267 7266 7256
f 7258 7268 7267 7257
f 7259 7269 7268 7258
f 7260 7270 7269 7259
f 7261 7271 7270 7260
f 7262 7272 7271 7261
f 7253 7263 7272 7262
f 7255 7254 7253
f 7256 7255 7253
f 7257 7256 7253
f 7258 7257 7253
f 7259 7258 7253
f 7260 7259 7253
f 7261 7260 7253
f 7262 7261 7253
f 7264 7265 7263
f 7265 7266 7263
f 7266 7267 7263
f 7267 7268 7263
f 7268 7269 7263
f 7269 7270 7263
f 7270 7271 7263
f 7271 7272 7263
f 7274 7284 7283 7273
f 7275 7285 7284 7274
f 7276 7286 7285 7275
f 7277 7287 7286 7276
f 7278 7288 7287 7277
f 7279 7289 7288 7278
f 7280 7290 7289 7279
f 7281 7291 7290 7280
f 7282 7292 7291 7281
f 7273 7283 7292 7282
f 7275 7274 7273
f 7276 7275 7273
f 7277 7276 7273
f 7278 7277 7273
f 7279 7278 7273
f 7280 7279 7273
f 7281 7280 7273
f 7282 7281 7273
f 7284 7285 7283
f 7285 7286 7283
f 7286 7287 7283
f 7287 7288 7283
f 7288 7289 7283
f 7289 7290 7283
f 7290 7291 7283
f 7291 7292 7283
f 7294 7304 7303 7293
f 7295 7305 7304 7294
f 7296 7306 7305 7295
f 7297 7307 7306 7296
f 7298 7308 7307 7297
f 7299 7309 7308 7298
f 7300 7310 7309 7299
f 7301 7311 7310 7300
f 7302 7312 7311 7301
f 7293 7303 7312 7302
f 7295 7294 7293
f 7296 7295 7293
f 7297 7296 7293
f 7298 7297 7293
f 7299 7298 7293
f 7300 7299 7293
f 7301 7300 7293
f 7302 7301 7293
f 7304 7305 7303
f 7305 7306 7303
f 7306 7307 7303
f 7307 7308 7303
f 7308 7309 7303
f 7309 7310 7303
f 7310 7311 7303
f 7311 7312 7303
usemtl azul
f 7314 7322 7321 7313
f 7315 7323 7322 7314
f 7316 7324 7323 7315
f 7317 7325 7324 7316
f 7318 7326 7325 7317
f 7319 7327 7326 7318
f 7320 7328 7327 7319
f 7313 7321 7328 7320
f 7315 7314 7313
f 7316 7315 7313
f 7317 7316 7313
f 7318 7317 7313
f 7319 7318 7313
f 7320 7319 7313
f 7322 7323 7321
f 7323 7324 7321
f 7324 7325 7321
f 7325 7326 7321
f 7326 7327 7321
f 7327 7328 7321
usemtl vidrio
f 7330 7334 7333 7329
f 7331 7335 7334 7330
f 7332 7336 7335 7331
f 7329 7333 7336 7332
f 7331 7330 7329
f 7332 7331 7329
f 7334 7335 7333
f 7335 7336 7333
usemtl llanta
f 7338 7348 7347 7337
f 7339 7349 7348 7338
f 7340 7350 7349 7339
f 7341 7351 7350 7340
f 7342 7352 7351 7341
f 7343 7353 7352 7342
f 7344 7354 7353 7343
f 7345 7355 7354 7344
f 7346 7356 7355 7345
f 7337 7347 7356 7346
f 7339 7338 7337
f 7340 7339 7337
f 7341 7340 7337
f 7342 7341 7337
f 7343 7342 7337
f 7344 7343 7337
f 7345 7344 7337
f 7346 7345 7337
f 7348 7349 7347
f 7349 7350 7347
f 7350 7351 7347
f 7351 7352 7347
f 7352 7353 7347
f 7353 7354 7347
f 7354 7355 7347
f 7355 7356 7347
f 7358 7368 7367 7357
f 7359 7369 7368 7358
f 7360 7370 7369 7359
f 7361 7371 7370 7360
f 7362 7372 7371 7361
f 7363 7373 7372 7362
f 7364 7374 7373 7363
f 7365 7375 7374 7364
f 7366 7376 7375 7365
f 7357 7367 7376 7366
f 7359 7358 7357
f 7360 7359 7357
f 7361 7360 7357
f 7362 7361 7357
f 7363 7362 7357
f 7364 7363 7357
f 7365 7364 7357
f 7366 7365 7357
f 7368 7369 7367
f 7369 7370 7367
f 7370 7371 7367
f 7371 7372 7367
f 7372 7373 7367
f 7373 7374 7367
f 7374 7375 7367
f 7375 7376 7367
f 7378 7388 7387 7377
f 7379 7389 7388 7378
f 7380 7390 7389 7379
f 7381 7391 7390 7380
f 7382 7392 7391 7381
f 7383 7393 7392 7382
f 7384 7394 7393 7383
f 7385 7395 7394 7384
f 7386 7396 7395 7385
f 7377 7387 7396 7386
f 7379 7378 7377
f 7380 7379 7377
f 7381 7380 7377
f 7382 7381 7377
f 7383 7382 7377
f 7384 7383 7377
f 7385 7384 7377
f 7386 7385 7377
f 7388 7389 7387
f 7389 7390 7387
f 7390 7391 7387
f 7391 7392 7387
f 7392 7393 7387
f 7393 7394 7387
f 7394 7395 7387
f 7395 7396 7387
f 7398 7408 7407 7397
f 7399 7409 7408 7398
f 7400 7410 7409 7399
f 7401 7411 7410 7400
f 7402 7412 7411 7401
f 7403 7413 7412 7402
f 7404 7414 7413 7403
f 7405 7415 7414 7404
f 7406 7416 7415 7405
f 7397 7407 7416 7406
f 7399 7398 7397
f 7400 7399 7397
f 7401 7400 7397
f 7402 7401 7397
f 7403 7402 7397
f 7404 7403 7397
f 7405 7404 7397
f 7406 7405 7397
f 7408 7409 7407
f 7409 7410 7407
f 7410 7411 7407
f 7411 7412 7407
f 7412 7413 7407
f 7413 7414 7407
f 7414 7415 7407
f 7415 7416 7407
usemtl blanco
f 7418 7426 7425 7417
f 7419 7427 7426 7418
f 7420 7428 7427 7419
f 7421 7429 7428 7420
f 7422 7430 7429 7421
f 7423 7431 7430 7422
f 7424 7432 7431 7423
f 7417 7425 7432 7424
f 7419 7418 7417
f 7420 7419 7417
f 7421 7420 7417
f 7422 7421 7417
f 7423 7422 7417
f 7424 7423 7417
f 7426 7427 7425
f 7427 7428 7425
f 7428 7429 7425
f 7429 7430 7425
f 7430 7431 7425
f 7431 7432 7425
usemtl vidrio
f 7434 7438 7437 7433
f 7435 7439 7438 7434
f 7436 7440 7439 7435
f 7433 7437 7440 7436
f 7435 7434 7433
f 7436 7435 7433
f 7438 7439 7437
f 7439 7440 7437
usemtl llanta
f 7442 7452 7451 7441
f 7443 7453 7452 7442
f 7444 7454 7453 7443
f 7445 7455 7454 7444
f 7446 7456 7455 7445
f 7447 7457 7456 7446
f 7448 7458 7457 7447
f 7449 7459 7458 7448
f 7450 7460 7459 7449
f 7441 7451 7460 7450
f 7443 7442 7441
f 7444 7443 7441
f 7445 7444 7441
f 7446 7445 7441
f 7447 7446 7441
f 7448 7447 7441
f 7449 7448 7441
f 7450 7449 7441
f 7452 7453 7451
f 7453 7454 7451
f 7454 7455 7451
f 7455 7456 7451
f 7456 7457 7451
f 7457 7458 7451
f 7458 7459 7451
f 7459 7460 7451
f 7462 7472 7471 7461
f 7463 7473 7472 7462
f 7464 7474 7473 7463
f 7465 7475 7474 7464
f 7466 7476 7475 7465
f 7467 7477 7476 7466
f 7468 7478 7477 7467
f 7469 7479 7478 7468
f 7470 7480 7479 7469
f 7461 7471 7480 7470
f 7463 7462 7461
f 7464 7463 7461
f 7465 7464 7461
f 7466 7465 7461
f 7467 7466 7461
f 7468 7467 7461
f 7469 7468 7461
f 7470 7469 7461
f 7472 7473 7471
f 7473 7474 7471
f 7474 7475 7471
f 7475 7476 7471
f 7476 7477 7471
f 7477 7478 7471
f 7478 7479 7471
f 7479 7480 7471
f 7482 7492 7491 7481
f 7483 7493 7492 7482
f 7484 7494 7493 7483
f 7485 7495 7494 7484
f 7486 7496 7495 7485
f 7487 7497 7496 7486
f 7488 7498 7497 7487
f 7489 7499 7498 7488
f 7490 7500 7499 7489
f 7481 7491 7500 7490
f 7483 7482 7481
f 7484 7483 7481
f 7485 7484 7481
f 7486 7485 7481
f 7487 7486 7481
f 7488 7487 7481
f 7489 7488 7481
f 7490 7489 7481
f 7492 7493 7491
f 7493 7494 7491
f 7494 7495 7491
f 7495 7496 7491
f 7496 7497 7491
f 7497 7498 7491
f 7498 7499 7491
f 7499 7500 7491
f 7502 7512 7511 7501
f 7503 7513 7512 7502
f 7504 7514 7513 7503
f 7505 7515 7514 7504
f 7506 7516 7515 7505
f 7507 7517 7516 7506
f 7508 7518 7517 7507
f 7509 7519 7518 7508
f 7510 7520 7519 7509
f 7501 7511 7520 7510
f 7503 7502 7501
f 7504 7503 7501
f 7505 7504 7501
f 7506 7505 7501
f 7507 7506 7501
f 7508 7507 7501
f 7509 7508 7501
f 7510 7509 7501
f 7512 7513 7511
f 7513 7514 7511
f 7514 7515 7511
f 7515 7516 7511
f 7516 7517 7511
f 7517 7518 7511
f 7518 7519 7511
f 7519 7520 7511
usemtl rojo
f 7522 7530 7529 7521
f 7523 7531 7530 7522
f 7524 7532 7531 7523
f 7525 7533 7532 7524
f 7526 7534 7533 7525
f 7527 7535 7534 7526
f 7528 7536 7535 7527
f 7521 7529 7536 7528
f 7523 7522 7521
f 7524 7523 7521
f 7525 7524 7521
f 7526 7525 7521
f 7527 7526 7521
f 7528 7527 7521
f 7530 7531 7529
f 7531 7532 7529
f 7532 7533 7529
f 7533 7534 7529
f 7534 7535 7529
f 7535 7536 7529
usemtl vidrio
f 7538 7542 7541 7537
f 7539 7543 7542 7538
f 7540 7544 7543 7539
f 7537 7541 7544 7540
f 7539 7538 7537
f 7540 7539 7537
f 7542 7543 7541
f 7543 7544 7541
usemtl llanta
f 7546 7556 7555 7545
f 7547 7557 7556 7546
f 7548 7558 7557 7547
f 7549 7559 7558 7548
f 7550 7560 7559 7549
f 7551 7561 7560 7550
f 7552 7562 7561 7551
f 7553 7563 7562 7552
f 7554 7564 7563 7553
f 7545 7555 7564 7554
f 7547 7546 7545
f 7548 7547 7545
f 7549 7548 7545
f 7550 7549 7545
f 7551 7550 7545
f 7552 7551 7545
f 7553 7552 7545
f 7554 7553 7545
f 7556 7557 7555
f 7557 7558 7555
f 7558 7559 7555
f 7559 7560 7555
f 7560 7561 7555
f 7561 7562 7555
f 7562 7563 7555
f 7563 7564 7555
f 7566 7576 7575 7565
f 7567 7577 7576 7566
f 7568 7578 7577 7567
f 7569 7579 7578 7568
f 7570 7580 7579 7569
f 7571 7581 7580 7570
f 7572 7582 7581 7571
f 7573 7583 7582 7572
f 7574 7584 7583 7573
f 7565 7575 7584 7574
f 7567 7566 7565
f 7568 7567 7565
f 7569 7568 7565
f 7570 7569 7565
f 7571 7570 7565
f 7572 7571 7565
f 7573 7572 7565
f 7574 7573 7565
f 7576 7577 7575
f 7577 7578 7575
f 7578 7579 7575
f 7579 7580 7575
f 7580 7581 7575
f 7581 7582 7575
f 7582 7583 7575
f 7583 7584 7575
f 7586 7596 7595 7585
f 7587 7597 7596 7586
f 7588 7598 7597 7587
f 7589 7599 7598 7588
f 7590 7600 7599 7589
f 7591 7601 7600 7590
f 7592 7602 7601 7591
f 7593 7603 7602 7592
f 7594 7604 7603 7593
f 7585 7595 7604 7594
f 7587 7586 7585
f 7588 7587 7585
f 7589 7588 7585
f 7590 7589 7585
f 7591 7590 7585
f 7592 7591 7585
f 7593 7592 7585
f 7594 7593 7585
f 7596 7597 7595
f 7597 7598 7595
f 7598 7599 7595
f 7599 7600 7595
f 7600 7601 7595
f 7601 7602 7595
f 7602 7603 7595
f 7603 7604 7595
f 7606 7616 7615 7605
f 7607 7617 7616 7606
f 7608 7618 7617 7607
f 7609 7619 7618 7608
f 7610 7620 7619 7609
f 7611 7621 7620 7610
f 7612 7622 7621 7611
f 7613 7623 7622 7612
f 7614 7624 7623 7613
f 7605 7615 7624 7614
f 7607 7606 7605
f 7608 7607 7605
f 7609 7608 7605
f 7610 7609 7605
f 7611 7610 7605
f 7612 7611 7605
f 7613 7612 7605
f 7614 7613 7605
f 7616 7617 7615
f 7617 7618 7615
f 7618 7619 7615
f 7619 7620 7615
f 7620 7621 7615
f 7621 7622 7615
f 7622 7623 7615
f 7623 7624 7615
usemtl gris
f 7626 7634 7633 7625
f 7627 7635 7634 7626
f 7628 7636 7635 7627
f 7629 7637 7636 7628
f 7630 7638 7637 7629
f 7631 7639 7638 7630
f 7632 7640 7639 7631
f 7625 7633 7640 7632
f 7627 7626 7625
f 7628 7627 7625
f 7629 7628 7625
f 7630 7629 7625
f 7631 7630 7625
f 7632 7631 7625
f 7634 7635 7633
f 7635 7636 7633
f 7636 7637 7633
f 7637 7638 7633
f 7638 7639 7633
f 7639 7640 7633
usemtl vidrio
f 7642 7646 7645 7641
f 7643 7647 7646 7642
f 7644 7648 7647 7643
f 7641 7645 7648 7644
f 7643 7642 7641
f 7644 7643 7641
f 7646 7647 7645
f 7647 7648 7645
usemtl llanta
f 7650 7660 7659 7649
f 7651 7661 7660 7650
f 7652 7662 7661 7651
f 7653 7663 7662 7652
f 7654 7664 7663 7653
f 7655 7665 7664 7654
f 7656 7666 7665 7655
f 7657 7667 7666 7656
f 7658 7668 7667 7657
f 7649 7659 7668 7658
f 7651 7650 7649
f 7652 7651 7649
f 7653 7652 7649
f 7654 7653 7649
f 7655 7654 7649
f 7656 7655 7649
f 7657 7656 7649
f 7658 7657 7649
f 7660 7661 7659
f 7661 7662 7659
f 7662 7663 7659
f 7663 7664 7659
f 7664 7665 7659
f 7665 7666 7659
f 7666 7667 7659
f 7667 7668 7659
f 7670 7680 7679 7669
f 7671 7681 7680 7670
f 7672 7682 7681 7671
f 7673 7683 7682 7672
f 7674 7684 7683 7673
f 7675 7685 7684 7674
f 7676 7686 7685 7675
f 7677 7687 7686 7676
f 7678 7688 7687 7677
f 7669 7679 7688 7678
f 7671 7670 7669
f 7672 7671 7669
f 7673 7672 7669
f 7674 7673 7669
f 7675 7674 7669
f 7676 7675 7669
f 7677 7676 7669
f 7678 7677 7669
f 7680 7681 7679
f 7681 7682 7679
f 7682 7683 7679
f 7683 7684 7679
f 7684 7685 7679
f 7685 7686 7679
f 7686 7687 7679
f 7687 7688 7679
f 7690 7700 7699 7689
f 7691 7701 7700 7690
f 7692 7702 7701 7691
f 7693 7703 7702 7692
f 7694 7704 7703 7693
f 7695 7705 7704 7694
f 7696 7706 7705 7695
f 7697 7707 7706 7696
f 7698 7708 7707 7697
f 7689 7699 7708 7698
f 7691 7690 7689
f 7692 7691 7689
f 7693 7692 7689
f 7694 7693 7689
f 7695 7694 7689
f 7696 7695 7689
f 7697 7696 7689
f 7698 7697 7689
f 7700 7701 7699
f 7701 7702 7699
f 7702 7703 7699
f 7703 7704 7699
f 7704 7705 7699
f 7705 7706 7699
f 7706 7707 7699
f 7707 7708 7699
f 7710 7720 7719 7709
f 7711 7721 7720 7710
f 7712 7722 7721 7711
f 7713 7723 7722 7712
f 7714 7724 7723 7713
f 7715 7725 7724 7714
f 7716 7726 7725 7715
f 7717 7727 7726 7716
f 7718 7728 7727 7717
f 7709 7719 7728 7718
f 7711 7710 7709
f 7712 7711 7709
f 7713 7712 7709
f 7714 7713 7709
f 7715 7714 7709
f 7716 7715 7709
f 7717 7716 7709
f 7718 7717 7709
f 7720 7721 7719
f 7721 7722 7719
f 7722 7723 7719
f 7723 7724 7719
f 7724 7725 7719
f 7725 7726 7719
f 7726 7727 7719
f 7727 7728 7719
usemtl amarillo
f 7730 7738 7737 7729
f 7731 7739 7738 7730
f 7732 7740 7739 7731
f 7733 7741 7740 7732
f 7734 7742 7741 7733
f 7735 7743 7742 7734
f 7736 7744 7743 7735
f 7729 7737 7744 7736
f 7731 7730 7729
f 7732 7731 7729
f 7733 7732 7729
f 7734 7733 7729
f 7735 7734 7729
f 7736 7735 7729
f 7738 7739 7737
f 7739 7740 7737
f 7740 7741 7737
f 7741 7742 7737
f 7742 7743 7737
f 7743 7744 7737
usemtl vidrio
f 7746 7750 7749 7745
f 7747 7751 7750 7746
f 7748 7752 7751 7747
f 7745 7749 7752 7748
f 7747 7746 7745
f 7748 7747 7745
f 7750 7751 7749
f 7751 7752 7749
usemtl llanta
f 7754 7764 7763 7753
f 7755 7765 7764 7754
f 7756 7766 7765 7755
f 7757 7767 7766 7756
f 7758 7768 7767 7757
f 7759 7769 7768 7758
f 7760 7770 7769 7759
f 7761 7771 7770 7760
f 7762 7772 7771 7761
f 7753 7763 7772 7762
f 7755 7754 7753
f 7756 7755 7753
f 7757 7756 7753
f 7758 7757 7753
f 7759 7758 7753
f 7760 7759 7753
f 7761 7760 7753
f 7762 7761 7753
f 7764 7765 7763
f 7765 7766 7763
f 7766 7767 7763
f 7767 7768 7763
f 7768 7769 7763
f 7769 7770 7763
f 7770 7771 7763
f 7771 7772 7763
f 7774 7784 7783 7773
f 7775 7785 7784 7774
f 7776 7786 7785 7775
f 7777 7787 7786 7776
f 7778 7788 7787 7777
f 7779 7789 7788 7778
f 7780 7790 7789 7779
f 7781 7791 7790 7780
f 7782 7792 7791 7781
f 7773 7783 7792 7782
f 7775 7774 7773
f 7776 7775 7773
f 7777 7776 7773
f 7778 7777 7773
f 7779 7778 7773
f 7780 7779 7773
f 7781 7780 7773
f 7782 7781 7773
f 7784 7785 7783
f 7785 7786 7783
f 7786 7787 7783
f 7787 7788 7783
f 7788 7789 7783
f 7789 7790 7783
f 7790 7791 7783
f 7791 7792 7783
f 7794 7804 7803 7793
f 7795 7805 7804 7794
f 7796 7806 7805 7795
f 7797 7807 7806 7796
f 7798 7808 7807 7797
f 7799 7809 7808 7798
f 7800 7810 7809 7799
f 7801 7811 7810 7800
f 7802 7812 7811 7801
f 7793 7803 7812 7802
f 7795 7794 7793
f 7796 7795 7793
f 7797 7796 7793
f 7798 7797 7793
f 7799 7798 7793
f 7800 7799 7793
f 7801 7800 7793
f 7802 7801 7793
f 7804 7805 7803
f 7805 7806 7803
f 7806 7807 7803
f 7807 7808 7803
f 7808 7809 7803
f 7809 7810 7803
f 7810 7811 7803
f 7811 7812 7803
f 7814 7824 7823 7813
f 7815 7825 7824 7814
f 7816 7826 7825 7815
f 7817 7827 7826 7816
f 7818 7828 7827 7817
f 7819 7829 7828 7818
f 7820 7830 7829 7819
f 7821 7831 7830 7820
f 7822 7832 7831 7821
f 7813 7823 7832 7822
f 7815 7814 7813
f 7816 7815 7813
f 7817 7816 7813
f 7818 7817 7813
f 7819 7818 7813
f 7820 7819 7813
f 7821 7820 7813
f 7822 7821 7813
f 7824 7825 7823
f 7825 7826 7823
f 7826 7827 7823
f 7827 7828 7823
f 7828 7829 7823
f 7829 7830 7823
f 7830 7831 7823
f 7831 7832 7823
usemtl blanco
f 7834 7842 7841 7833
f 7835 7843 7842 7834
f 7836 7844 7843 7835
f 7837 7845 7844 7836
f 7838 7846 7845 7837
f 7839 7847 7846 7838
f 7840 7848 7847 7839
f 7833 7841 7848 7840
f 7835 7834 7833
f 7836 7835 7833
f 7837 7836 7833
f 7838 7837 7833
f 7839 7838 7833
f 7840 7839 7833
f 7842 7843 7841
f 7843 7844 7841
f 7844 7845 7841
f 7845 7846 7841
f 7846 7847 7841
f 7847 7848 7841
usemtl vidrio
f 7850 7854 7853 7849
f 7851 7855 7854 7850
f 7852 7856 7855 7851
f 7849 7853 7856 7852
f 7851 7850 7849
f 7852 7851 7849
f 7854 7855 7853
f 7855 7856 7853
usemtl llanta
f 7858 7868 7867 7857
f 7859 7869 7868 7858
f 7860 7870 7869 7859
f 7861 7871 7870 7860
f 7862 7872 7871 7861
f 7863 7873 7872 7862
f 7864 7874 7873 7863
f 7865 7875 7874 7864
f 7866 7876 7875 7865
f 7857 7867 7876 7866
f 7859 7858 7857
f 7860 7859 7857
f 7861 7860 7857
f 7862 7861 7857
f 7863 7862 7857
f 7864 7863 7857
f 7865 7864 7857
f 7866 7865 7857
f 7868 7869 7867
f 7869 7870 7867
f 7870 7871 7867
f 7871 7872 7867
f 7872 7873 7867
f 7873 7874 7867
f 7874 7875 7867
f 7875 7876 7867
f 7878 7888 7887 7877
f 7879 7889 7888 7878
f 7880 7890 7889 7879
f 7881 7891 7890 7880
f 7882 7892 7891 7881
f 7883 7893 7892 7882
f 7884 7894 7893 7883
f 7885 7895 7894 7884
f 7886 7896 7895 7885
f 7877 7887 7896 7886
f 7879 7878 7877
f 7880 7879 7877
f 7881 7880 7877
f 7882 7881 7877
f 7883 7882 7877
f 7884 7883 7877
f 7885 7884 7877
f 7886 7885 7877
f 7888 7889 7887
f 7889 7890 7887
f 7890 7891 7887
f 7891 7892 7887
f 7892 7893 7887
f 7893 7894 7887
f 7894 7895 7887
f 7895 7896 7887
f 7898 7908 7907 7897
f 7899 7909 7908 7898
f 7900 7910 7909 7899
f 7901 7911 7910 7900
f 7902 7912 7911 7901
f 7903 7913 7912 7902
f 7904 7914 7913 7903
f 7905 7915 7914 7904
f 7906 7916 7915 7905
f 7897 7907 7916 7906
f 7899 7898 7897
f 7900 7899 7897
f 7901 7900 7897
f 7902 7901 7897
f 7903 7902 7897
f 7904 7903 7897
f 7905 7904 7897
f 7906 7905 7897
f 7908 7909 7907
f 7909 7910 7907
f 7910 7911 7907
f 7911 7912 7907
f 7912 7913 7907
f 7913 7914 7907
f 7914 7915 7907
f 7915 7916 7907
f 7918 7928 7927 7917
f 7919 7929 7928 7918
f 7920 7930 7929 7919
f 7921 7931 7930 7920
f 7922 7932 7931 7921
f 7923 7933 7932 7922
f 7924 7934 7933 7923
f 7925 7935 7934 7924
f 7926 7936 7935 7925
f 7917 7927 7936 7926
f 7919 7918 7917
f 7920 7919 7917
f 7921 7920 7917
f 7922 7921 7917
f 7923 7922 7917
f 7924 7923 7917
f 7925 7924 7917
f 7926 7925 7917
f 7928 7929 7927
f 7929 7930 7927
f 7930 7931 7927
f 7931 7932 7927
f 7932 7933 7927
f 7933 7934 7927
f 7934 7935 7927
f 7935 7936 7927
usemtl azul
f 7938 7946 7945 7937
f 7939 7947 7946 7938
f 7940 7948 7947 7939
f 7941 7949 7948 7940
f 7942 7950 7949 7941
f 7943 7951 7950 7942
f 7944 7952 7951 7943
f 7937 7945 7952 7944
f 7939 7938 7937
f 7940 7939 7937
f 7941 7940 7937
f 7942 7941 7937
f 7943 7942 7937
f 7944 7943 7937
f 7946 7947 7945
f 7947 7948 7945
f 7948 7949 7945
f 7949 7950 7945
f 7950 7951 7945
f 7951 7952 7945
usemtl vidrio
f 7954 7958 7957 7953
f 7955 7959 7958 7954
f 7956 7960 7959 7955
f 7953 7957 7960 7956
f 7955 7954 7953
f 7956 7955 7953
f 7958 7959 7957
f 7959 7960 7957
usemtl llanta
f 7962 7972 7971 7961
f 7963 7973 7972 7962
f 7964 7974 7973 7963
f 7965 7975 7974 7964
f 7966 7976 7975 7965
f 7967 7977 7976 7966
f 7968 7978 7977 7967
f 7969 7979 7978 7968
f 7970 7980 7979 7969
f 7961 7971 7980 7970
f 7963 7962 7961
f 7964 7963 7961
f 7965 7964 7961
f 7966 7965 7961
f 7967 7966 7961
f 7968 7967 7961
f 7969 7968 7961
f 7970 7969 7961
f 7972 7973 7971
f 7973 7974 7971
f 7974 7975 7971
f 7975 7976 7971
f 7976 7977 7971
f 7977 7978 7971
f 7978 7979 7971
f 7979 7980 7971
f 7982 7992 7991 7981
f 7983 7993 7992 7982
f 7984 7994 7993 7983
f 7985 7995 7994 7984
f 7986 7996 7995 7985
f 7987 7997 7996 7986
f 7988 7998 7997 7987
f 7989 7999 7998 7988
f 7990 8000 7999 7989
f 7981 7991 8000 7990
f 7983 7982 7981
f 7984 7983 7981
f 7985 7984 7981
f 7986 7985 7981
f 7987 7986 7981
f 7988 7987 7981
f 7989 7988 7981
f 7990 7989 7981
f 7992 7993 7991
f 7993 7994 7991
f 7994 7995 7991
f 7995 7996 7991
f 7996 7997 7991
f 7997 7998 7991
f 7998 7999 7991
f 7999 8000 7991
f 8002 8012 8011 8001
f 8003 8013 8012 8002
f 8004 8014 8013 8003
f 8005 8015 8014 8004
f 8006 8016 8015 8005
f 8007 8017 8016 8006
f 8008 8018 8017 8007
f 8009 8019 8018 8008
f 8010 8020 8019 8009
f 8001 8011 8020 8010
f 8003 8002 8001
f 8004 8003 8001
f 8005 8004 8001
f 8006 8005 8001
f 8007 8006 8001
f 8008 8007 8001
f 8009 8008 8001
f 8010 8009 8001
f 8012 8013 8011
f 8013 8014 8011
f 8014 8015 8011
f 8015 8016 8011
f 8016 8017 8011
f 8017 8018 8011
f 8018 8019 8011
f 8019 8020 8011
f 8022 8032 8031 8021
f 8023 8033 8032 8022
f 8024 8034 8033 8023
f 8025 8035 8034 8024
f 8026 8036 8035 8025
f 8027 8037 8036 8026
f 8028 8038 8037 8027
f 8029 8039 8038 8028
f 8030 8040 8039 8029
f 8021 8031 8040 8030
f 8023 8022 8021
f 8024 8023 8021
f 8025 8024 8021
f 8026 8025 8021
f 8027 8026 8021
f 8028 8027 8021
f 8029 8028 8021
f 8030 8029 8021
f 8032 8033 8031
f 8033 8034 8031
f 8034 8035 8031
f 8035 8036 8031
f 8036 8037 8031
f 8037 8038 8031
f 8038 8039 8031
f 8039 8040 8031
o Arboles
usemtl tronco
f 8053 8054 8042 8041
f 8054 8055 8043 8042
f 8055 8056 8044 8043
f 8056 8057 8045 8044
f 8057 8058 8046 8045
f 8058 8059 8047 8046
f 8059 8060 8048 8047
f 8060 8061 8049 8048
f 8061 8062 8050 8049
f 8062 8063 8051 8050
f 8063 8064 8052 8051
f 8064 8053 8041 8052
f 8055 8054 8053
f 8056 8055 8053
f 8057 8056 8053
f 8058 8057 8053
f 8059 8058 8053
f 8060 8059 8053
f 8061 8060 8053
f 8062 8061 8053
f 8063 8062 8053
f 8064 8063 8053
f 8042 8043 8041
f 8043 8044 8041
f 8044 8045 8041
f 8045 8046 8041
f 8046 8047 8041
f 8047 8048 8041
f 8048 8049 8041
f 8049 8050 8041
f 8050 8051 8041
f 8051 8052 8041
usemtl copa
f 8073 8074 8066 8065
f 8074 8075 8067 8066
f 8075 8076 8068 8067
f 8076 8077 8069 8068
f 8077 8078 8070 8069
f 8078 8079 8071 8070
f 8079 8080 8072 8071
f 8080 8073 8065 8072
f 8075 8074 8073
f 8076 8075 8073
f 8077 8076 8073
f 8078 8077 8073
f 8079 8078 8073
f 8080 8079 8073
f 8066 8067 8065
f 8067 8068 8065
f 8068 8069 8065
f 8069 8070 8065
f 8070 8071 8065
f 8071 8072 8065
f 8089 8090 8082 8081
f 8090 8091 8083 8082
f 8091 8092 8084 8083
f 8092 8093 8085 8084
f 8093 8094 8086 8085
f 8094 8095 8087 8086
f 8095 8096 8088 8087
f 8096 8089 8081 8088
f 8091 8090 8089
f 8092 8091 8089
f 8093 8092 8089
f 8094 8093 8089
f 8095 8094 8089
f 8096 8095 8089
f 8082 8083 8081
f 8083 8084 8081
f 8084 8085 8081
f 8085 8086 8081
f 8086 8087 8081
f 8087 8088 8081
f 8105 8106 8098 8097
f 8106 8107 8099 8098
f 8107 8108 8100 8099
f 8108 8109 8101 8100
f 8109 8110 8102 8101
f 8110 8111 8103 8102
f 8111 8112 8104 8103
f 8112 8105 8097 8104
f 8107 8106 8105
f 8108 8107 8105
f 8109 8108 8105
f 8110 8109 8105
f 8111 8110 8105
f 8112 8111 8105
f 8098 8099 8097
f 8099 8100 8097
f 8100 8101 8097
f 8101 8102 8097
f 8102 8103 8097
f 8103 8104 8097
usemtl tronco
f 8125 8126 8114 8113
f 8126 8127 8115 8114
f 8127 8128 8116 8115
f 8128 8129 8117 8116
f 8129 8130 8118 8117
f 8130 8131 8119 8118
f 8131 8132 8120 8119
f 8132 8133 8121 8120
f 8133 8134 8122 8121
f 8134 8135 8123 8122
f 8135 8136 8124 8123
f 8136 8125 8113 8124
f 8127 8126 8125
f 8128 8127 8125
f 8129 8128 8125
f 8130 8129 8125
f 8131 8130 8125
f 8132 8131 8125
f 8133 8132 8125
f 8134 8133 8125
f 8135 8134 8125
f 8136 8135 8125
f 8114 8115 8113
f 8115 8116 8113
f 8116 8117 8113
f 8117 8118 8113
f 8118 8119 8113
f 8119 8120 8113
f 8120 8121 8113
f 8121 8122 8113
f 8122 8123 8113
f 8123 8124 8113
usemtl copaClara
f 8145 8146 8138 8137
f 8146 8147 8139 8138
f 8147 8148 8140 8139
f 8148 8149 8141 8140
f 8149 8150 8142 8141
f 8150 8151 8143 8142
f 8151 8152 8144 8143
f 8152 8145 8137 8144
f 8147 8146 8145
f 8148 8147 8145
f 8149 8148 8145
f 8150 8149 8145
f 8151 8150 8145
f 8152 8151 8145
f 8138 8139 8137
f 8139 8140 8137
f 8140 8141 8137
f 8141 8142 8137
f 8142 8143 8137
f 8143 8144 8137
f 8161 8162 8154 8153
f 8162 8163 8155 8154
f 8163 8164 8156 8155
f 8164 8165 8157 8156
f 8165 8166 8158 8157
f 8166 8167 8159 8158
f 8167 8168 8160 8159
f 8168 8161 8153 8160
f 8163 8162 8161
f 8164 8163 8161
f 8165 8164 8161
f 8166 8165 8161
f 8167 8166 8161
f 8168 8167 8161
f 8154 8155 8153
f 8155 8156 8153
f 8156 8157 8153
f 8157 8158 8153
f 8158 8159 8153
f 8159 8160 8153
f 8177 8178 8170 8169
f 8178 8179 8171 8170
f 8179 8180 8172 8171
f 8180 8181 8173 8172
f 8181 8182 8174 8173
f 8182 8183 8175 8174
f 8183 8184 8176 8175
f 8184 8177 8169 8176
f 8179 8178 8177
f 8180 8179 8177
f 8181 8180 8177
f 8182 8181 8177
f 8183 8182 8177
f 8184 8183 8177
f 8170 8171 8169
f 8171 8172 8169
f 8172 8173 8169
f 8173 8174 8169
f 8174 8175 8169
f 8175 8176 8169
usemtl tronco
f 8197 8198 8186 8185
f 8198 8199 8187 8186
f 8199 8200 8188 8187
f 8200 8201 8189 8188
f 8201 8202 8190 8189
f 8202 8203 8191 8190
f 8203 8204 8192 8191
f 8204 8205 8193 8192
f 8205 8206 8194 8193
f 8206 8207 8195 8194
f 8207 8208 8196 8195
f 8208 8197 8185 8196
f 8199 8198 8197
f 8200 8199 8197
f 8201 8200 8197
f 8202 8201 8197
f 8203 8202 8197
f 8204 8203 8197
f 8205 8204 8197
f 8206 8205 8197
f 8207 8206 8197
f 8208 8207 8197
f 8186 8187 8185
f 8187 8188 8185
f 8188 8189 8185
f 8189 8190 8185
f 8190 8191 8185
f 8191 8192 8185
f 8192 8193 8185
f 8193 8194 8185
f 8194 8195 8185
f 8195 8196 8185
usemtl copa
f 8217 8218 8210 8209
f 8218 8219 8211 8210
f 8219 8220 8212 8211
f 8220 8221 8213 8212
f 8221 8222 8214 8213
f 8222 8223 8215 8214
f 8223 8224 8216 8215
f 8224 8217 8209 8216
f 8219 8218 8217
f 8220 8219 8217
f 8221 8220 8217
f 8222 8221 8217
f 8223 8222 8217
f 8224 8223 8217
f 8210 8211 8209
f 8211 8212 8209
f 8212 8213 8209
f 8213 8214 8209
f 8214 8215 8209
f 8215 8216 8209
f 8233 8234 8226 8225
f 8234 8235 8227 8226
f 8235 8236 8228 8227
f 8236 8237 8229 8228
f 8237 8238 8230 8229
f 8238 8239 8231 8230
f 8239 8240 8232 8231
f 8240 8233 8225 8232
f 8235 8234 8233
f 8236 8235 8233
f 8237 8236 8233
f 8238 8237 8233
f 8239 8238 8233
f 8240 8239 8233
f 8226 8227 8225
f 8227 8228 8225
f 8228 8229 8225
f 8229 8230 8225
f 8230 8231 8225
f 8231 8232 8225
f 8249 8250 8242 8241
f 8250 8251 8243 8242
f 8251 8252 8244 8243
f 8252 8253 8245 8244
f 8253 8254 8246 8245
f 8254 8255 8247 8246
f 8255 8256 8248 8247
f 8256 8249 8241 8248
f 8251 8250 8249
f 8252 8251 8249
f 8253 8252 8249
f 8254 8253 8249
f 8255 8254 8249
f 8256 8255 8249
f 8242 8243 8241
f 8243 8244 8241
f 8244 8245 8241
f 8245 8246 8241
f 8246 8247 8241
f 8247 8248 8241
usemtl tronco
f 8269 8270 8258 8257
f 8270 8271 8259 8258
f 8271 8272 8260 8259
f 8272 8273 8261 8260
f 8273 8274 8262 8261
f 8274 8275 8263 8262
f 8275 8276 8264 8263
f 8276 8277 8265 8264
f 8277 8278 8266 8265
f 8278 8279 8267 8266
f 8279 8280 8268 8267
f 8280 8269 8257 8268
f 8271 8270 8269
f 8272 8271 8269
f 8273 8272 8269
f 8274 8273 8269
f 8275 8274 8269
f 8276 8275 8269
f 8277 8276 8269
f 8278 8277 8269
f 8279 8278 8269
f 8280 8279 8269
f 8258 8259 8257
f 8259 8260 8257
f 8260 8261 8257
f 8261 8262 8257
f 8262 8263 8257
f 8263 8264 8257
f 8264 8265 8257
f 8265 8266 8257
f 8266 8267 8257
f 8267 8268 8257
usemtl copa
f 8289 8290 8282 8281
f 8290 8291 8283 8282
f 8291 8292 8284 8283
f 8292 8293 8285 8284
f 8293 8294 8286 8285
f 8294 8295 8287 8286
f 8295 8296 8288 8287
f 8296 8289 8281 8288
f 8291 8290 8289
f 8292 8291 8289
f 8293 8292 8289
f 8294 8293 8289
f 8295 8294 8289
f 8296 8295 8289
f 8282 8283 8281
f 8283 8284 8281
f 8284 8285 8281
f 8285 8286 8281
f 8286 8287 8281
f 8287 8288 8281
f 8305 8306 8298 8297
f 8306 8307 8299 8298
f 8307 8308 8300 8299
f 8308 8309 8301 8300
f 8309 8310 8302 8301
f 8310 8311 8303 8302
f 8311 8312 8304 8303
f 8312 8305 8297 8304
f 8307 8306 8305
f 8308 8307 8305
f 8309 8308 8305
f 8310 8309 8305
f 8311 8310 8305
f 8312 8311 8305
f 8298 8299 8297
f 8299 8300 8297
f 8300 8301 8297
f 8301 8302 8297
f 8302 8303 8297
f 8303 8304 8297
f 8321 8322 8314 8313
f 8322 8323 8315 8314
f 8323 8324 8316 8315
f 8324 8325 8317 8316
f 8325 8326 8318 8317
f 8326 8327 8319 8318
f 8327 8328 8320 8319
f 8328 8321 8313 8320
f 8323 8322 8321
f 8324 8323 8321
f 8325 8324 8321
f 8326 8325 8321
f 8327 8326 8321
f 8328 8327 8321
f 8314 8315 8313
f 8315 8316 8313
f 8316 8317 8313
f 8317 8318 8313
f 8318 8319 8313
f 8319 8320 8313
usemtl tronco
f 8341 8342 8330 8329
f 8342 8343 8331 8330
f 8343 8344 8332 8331
f 8344 8345 8333 8332
f 8345 8346 8334 8333
f 8346 8347 8335 8334
f 8347 8348 8336 8335
f 8348 8349 8337 8336
f 8349 8350 8338 8337
f 8350 8351 8339 8338
f 8351 8352 8340 8339
f 8352 8341 8329 8340
f 8343 8342 8341
f 8344 8343 8341
f 8345 8344 8341
f 8346 8345 8341
f 8347 8346 8341
f 8348 8347 8341
f 8349 8348 8341
f 8350 8349 8341
f 8351 8350 8341
f 8352 8351 8341
f 8330 8331 8329
f 8331 8332 8329
f 8332 8333 8329
f 8333 8334 8329
f 8334 8335 8329
f 8335 8336 8329
f 8336 8337 8329
f 8337 8338 8329
f 8338 8339 8329
f 8339 8340 8329
usemtl copaClara
f 8361 8362 8354 8353
f 8362 8363 8355 8354
f 8363 8364 8356 8355
f 8364 8365 8357 8356
f 8365 8366 8358 8357
f 8366 8367 8359 8358
f 8367 8368 8360 8359
f 8368 8361 8353 8360
f 8363 8362 8361
f 8364 8363 8361
f 8365 8364 8361
f 8366 8365 8361
f 8367 8366 8361
f 8368 8367 8361
f 8354 8355 8353
f 8355 8356 8353
f 8356 8357 8353
f 8357 8358 8353
f 8358 8359 8353
f 8359 8360 8353
f 8377 8378 8370 8369
f 8378 8379 8371 8370
f 8379 8380 8372 8371
f 8380 8381 8373 8372
f 8381 8382 8374 8373
f 8382 8383 8375 8374
f 8383 8384 8376 8375
f 8384 8377 8369 8376
f 8379 8378 8377
f 8380 8379 8377
f 8381 8380 8377
f 8382 8381 8377
f 8383 8382 8377
f 8384 8383 8377
f 8370 8371 8369
f 8371 8372 8369
f 8372 8373 8369
f 8373 8374 8369
f 8374 8375 8369
f 8375 8376 8369
f 8393 8394 8386 8385
f 8394 8395 8387 8386
f 8395 8396 8388 8387
f 8396 8397 8389 8388
f 8397 8398 8390 8389
f 8398 8399 8391 8390
f 8399 8400 8392 8391
f 8400 8393 8385 8392
f 8395 8394 8393
f 8396 8395 8393
f 8397 8396 8393
f 8398 8397 8393
f 8399 8398 8393
f 8400 8399 8393
f 8386 8387 8385
f 8387 8388 8385
f 8388 8389 8385
f 8389 8390 8385
f 8390 8391 8385
f 8391 8392 8385
usemtl tronco
f 8413 8414 8402 8401
f 8414 8415 8403 8402
f 8415 8416 8404 8403
f 8416 8417 8405 8404
f 8417 8418 8406 8405
f 8418 8419 8407 8406
f 8419 8420 8408 8407
f 8420 8421 8409 8408
f 8421 8422 8410 8409
f 8422 8423 8411 8410
f 8423 8424 8412 8411
f 8424 8413 8401 8412
f 8415 8414 8413
f 8416 8415 8413
f 8417 8416 8413
f 8418 8417 8413
f 8419 8418 8413
f 8420 8419 8413
f 8421 8420 8413
f 8422 8421 8413
f 8423 8422 8413
f 8424 8423 8413
f 8402 8403 8401
f 8403 8404 8401
f 8404 8405 8401
f 8405 8406 8401
f 8406 8407 8401
f 8407 8408 8401
f 8408 8409 8401
f 8409 8410 8401
f 8410 8411 8401
f 8411 8412 8401
usemtl copa
f 8433 8434 8426 8425
f 8434 8435 8427 8426
f 8435 8436 8428 8427
f 8436 8437 8429 8428
f 8437 8438 8430 8429
f 8438 8439 8431 8430
f 8439 8440 8432 8431
f 8440 8433 8425 8432
f 8435 8434 8433
f 8436 8435 8433
f 8437 8436 8433
f 8438 8437 8433
f 8439 8438 8433
f 8440 8439 8433
f 8426 8427 8425
f 8427 8428 8425
f 8428 8429 8425
f 8429 8430 8425
f 8430 8431 8425
f 8431 8432 8425
f 8449 8450 8442 8441
f 8450 8451 8443 8442
f 8451 8452 8444 8443
f 8452 8453 8445 8444
f 8453 8454 8446 8445
f 8454 8455 8447 8446
f 8455 8456 8448 8447
f 8456 8449 8441 8448
f 8451 8450 8449
f 8452 8451 8449
f 8453 8452 8449
f 8454 8453 8449
f 8455 8454 8449
f 8456 8455 8449
f 8442 8443 8441
f 8443 8444 8441
f 8444 8445 8441
f 8445 8446 8441
f 8446 8447 8441
f 8447 8448 8441
f 8465 8466 8458 8457
f 8466 8467 8459 8458
f 8467 8468 8460 8459
f 8468 8469 8461 8460
f 8469 8470 8462 8461
f 8470 8471 8463 8462
f 8471 8472 8464 8463
f 8472 8465 8457 8464
f 8467 8466 8465
f 8468 8467 8465
f 8469 8468 8465
f 8470 8469 8465
f 8471 8470 8465
f 8472 8471 8465
f 8458 8459 8457
f 8459 8460 8457
f 8460 8461 8457
f 8461 8462 8457
f 8462 8463 8457
f 8463 8464 8457
usemtl tronco
f 8485 8486 8474 8473
f 8486 8487 8475 8474
f 8487 8488 8476 8475
f 8488 8489 8477 8476
f 8489 8490 8478 8477
f 8490 8491 8479 8478
f 8491 8492 8480 8479
f 8492 8493 8481 8480
f 8493 8494 8482 8481
f 8494 8495 8483 8482
f 8495 8496 8484 8483
f 8496 8485 8473 8484
f 8487 8486 8485
f 8488 8487 8485
f 8489 8488 8485
f 8490 8489 8485
f 8491 8490 8485
f 8492 8491 8485
f 8493 8492 8485
f 8494 8493 8485
f 8495 8494 8485
f 8496 8495 8485
f 8474 8475 8473
f 8475 8476 8473
f 8476 8477 8473
f 8477 8478 8473
f 8478 8479 8473
f 8479 8480 8473
f 8480 8481 8473
f 8481 8482 8473
f 8482 8483 8473
f 8483 8484 8473
usemtl copa
f 8505 8506 8498 8497
f 8506 8507 8499 8498
f 8507 8508 8500 8499
f 8508 8509 8501 8500
f 8509 8510 8502 8501
f 8510 8511 8503 8502
f 8511 8512 8504 8503
f 8512 8505 8497 8504
f 8507 8506 8505
f 8508 8507 8505
f 8509 8508 8505
f 8510 8509 8505
f 8511 8510 8505
f 8512 8511 8505
f 8498 8499 8497
f 8499 8500 8497
f 8500 8501 8497
f 8501 8502 8497
f 8502 8503 8497
f 8503 8504 8497
f 8521 8522 8514 8513
f 8522 8523 8515 8514
f 8523 8524 8516 8515
f 8524 8525 8517 8516
f 8525 8526 8518 8517
f 8526 8527 8519 8518
f 8527 8528 8520 8519
f 8528 8521 8513 8520
f 8523 8522 8521
f 8524 8523 8521
f 8525 8524 8521
f 8526 8525 8521
f 8527 8526 8521
f 8528 8527 8521
f 8514 8515 8513
f 8515 8516 8513
f 8516 8517 8513
f 8517 8518 8513
f 8518 8519 8513
f 8519 8520 8513
f 8537 8538 8530 8529
f 8538 8539 8531 8530
f 8539 8540 8532 8531
f 8540 8541 8533 8532
f 8541 8542 8534 8533
f 8542 8543 8535 8534
f 8543 8544 8536 8535
f 8544 8537 8529 8536
f 8539 8538 8537
f 8540 8539 8537
f 8541 8540 8537
f 8542 8541 8537
f 8543 8542 8537
f 8544 8543 8537
f 8530 8531 8529
f 8531 8532 8529
f 8532 8533 8529
f 8533 8534 8529
f 8534 8535 8529
f 8535 8536 8529
usemtl tronco
f 8557 8558 8546 8545
f 8558 8559 8547 8546
f 8559 8560 8548 8547
f 8560 8561 8549 8548
f 8561 8562 8550 8549
f 8562 8563 8551 8550
f 8563 8564 8552 8551
f 8564 8565 8553 8552
f 8565 8566 8554 8553
f 8566 8567 8555 8554
f 8567 8568 8556 8555
f 8568 8557 8545 8556
f 8559 8558 8557
f 8560 8559 8557
f 8561 8560 8557
f 8562 8561 8557
f 8563 8562 8557
f 8564 8563 8557
f 8565 8564 8557
f 8566 8565 8557
f 8567 8566 8557
f 8568 8567 8557
f 8546 8547 8545
f 8547 8548 8545
f 8548 8549 8545
f 8549 8550 8545
f 8550 8551 8545
f 8551 8552 8545
f 8552 8553 8545
f 8553 8554 8545
f 8554 8555 8545
f 8555 8556 8545
usemtl copaClara
f 8577 8578 8570 8569
f 8578 8579 8571 8570
f 8579 8580 8572 8571
f 8580 8581 8573 8572
f 8581 8582 8574 8573
f 8582 8583 8575 8574
f 8583 8584 8576 8575
f 8584 8577 8569 8576
f 8579 8578 8577
f 8580 8579 8577
f 8581 8580 8577
f 8582 8581 8577
f 8583 8582 8577
f 8584 8583 8577
f 8570 8571 8569
f 8571 8572 8569
f 8572 8573 8569
f 8573 8574 8569
f 8574 8575 8569
f 8575 8576 8569
f 8593 8594 8586 8585
f 8594 8595 8587 8586
f 8595 8596 8588 8587
f 8596 8597 8589 8588
f 8597 8598 8590 8589
f 8598 8599 8591 8590
f 8599 8600 8592 8591
f 8600 8593 8585 8592
f 8595 8594 8593
f 8596 8595 8593
f 8597 8596 8593
f 8598 8597 8593
f 8599 8598 8593
f 8600 8599 8593
f 8586 8587 8585
f 8587 8588 8585
f 8588 8589 8585
f 8589 8590 8585
f 8590 8591 8585
f 8591 8592 8585
f 8609 8610 8602 8601
f 8610 8611 8603 8602
f 8611 8612 8604 8603
f 8612 8613 8605 8604
f 8613 8614 8606 8605
f 8614 8615 8607 8606
f 8615 8616 8608 8607
f 8616 8609 8601 8608
f 8611 8610 8609
f 8612 8611 8609
f 8613 8612 8609
f 8614 8613 8609
f 8615 8614 8609
f 8616 8615 8609
f 8602 8603 8601
f 8603 8604 8601
f 8604 8605 8601
f 8605 8606 8601
f 8606 8607 8601
f 8607 8608 8601
usemtl tronco
f 8629 8630 8618 8617
f 8630 8631 8619 8618
f 8631 8632 8620 8619
f 8632 8633 8621 8620
f 8633 8634 8622 8621
f 8634 8635 8623 8622
f 8635 8636 8624 8623
f 8636 8637 8625 8624
f 8637 8638 8626 8625
f 8638 8639 8627 8626
f 8639 8640 8628 8627
f 8640 8629 8617 8628
f 8631 8630 8629
f 8632 8631 8629
f 8633 8632 8629
f 8634 8633 8629
f 8635 8634 8629
f 8636 8635 8629
f 8637 8636 8629
f 8638 8637 8629
f 8639 8638 8629
f 8640 8639 8629
f 8618 8619 8617
f 8619 8620 8617
f 8620 8621 8617
f 8621 8622 8617
f 8622 8623 8617
f 8623 8624 8617
f 8624 8625 8617
f 8625 8626 8617
f 8626 8627 8617
f 8627 8628 8617
usemtl copa
f 8649 8650 8642 8641
f 8650 8651 8643 8642
f 8651 8652 8644 8643
f 8652 8653 8645 8644
f 8653 8654 8646 8645
f 8654 8655 8647 8646
f 8655 8656 8648 8647
f 8656 8649 8641 8648
f 8651 8650 8649
f 8652 8651 8649
f 8653 8652 8649
f 8654 8653 8649
f 8655 8654 8649
f 8656 8655 8649
f 8642 8643 8641
f 8643 8644 8641
f 8644 8645 8641
f 8645 8646 8641
f 8646 8647 8641
f 8647 8648 8641
f 8665 8666 8658 8657
f 8666 8667 8659 8658
f 8667 8668 8660 8659
f 8668 8669 8661 8660
f 8669 8670 8662 8661
f 8670 8671 8663 8662
f 8671 8672 8664 8663
f 8672 8665 8657 8664
f 8667 8666 8665
f 8668 8667 8665
f 8669 8668 8665
f 8670 8669 8665
f 8671 8670 8665
f 8672 8671 8665
f 8658 8659 8657
f 8659 8660 8657
f 8660 8661 8657
f 8661 8662 8657
f 8662 8663 8657
f 8663 8664 8657
f 8681 8682 8674 8673
f 8682 8683 8675 8674
f 8683 8684 8676 8675
f 8684 8685 8677 8676
f 8685 8686 8678 8677
f 8686 8687 8679 8678
f 8687 8688 8680 8679
f 8688 8681 8673 8680
f 8683 8682 8681
f 8684 8683 8681
f 8685 8684 8681
f 8686 8685 8681
f 8687 8686 8681
f 8688 8687 8681
f 8674 8675 8673
f 8675 8676 8673
f 8676 8677 8673
f 8677 8678 8673
f 8678 8679 8673
f 8679 8680 8673
usemtl tronco
f 8701 8702 8690 8689
f 8702 8703 8691 8690
f 8703 8704 8692 8691
f 8704 8705 8693 8692
f 8705 8706 8694 8693
f 8706 8707 8695 8694
f 8707 8708 8696 8695
f 8708 8709 8697 8696
f 8709 8710 8698 8697
f 8710 8711 8699 8698
f 8711 8712 8700 8699
f 8712 8701 8689 8700
f 8703 8702 8701
f 8704 8703 8701
f 8705 8704 8701
f 8706 8705 8701
f 8707 8706 8701
f 8708 8707 8701
f 8709 8708 8701
f 8710 8709 8701
f 8711 8710 8701
f 8712 8711 8701
f 8690 8691 8689
f 8691 8692 8689
f 8692 8693 8689
f 8693 8694 8689
f 8694 8695 8689
f 8695 8696 8689
f 8696 8697 8689
f 8697 8698 8689
f 8698 8699 8689
f 8699 8700 8689
usemtl copa
f 8721 8722 8714 8713
f 8722 8723 8715 8714
f 8723 8724 8716 8715
f 8724 8725 8717 8716
f 8725 8726 8718 8717
f 8726 8727 8719 8718
f 8727 8728 8720 8719
f 8728 8721 8713 8720
f 8723 8722 8721
f 8724 8723 8721
f 8725 8724 8721
f 8726 8725 8721
f 8727 8726 8721
f 8728 8727 8721
f 8714 8715 8713
f 8715 8716 8713
f 8716 8717 8713
f 8717 8718 8713
f 8718 8719 8713
f 8719 8720 8713
f 8737 8738 8730 8729
f 8738 8739 8731 8730
f 8739 8740 8732 8731
f 8740 8741 8733 8732
f 8741 8742 8734 8733
f 8742 8743 8735 8734
f 8743 8744 8736 8735
f 8744 8737 8729 8736
f 8739 8738 8737
f 8740 8739 8737
f 8741 8740 8737
f 8742 8741 8737
f 8743 8742 8737
f 8744 8743 8737
f 8730 8731 8729
f 8731 8732 8729
f 8732 8733 8729
f 8733 8734 8729
f 8734 8735 8729
f 8735 8736 8729
f 8753 8754 8746 8745
f 8754 8755 8747 8746
f 8755 8756 8748 8747
f 8756 8757 8749 8748
f 8757 8758 8750 8749
f 8758 8759 8751 8750
f 8759 8760 8752 8751
f 8760 8753 8745 8752
f 8755 8754 8753
f 8756 8755 8753
f 8757 8756 8753
f 8758 8757 8753
f 8759 8758 8753
f 8760 8759 8753
f 8746 8747 8745
f 8747 8748 8745
f 8748 8749 8745
f 8749 8750 8745
f 8750 8751 8745
f 8751 8752 8745
usemtl tronco
f 8773 8774 8762 8761
f 8774 8775 8763 8762
f 8775 8776 8764 8763
f 8776 8777 8765 8764
f 8777 8778 8766 8765
f 8778 8779 8767 8766
f 8779 8780 8768 8767
f 8780 8781 8769 8768
f 8781 8782 8770 8769
f 8782 8783 8771 8770
f 8783 8784 8772 8771
f 8784 8773 8761 8772
f 8775 8774 8773
f 8776 8775 8773
f 8777 8776 8773
f 8778 8777 8773
f 8779 8778 8773
f 8780 8779 8773
f 8781 8780 8773
f 8782 8781 8773
f 8783 8782 8773
f 8784 8783 8773
f 8762 8763 8761
f 8763 8764 8761
f 8764 8765 8761
f 8765 8766 8761
f 8766 8767 8761
f 8767 8768 8761
f 8768 8769 8761
f 8769 8770 8761
f 8770 8771 8761
f 8771 8772 8761
usemtl copaClara
f 8793 8794 8786 8785
f 8794 8795 8787 8786
f 8795 8796 8788 8787
f 8796 8797 8789 8788
f 8797 8798 8790 8789
f 8798 8799 8791 8790
f 8799 8800 8792 8791
f 8800 8793 8785 8792
f 8795 8794 8793
f 8796 8795 8793
f 8797 8796 8793
f 8798 8797 8793
f 8799 8798 8793
f 8800 8799 8793
f 8786 8787 8785
f 8787 8788 8785
f 8788 8789 8785
f 8789 8790 8785
f 8790 8791 8785
f 8791 8792 8785
f 8809 8810 8802 8801
f 8810 8811 8803 8802
f 8811 8812 8804 8803
f 8812 8813 8805 8804
f 8813 8814 8806 8805
f 8814 8815 8807 8806
f 8815 8816 8808 8807
f 8816 8809 8801 8808
f 8811 8810 8809
f 8812 8811 8809
f 8813 8812 8809
f 8814 8813 8809
f 8815 8814 8809
f 8816 8815 8809
f 8802 8803 8801
f 8803 8804 8801
f 8804 8805 8801
f 8805 8806 8801
f 8806 8807 8801
f 8807 8808 8801
f 8825 8826 8818 8817
f 8826 8827 8819 8818
f 8827 8828 8820 8819
f 8828 8829 8821 8820
f 8829 8830 8822 8821
f 8830 8831 8823 8822
f 8831 8832 8824 8823
f 8832 8825 8817 8824
f 8827 8826 8825
f 8828 8827 8825
f 8829 8828 8825
f 8830 8829 8825
f 8831 8830 8825
f 8832 8831 8825
f 8818 8819 8817
f 8819 8820 8817
f 8820 8821 8817
f 8821 8822 8817
f 8822 8823 8817
f 8823 8824 8817
usemtl tronco
f 8845 8846 8834 8833
f 8846 8847 8835 8834
f 8847 8848 8836 8835
f 8848 8849 8837 8836
f 8849 8850 8838 8837
f 8850 8851 8839 8838
f 8851 8852 8840 8839
f 8852 8853 8841 8840
f 8853 8854 8842 8841
f 8854 8855 8843 8842
f 8855 8856 8844 8843
f 8856 8845 8833 8844
f 8847 8846 8845
f 8848 8847 8845
f 8849 8848 8845
f 8850 8849 8845
f 8851 8850 8845
f 8852 8851 8845
f 8853 8852 8845
f 8854 8853 8845
f 8855 8854 8845
f 8856 8855 8845
f 8834 8835 8833
f 8835 8836 8833
f 8836 8837 8833
f 8837 8838 8833
f 8838 8839 8833
f 8839 8840 8833
f 8840 8841 8833
f 8841 8842 8833
f 8842 8843 8833
f 8843 8844 8833
usemtl copa
f 8865 8866 8858 8857
f 8866 8867 8859 8858
f 8867 8868 8860 8859
f 8868 8869 8861 8860
f 8869 8870 8862 8861
f 8870 8871 8863 8862
f 8871 8872 8864 8863
f 8872 8865 8857 8864
f 8867 8866 8865
f 8868 8867 8865
f 8869 8868 8865
f 8870 8869 8865
f 8871 8870 8865
f 8872 8871 8865
f 8858 8859 8857
f 8859 8860 8857
f 8860 8861 8857
f 8861 8862 8857
f 8862 8863 8857
f 8863 8864 8857
f 8881 8882 8874 8873
f 8882 8883 8875 8874
f 8883 8884 8876 8875
f 8884 8885 8877 8876
f 8885 8886 8878 8877
f 8886 8887 8879 8878
f 8887 8888 8880 8879
f 8888 8881 8873 8880
f 8883 8882 8881
f 8884 8883 8881
f 8885 8884 8881
f 8886 8885 8881
f 8887 8886 8881
f 8888 8887 8881
f 8874 8875 8873
f 8875 8876 8873
f 8876 8877 8873
f 8877 8878 8873
f 8878 8879 8873
f 8879 8880 8873
f 8897 8898 8890 8889
f 8898 8899 8891 8890
f 8899 8900 8892 8891
f 8900 8901 8893 8892
f 8901 8902 8894 8893
f 8902 8903 8895 8894
f 8903 8904 8896 8895
f 8904 8897 8889 8896
f 8899 8898 8897
f 8900 8899 8897
f 8901 8900 8897
f 8902 8901 8897
f 8903 8902 8897
f 8904 8903 8897
f 8890 8891 8889
f 8891 8892 8889
f 8892 8893 8889
f 8893 8894 8889
f 8894 8895 8889
f 8895 8896 8889
usemtl tronco
f 8917 8918 8906 8905
f 8918 8919 8907 8906
f 8919 8920 8908 8907
f 8920 8921 8909 8908
f 8921 8922 8910 8909
f 8922 8923 8911 8910
f 8923 8924 8912 8911
f 8924 8925 8913 8912
f 8925 8926 8914 8913
f 8926 8927 8915 8914
f 8927 8928 8916 8915
f 8928 8917 8905 8916
f 8919 8918 8917
f 8920 8919 8917
f 8921 8920 8917
f 8922 8921 8917
f 8923 8922 8917
f 8924 8923 8917
f 8925 8924 8917
f 8926 8925 8917
f 8927 8926 8917
f 8928 8927 8917
f 8906 8907 8905
f 8907 8908 8905
f 8908 8909 8905
f 8909 8910 8905
f 8910 8911 8905
f 8911 8912 8905
f 8912 8913 8905
f 8913 8914 8905
f 8914 8915 8905
f 8915 8916 8905
usemtl copa
f 8937 8938 8930 8929
f 8938 8939 8931 8930
f 8939 8940 8932 8931
f 8940 8941 8933 8932
f 8941 8942 8934 8933
f 8942 8943 8935 8934
f 8943 8944 8936 8935
f 8944 8937 8929 8936
f 8939 8938 8937
f 8940 8939 8937
f 8941 8940 8937
f 8942 8941 8937
f 8943 8942 8937
f 8944 8943 8937
f 8930 8931 8929
f 8931 8932 8929
f 8932 8933 8929
f 8933 8934 8929
f 8934 8935 8929
f 8935 8936 8929
f 8953 8954 8946 8945
f 8954 8955 8947 8946
f 8955 8956 8948 8947
f 8956 8957 8949 8948
f 8957 8958 8950 8949
f 8958 8959 8951 8950
f 8959 8960 8952 8951
f 8960 8953 8945 8952
f 8955 8954 8953
f 8956 8955 8953
f 8957 8956 8953
f 8958 8957 8953
f 8959 8958 8953
f 8960 8959 8953
f 8946 8947 8945
f 8947 8948 8945
f 8948 8949 8945
f 8949 8950 8945
f 8950 8951 8945
f 8951 8952 8945
f 8969 8970 8962 8961
f 8970 8971 8963 8962
f 8971 8972 8964 8963
f 8972 8973 8965 8964
f 8973 8974 8966 8965
f 8974 8975 8967 8966
f 8975 8976 8968 8967
f 8976 8969 8961 8968
f 8971 8970 8969
f 8972 8971 8969
f 8973 8972 8969
f 8974 8973 8969
f 8975 8974 8969
f 8976 8975 8969
f 8962 8963 8961
f 8963 8964 8961
f 8964 8965 8961
f 8965 8966 8961
f 8966 8967 8961
f 8967 8968 8961
usemtl tronco
f 8989 8990 8978 8977
f 8990 8991 8979 8978
f 8991 8992 8980 8979
f 8992 8993 8981 8980
f 8993 8994 8982 8981
f 8994 8995 8983 8982
f 8995 8996 8984 8983
f 8996 8997 8985 8984
f 8997 8998 8986 8985
f 8998 8999 8987 8986
f 8999 9000 8988 8987
f 9000 8989 8977 8988
f 8991 8990 8989
f 8992 8991 8989
f 8993 8992 8989
f 8994 8993 8989
f 8995 8994 8989
f 8996 8995 8989
f 8997 8996 8989
f 8998 8997 8989
f 8999 8998 8989
f 9000 8999 8989
f 8978 8979 8977
f 8979 8980 8977
f 8980 8981 8977
f 8981 8982 8977
f 8982 8983 8977
f 8983 8984 8977
f 8984 8985 8977
f 8985 8986 8977
f 8986 8987 8977
f 8987 8988 8977
usemtl copaClara
f 9009 9010 9002 9001
f 9010 9011 9003 9002
f 9011 9012 9004 9003
f 9012 9013 9005 9004
f 9013 9014 9006 9005
f 9014 9015 9007 9006
f 9015 9016 9008 9007
f 9016 9009 9001 9008
f 9011 9010 9009
f 9012 9011 9009
f 9013 9012 9009
f 9014 9013 9009
f 9015 9014 9009
f 9016 9015 9009
f 9002 9003 9001
f 9003 9004 9001
f 9004 9005 9001
f 9005 9006 9001
f 9006 9007 9001
f 9007 9008 9001
f 9025 9026 9018 9017
f 9026 9027 9019 9018
f 9027 9028 9020 9019
f 9028 9029 9021 9020
f 9029 9030 9022 9021
f 9030 9031 9023 9022
f 9031 9032 9024 9023
f 9032 9025 9017 9024
f 9027 9026 9025
f 9028 9027 9025
f 9029 9028 9025
f 9030 9029 9025
f 9031 9030 9025
f 9032 9031 9025
f 9018 9019 9017
f 9019 9020 9017
f 9020 9021 9017
f 9021 9022 9017
f 9022 9023 9017
f 9023 9024 9017
f 9041 9042 9034 9033
f 9042 9043 9035 9034
f 9043 9044 9036 9035
f 9044 9045 9037 9036
f 9045 9046 9038 9037
f 9046 9047 9039 9038
f 9047 9048 9040 9039
f 9048 9041 9033 9040
f 9043 9042 9041
f 9044 9043 9041
f 9045 9044 9041
f 9046 9045 9041
f 9047 9046 9041
f 9048 9047 9041
f 9034 9035 9033
f 9035 9036 9033
f 9036 9037 9033
f 9037 9038 9033
f 9038 9039 9033
f 9039 9040 9033
usemtl tronco
f 9061 9062 9050 9049
f 9062 9063 9051 9050
f 9063 9064 9052 9051
f 9064 9065 9053 9052
f 9065 9066 9054 9053
f 9066 9067 9055 9054
f 9067 9068 9056 9055
f 9068 9069 9057 9056
f 9069 9070 9058 9057
f 9070 9071 9059 9058
f 9071 9072 9060 9059
f 9072 9061 9049 9060
f 9063 9062 9061
f 9064 9063 9061
f 9065 9064 9061
f 9066 9065 9061
f 9067 9066 9061
f 9068 9067 9061
f 9069 9068 9061
f 9070 9069 9061
f 9071 9070 9061
f 9072 9071 9061
f 9050 9051 9049
f 9051 9052 9049
f 9052 9053 9049
f 9053 9054 9049
f 9054 9055 9049
f 9055 9056 9049
f 9056 9057 9049
f 9057 9058 9049
f 9058 9059 9049
f 9059 9060 9049
usemtl copa
f 9081 9082 9074 9073
f 9082 9083 9075 9074
f 9083 9084 9076 9075
f 9084 9085 9077 9076
f 9085 9086 9078 9077
f 9086 9087 9079 9078
f 9087 9088 9080 9079
f 9088 9081 9073 9080
f 9083 9082 9081
f 9084 9083 9081
f 9085 9084 9081
f 9086 9085 9081
f 9087 9086 9081
f 9088 9087 9081
f 9074 9075 9073
f 9075 9076 9073
f 9076 9077 9073
f 9077 9078 9073
f 9078 9079 9073
f 9079 9080 9073
f 9097 9098 9090 9089
f 9098 9099 9091 9090
f 9099 9100 9092 9091
f 9100 9101 9093 9092
f 9101 9102 9094 9093
f 9102 9103 9095 9094
f 9103 9104 9096 9095
f 9104 9097 9089 9096
f 9099 9098 9097
f 9100 9099 9097
f 9101 9100 9097
f 9102 9101 9097
f 9103 9102 9097
f 9104 9103 9097
f 9090 9091 9089
f 9091 9092 9089
f 9092 9093 9089
f 9093 9094 9089
f 9094 9095 9089
f 9095 9096 9089
f 9113 9114 9106 9105
f 9114 9115 9107 9106
f 9115 9116 9108 9107
f 9116 9117 9109 9108
f 9117 9118 9110 9109
f 9118 9119 9111 9110
f 9119 9120 9112 9111
f 9120 9113 9105 9112
f 9115 9114 9113
f 9116 9115 9113
f 9117 9116 9113
f 9118 9117 9113
f 9119 9118 9113
f 9120 9119 9113
f 9106 9107 9105
f 9107 9108 9105
f 9108 9109 9105
f 9109 9110 9105
f 9110 9111 9105
f 9111 9112 9105
usemtl tronco
f 9133 9134 9122 9121
f 9134 9135 9123 9122
f 9135 9136 9124 9123
f 9136 9137 9125 9124
f 9137 9138 9126 9125
f 9138 9139 9127 9126
f 9139 9140 9128 9127
f 9140 9141 9129 9128
f 9141 9142 9130 9129
f 9142 9143 9131 9130
f 9143 9144 9132 9131
f 9144 9133 9121 9132
f 9135 9134 9133
f 9136 9135 9133
f 9137 9136 9133
f 9138 9137 9133
f 9139 9138 9133
f 9140 9139 9133
f 9141 9140 9133
f 9142 9141 9133
f 9143 9142 9133
f 9144 9143 9133
f 9122 9123 9121
f 9123 9124 9121
f 9124 9125 9121
f 9125 9126 9121
f 9126 9127 9121
f 9127 9128 9121
f 9128 9129 9121
f 9129 9130 9121
f 9130 9131 9121
f 9131 9132 9121
usemtl copaClara
f 9153 9154 9146 9145
f 9154 9155 9147 9146
f 9155 9156 9148 9147
f 9156 9157 9149 9148
f 9157 9158 9150 9149
f 9158 9159 9151 9150
f 9159 9160 9152 9151
f 9160 9153 9145 9152
f 9155 9154 9153
f 9156 9155 9153
f 9157 9156 9153
f 9158 9157 9153
f 9159 9158 9153
f 9160 9159 9153
f 9146 9147 9145
f 9147 9148 9145
f 9148 9149 9145
f 9149 9150 9145
f 9150 9151 9145
f 9151 9152 9145
f 9169 9170 9162 9161
f 9170 9171 9163 9162
f 9171 9172 9164 9163
f 9172 9173 9165 9164
f 9173 9174 9166 9165
f 9174 9175 9167 9166
f 9175 9176 9168 9167
f 9176 9169 9161 9168
f 9171 9170 9169
f 9172 9171 9169
f 9173 9172 9169
f 9174 9173 9169
f 9175 9174 9169
f 9176 9175 9169
f 9162 9163 9161
f 9163 9164 9161
f 9164 9165 9161
f 9165 9166 9161
f 9166 9167 9161
f 9167 9168 9161
f 9185 9186 9178 9177
f 9186 9187 9179 9178
f 9187 9188 9180 9179
f 9188 9189 9181 9180
f 9189 9190 9182 9181
f 9190 9191 9183 9182
f 9191 9192 9184 9183
f 9192 9185 9177 9184
f 9187 9186 9185
f 9188 9187 9185
f 9189 9188 9185
f 9190 9189 9185
f 9191 9190 9185
f 9192 9191 9185
f 9178 9179 9177
f 9179 9180 9177
f 9180 9181 9177
f 9181 9182 9177
f 9182 9183 9177
f 9183 9184 9177
usemtl tronco
f 9205 9206 9194 9193
f 9206 9207 9195 9194
f 9207 9208 9196 9195
f 9208 9209 9197 9196
f 9209 9210 9198 9197
f 9210 9211 9199 9198
f 9211 9212 9200 9199
f 9212 9213 9201 9200
f 9213 9214 9202 9201
f 9214 9215 9203 9202
f 9215 9216 9204 9203
f 9216 9205 9193 9204
f 9207 9206 9205
f 9208 9207 9205
f 9209 9208 9205
f 9210 9209 9205
f 9211 9210 9205
f 9212 9211 9205
f 9213 9212 9205
f 9214 9213 9205
f 9215 9214 9205
f 9216 9215 9205
f 9194 9195 9193
f 9195 9196 9193
f 9196 9197 9193
f 9197 9198 9193
f 9198 9199 9193
f 9199 9200 9193
f 9200 9201 9193
f 9201 9202 9193
f 9202 9203 9193
f 9203 9204 9193
usemtl copa
f 9225 9226 9218 9217
f 9226 9227 9219 9218
f 9227 9228 9220 9219
f 9228 9229 9221 9220
f 9229 9230 9222 9221
f 9230 9231 9223 9222
f 9231 9232 9224 9223
f 9232 9225 9217 9224
f 9227 9226 9225
f 9228 9227 9225
f 9229 9228 9225
f 9230 9229 9225
f 9231 9230 9225
f 9232 9231 9225
f 9218 9219 9217
f 9219 9220 9217
f 9220 9221 9217
f 9221 9222 9217
f 9222 9223 9217
f 9223 9224 9217
f 9241 9242 9234 9233
f 9242 9243 9235 9234
f 9243 9244 9236 9235
f 9244 9245 9237 9236
f 9245 9246 9238 9237
f 9246 9247 9239 9238
f 9247 9248 9240 9239
f 9248 9241 9233 9240
f 9243 9242 9241
f 9244 9243 9241
f 9245 9244 9241
f 9246 9245 9241
f 9247 9246 9241
f 9248 9247 9241
f 9234 9235 9233
f 9235 9236 9233
f 9236 9237 9233
f 9237 9238 9233
f 9238 9239 9233
f 9239 9240 9233
f 9257 9258 9250 9249
f 9258 9259 9251 9250
f 9259 9260 9252 9251
f 9260 9261 9253 9252
f 9261 9262 9254 9253
f 9262 9263 9255 9254
f 9263 9264 9256 9255
f 9264 9257 9249 9256
f 9259 9258 9257
f 9260 9259 9257
f 9261 9260 9257
f 9262 9261 9257
f 9263 9262 9257
f 9264 9263 9257
f 9250 9251 9249
f 9251 9252 9249
f 9252 9253 9249
f 9253 9254 9249
f 9254 9255 9249
f 9255 9256 9249
usemtl tronco
f 9277 9278 9266 9265
f 9278 9279 9267 9266
f 9279 9280 9268 9267
f 9280 9281 9269 9268
f 9281 9282 9270 9269
f 9282 9283 9271 9270
f 9283 9284 9272 9271
f 9284 9285 9273 9272
f 9285 9286 9274 9273
f 9286 9287 9275 9274
f 9287 9288 9276 9275
f 9288 9277 9265 9276
f 9279 9278 9277
f 9280 9279 9277
f 9281 9280 9277
f 9282 9281 9277
f 9283 9282 9277
f 9284 9283 9277
f 9285 9284 9277
f 9286 9285 9277
f 9287 9286 9277
f 9288 9287 9277
f 9266 9267 9265
f 9267 9268 9265
f 9268 9269 9265
f 9269 9270 9265
f 9270 9271 9265
f 9271 9272 9265
f 9272 9273 9265
f 9273 9274 9265
f 9274 9275 9265
f 9275 9276 9265
usemtl copaClara
f 9297 9298 9290 9289
f 9298 9299 9291 9290
f 9299 9300 9292 9291
f 9300 9301 9293 9292
f 9301 9302 9294 9293
f 9302 9303 9295 9294
f 9303 9304 9296 9295
f 9304 9297 9289 9296
f 9299 9298 9297
f 9300 9299 9297
f 9301 9300 9297
f 9302 9301 9297
f 9303 9302 9297
f 9304 9303 9297
f 9290 9291 9289
f 9291 9292 9289
f 9292 9293 9289
f 9293 9294 9289
f 9294 9295 9289
f 9295 9296 9289
f 9313 9314 9306 9305
f 9314 9315 9307 9306
f 9315 9316 9308 9307
f 9316 9317 9309 9308
f 9317 9318 9310 9309
f 9318 9319 9311 9310
f 9319 9320 9312 9311
f 9320 9313 9305 9312
f 9315 9314 9313
f 9316 9315 9313
f 9317 9316 9313
f 9318 9317 9313
f 9319 9318 9313
f 9320 9319 9313
f 9306 9307 9305
f 9307 9308 9305
f 9308 9309 9305
f 9309 9310 9305
f 9310 9311 9305
f 9311 9312 9305
f 9329 9330 9322 9321
f 9330 9331 9323 9322
f 9331 9332 9324 9323
f 9332 9333 9325 9324
f 9333 9334 9326 9325
f 9334 9335 9327 9326
f 9335 9336 9328 9327
f 9336 9329 9321 9328
f 9331 9330 9329
f 9332 9331 9329
f 9333 9332 9329
f 9334 9333 9329
f 9335 9334 9329
f 9336 9335 9329
f 9322 9323 9321
f 9323 9324 9321
f 9324 9325 9321
f 9325 9326 9321
f 9326 9327 9321
f 9327 9328 9321
usemtl tronco
f 9349 9350 9338 9337
f 9350 9351 9339 9338
f 9351 9352 9340 9339
f 9352 9353 9341 9340
f 9353 9354 9342 9341
f 9354 9355 9343 9342
f 9355 9356 9344 9343
f 9356 9357 9345 9344
f 9357 9358 9346 9345
f 9358 9359 9347 9346
f 9359 9360 9348 9347
f 9360 9349 9337 9348
f 9351 9350 9349
f 9352 9351 9349
f 9353 9352 9349
f 9354 9353 9349
f 9355 9354 9349
f 9356 9355 9349
f 9357 9356 9349
f 9358 9357 9349
f 9359 9358 9349
f 9360 9359 9349
f 9338 9339 9337
f 9339 9340 9337
f 9340 9341 9337
f 9341 9342 9337
f 9342 9343 9337
f 9343 9344 9337
f 9344 9345 9337
f 9345 9346 9337
f 9346 9347 9337
f 9347 9348 9337
usemtl copa
f 9369 9370 9362 9361
f 9370 9371 9363 9362
f 9371 9372 9364 9363
f 9372 9373 9365 9364
f 9373 9374 9366 9365
f 9374 9375 9367 9366
f 9375 9376 9368 9367
f 9376 9369 9361 9368
f 9371 9370 9369
f 9372 9371 9369
f 9373 9372 9369
f 9374 9373 9369
f 9375 9374 9369
f 9376 9375 9369
f 9362 9363 9361
f 9363 9364 9361
f 9364 9365 9361
f 9365 9366 9361
f 9366 9367 9361
f 9367 9368 9361
f 9385 9386 9378 9377
f 9386 9387 9379 9378
f 9387 9388 9380 9379
f 9388 9389 9381 9380
f 9389 9390 9382 9381
f 9390 9391 9383 9382
f 9391 9392 9384 9383
f 9392 9385 9377 9384
f 9387 9386 9385
f 9388 9387 9385
f 9389 9388 9385
f 9390 9389 9385
f 9391 9390 9385
f 9392 9391 9385
f 9378 9379 9377
f 9379 9380 9377
f 9380 9381 9377
f 9381 9382 9377
f 9382 9383 9377
f 9383 9384 9377
f 9401 9402 9394 9393
f 9402 9403 9395 9394
f 9403 9404 9396 9395
f 9404 9405 9397 9396
f 9405 9406 9398 9397
f 9406 9407 9399 9398
f 9407 9408 9400 9399
f 9408 9401 9393 9400
f 9403 9402 9401
f 9404 9403 9401
f 9405 9404 9401
f 9406 9405 9401
f 9407 9406 9401
f 9408 9407 9401
f 9394 9395 9393
f 9395 9396 9393
f 9396 9397 9393
f 9397 9398 9393
f 9398 9399 9393
f 9399 9400 9393
usemtl tronco
f 9421 9422 9410 9409
f 9422 9423 9411 9410
f 9423 9424 9412 9411
f 9424 9425 9413 9412
f 9425 9426 9414 9413
f 9426 9427 9415 9414
f 9427 9428 9416 9415
f 9428 9429 9417 9416
f 9429 9430 9418 9417
f 9430 9431 9419 9418
f 9431 9432 9420 9419
f 9432 9421 9409 9420
f 9423 9422 9421
f 9424 9423 9421
f 9425 9424 9421
f 9426 9425 9421
f 9427 9426 9421
f 9428 9427 9421
f 9429 9428 9421
f 9430 9429 9421
f 9431 9430 9421
f 9432 9431 9421
f 9410 9411 9409
f 9411 9412 9409
f 9412 9413 9409
f 9413 9414 9409
f 9414 9415 9409
f 9415 9416 9409
f 9416 9417 9409
f 9417 9418 9409
f 9418 9419 9409
f 9419 9420 9409
usemtl copaClara
f 9441 9442 9434 9433
f 9442 9443 9435 9434
f 9443 9444 9436 9435
f 9444 9445 9437 9436
f 9445 9446 9438 9437
f 9446 9447 9439 9438
f 9447 9448 9440 9439
f 9448 9441 9433 9440
f 9443 9442 9441
f 9444 9443 9441
f 9445 9444 9441
f 9446 9445 9441
f 9447 9446 9441
f 9448 9447 9441
f 9434 9435 9433
f 9435 9436 9433
f 9436 9437 9433
f 9437 9438 9433
f 9438 9439 9433
f 9439 9440 9433
f 9457 9458 9450 9449
f 9458 9459 9451 9450
f 9459 9460 9452 9451
f 9460 9461 9453 9452
f 9461 9462 9454 9453
f 9462 9463 9455 9454
f 9463 9464 9456 9455
f 9464 9457 9449 9456
f 9459 9458 9457
f 9460 9459 9457
f 9461 9460 9457
f 9462 9461 9457
f 9463 9462 9457
f 9464 9463 9457
f 9450 9451 9449
f 9451 9452 9449
f 9452 9453 9449
f 9453 9454 9449
f 9454 9455 9449
f 9455 9456 9449
f 9473 9474 9466 9465
f 9474 9475 9467 9466
f 9475 9476 9468 9467
f 9476 9477 9469 9468
f 9477 9478 9470 9469
f 9478 9479 9471 9470
f 9479 9480 9472 9471
f 9480 9473 9465 9472
f 9475 9474 9473
f 9476 9475 9473
f 9477 9476 9473
f 9478 9477 9473
f 9479 9478 9473
f 9480 9479 9473
f 9466 9467 9465
f 9467 9468 9465
f 9468 9469 9465
f 9469 9470 9465
f 9470 9471 9465
f 9471 9472 9465
usemtl tronco
f 9493 9494 9482 9481
f 9494 9495 9483 9482
f 9495 9496 9484 9483
f 9496 9497 9485 9484
f 9497 9498 9486 9485
f 9498 9499 9487 9486
f 9499 9500 9488 9487
f 9500 9501 9489 9488
f 9501 9502 9490 9489
f 9502 9503 9491 9490
f 9503 9504 9492 9491
f 9504 9493 9481 9492
f 9495 9494 9493
f 9496 9495 9493
f 9497 9496 9493
f 9498 9497 9493
f 9499 9498 9493
f 9500 9499 9493
f 9501 9500 9493
f 9502 9501 9493
f 9503 9502 9493
f 9504 9503 9493
f 9482 9483 9481
f 9483 9484 9481
f 9484 9485 9481
f 9485 9486 9481
f 9486 9487 9481
f 9487 9488 9481
f 9488 9489 9481
f 9489 9490 9481
f 9490 9491 9481
f 9491 9492 9481
usemtl copa
f 9513 9514 9506 9505
f 9514 9515 9507 9506
f 9515 9516 9508 9507
f 9516 9517 9509 9508
f 9517 9518 9510 9509
f 9518 9519 9511 9510
f 9519 9520 9512 9511
f 9520 9513 9505 9512
f 9515 9514 9513
f 9516 9515 9513
f 9517 9516 9513
f 9518 9517 9513
f 9519 9518 9513
f 9520 9519 9513
f 9506 9507 9505
f 9507 9508 9505
f 9508 9509 9505
f 9509 9510 9505
f 9510 9511 9505
f 9511 9512 9505
f 9529 9530 9522 9521
f 9530 9531 9523 9522
f 9531 9532 9524 9523
f 9532 9533 9525 9524
f 9533 9534 9526 9525
f 9534 9535 9527 9526
f 9535 9536 9528 9527
f 9536 9529 9521 9528
f 9531 9530 9529
f 9532 9531 9529
f 9533 9532 9529
f 9534 9533 9529
f 9535 9534 9529
f 9536 9535 9529
f 9522 9523 9521
f 9523 9524 9521
f 9524 9525 9521
f 9525 9526 9521
f 9526 9527 9521
f 9527 9528 9521
f 9545 9546 9538 9537
f 9546 9547 9539 9538
f 9547 9548 9540 9539
f 9548 9549 9541 9540
f 9549 9550 9542 9541
f 9550 9551 9543 9542
f 9551 9552 9544 9543
f 9552 9545 9537 9544
f 9547 9546 9545
f 9548 9547 9545
f 9549 9548 9545
f 9550 9549 9545
f 9551 9550 9545
f 9552 9551 9545
f 9538 9539 9537
f 9539 9540 9537
f 9540 9541 9537
f 9541 9542 9537
f 9542 9543 9537
f 9543 9544 9537
usemtl tronco
f 9565 9566 9554 9553
f 9566 9567 9555 9554
f 9567 9568 9556 9555
f 9568 9569 9557 9556
f 9569 9570 9558 9557
f 9570 9571 9559 9558
f 9571 9572 9560 9559
f 9572 9573 9561 9560
f 9573 9574 9562 9561
f 9574 9575 9563 9562
f 9575 9576 9564 9563
f 9576 9565 9553 9564
f 9567 9566 9565
f 9568 9567 9565
f 9569 9568 9565
f 9570 9569 9565
f 9571 9570 9565
f 9572 9571 9565
f 9573 9572 9565
f 9574 9573 9565
f 9575 9574 9565
f 9576 9575 9565
f 9554 9555 9553
f 9555 9556 9553
f 9556 9557 9553
f 9557 9558 9553
f 9558 9559 9553
f 9559 9560 9553
f 9560 9561 9553
f 9561 9562 9553
f 9562 9563 9553
f 9563 9564 9553
usemtl copaClara
f 9585 9586 9578 9577
f 9586 9587 9579 9578
f 9587 9588 9580 9579
f 9588 9589 9581 9580
f 9589 9590 9582 9581
f 9590 9591 9583 9582
f 9591 9592 9584 9583
f 9592 9585 9577 9584
f 9587 9586 9585
f 9588 9587 9585
f 9589 9588 9585
f 9590 9589 9585
f 9591 9590 9585
f 9592 9591 9585
f 9578 9579 9577
f 9579 9580 9577
f 9580 9581 9577
f 9581 9582 9577
f 9582 9583 9577
f 9583 9584 9577
f 9601 9602 9594 9593
f 9602 9603 9595 9594
f 9603 9604 9596 9595
f 9604 9605 9597 9596
f 9605 9606 9598 9597
f 9606 9607 9599 9598
f 9607 9608 9600 9599
f 9608 9601 9593 9600
f 9603 9602 9601
f 9604 9603 9601
f 9605 9604 9601
f 9606 9605 9601
f 9607 9606 9601
f 9608 9607 9601
f 9594 9595 9593
f 9595 9596 9593
f 9596 9597 9593
f 9597 9598 9593
f 9598 9599 9593
f 9599 9600 9593
f 9617 9618 9610 9609
f 9618 9619 9611 9610
f 9619 9620 9612 9611
f 9620 9621 9613 9612
f 9621 9622 9614 9613
f 9622 9623 9615 9614
f 9623 9624 9616 9615
f 9624 9617 9609 9616
f 9619 9618 9617
f 9620 9619 9617
f 9621 9620 9617
f 9622 9621 9617
f 9623 9622 9617
f 9624 9623 9617
f 9610 9611 9609
f 9611 9612 9609
f 9612 9613 9609
f 9613 9614 9609
f 9614 9615 9609
f 9615 9616 9609
usemtl tronco
f 9637 9638 9626 9625
f 9638 9639 9627 9626
f 9639 9640 9628 9627
f 9640 9641 9629 9628
f 9641 9642 9630 9629
f 9642 9643 9631 9630
f 9643 9644 9632 9631
f 9644 9645 9633 9632
f 9645 9646 9634 9633
f 9646 9647 9635 9634
f 9647 9648 9636 9635
f 9648 9637 9625 9636
f 9639 9638 9637
f 9640 9639 9637
f 9641 9640 9637
f 9642 9641 9637
f 9643 9642 9637
f 9644 9643 9637
f 9645 9644 9637
f 9646 9645 9637
f 9647 9646 9637
f 9648 9647 9637
f 9626 9627 9625
f 9627 9628 9625
f 9628 9629 9625
f 9629 9630 9625
f 9630 9631 9625
f 9631 9632 9625
f 9632 9633 9625
f 9633 9634 9625
f 9634 9635 9625
f 9635 9636 9625
usemtl copa
f 9657 9658 9650 9649
f 9658 9659 9651 9650
f 9659 9660 9652 9651
f 9660 9661 9653 9652
f 9661 9662 9654 9653
f 9662 9663 9655 9654
f 9663 9664 9656 9655
f 9664 9657 9649 9656
f 9659 9658 9657
f 9660 9659 9657
f 9661 9660 9657
f 9662 9661 9657
f 9663 9662 9657
f 9664 9663 9657
f 9650 9651 9649
f 9651 9652 9649
f 9652 9653 9649
f 9653 9654 9649
f 9654 9655 9649
f 9655 9656 9649
f 9673 9674 9666 9665
f 9674 9675 9667 9666
f 9675 9676 9668 9667
f 9676 9677 9669 9668
f 9677 9678 9670 9669
f 9678 9679 9671 9670
f 9679 9680 9672 9671
f 9680 9673 9665 9672
f 9675 9674 9673
f 9676 9675 9673
f 9677 9676 9673
f 9678 9677 9673
f 9679 9678 9673
f 9680 9679 9673
f 9666 9667 9665
f 9667 9668 9665
f 9668 9669 9665
f 9669 9670 9665
f 9670 9671 9665
f 9671 9672 9665
f 9689 9690 9682 9681
f 9690 9691 9683 9682
f 9691 9692 9684 9683
f 9692 9693 9685 9684
f 9693 9694 9686 9685
f 9694 9695 9687 9686
f 9695 9696 9688 9687
f 9696 9689 9681 9688
f 9691 9690 9689
f 9692 9691 9689
f 9693 9692 9689
f 9694 9693 9689
f 9695 9694 9689
f 9696 9695 9689
f 9682 9683 9681
f 9683 9684 9681
f 9684 9685 9681
f 9685 9686 9681
f 9686 9687 9681
f 9687 9688 9681
usemtl tronco
f 9709 9710 9698 9697
f 9710 9711 9699 9698
f 9711 9712 9700 9699
f 9712 9713 9701 9700
f 9713 9714 9702 9701
f 9714 9715 9703 9702
f 9715 9716 9704 9703
f 9716 9717 9705 9704
f 9717 9718 9706 9705
f 9718 9719 9707 9706
f 9719 9720 9708 9707
f 9720 9709 9697 9708
f 9711 9710 9709
f 9712 9711 9709
f 9713 9712 9709
f 9714 9713 9709
f 9715 9714 9709
f 9716 9715 9709
f 9717 9716 9709
f 9718 9717 9709
f 9719 9718 9709
f 9720 9719 9709
f 9698 9699 9697
f 9699 9700 9697
f 9700 9701 9697
f 9701 9702 9697
f 9702 9703 9697
f 9703 9704 9697
f 9704 9705 9697
f 9705 9706 9697
f 9706 9707 9697
f 9707 9708 9697
usemtl copaClara
f 9729 9730 9722 9721
f 9730 9731 9723 9722
f 9731 9732 9724 9723
f 9732 9733 9725 9724
f 9733 9734 9726 9725
f 9734 9735 9727 9726
f 9735 9736 9728 9727
f 9736 9729 9721 9728
f 9731 9730 9729
f 9732 9731 9729
f 9733 9732 9729
f 9734 9733 9729
f 9735 9734 9729
f 9736 9735 9729
f 9722 9723 9721
f 9723 9724 9721
f 9724 9725 9721
f 9725 9726 9721
f 9726 9727 9721
f 9727 9728 9721
f 9745 9746 9738 9737
f 9746 9747 9739 9738
f 9747 9748 9740 9739
f 9748 9749 9741 9740
f 9749 9750 9742 9741
f 9750 9751 9743 9742
f 9751 9752 9744 9743
f 9752 9745 9737 9744
f 9747 9746 9745
f 9748 9747 9745
f 9749 9748 9745
f 9750 9749 9745
f 9751 9750 9745
f 9752 9751 9745
f 9738 9739 9737
f 9739 9740 9737
f 9740 9741 9737
f 9741 9742 9737
f 9742 9743 9737
f 9743 9744 9737
f 9761 9762 9754 9753
f 9762 9763 9755 9754
f 9763 9764 9756 9755
f 9764 9765 9757 9756
f 9765 9766 9758 9757
f 9766 9767 9759 9758
f 9767 9768 9760 9759
f 9768 9761 9753 9760
f 9763 9762 9761
f 9764 9763 9761
f 9765 9764 9761
f 9766 9765 9761
f 9767 9766 9761
f 9768 9767 9761
f 9754 9755 9753
f 9755 9756 9753
f 9756 9757 9753
f 9757 9758 9753
f 9758 9759 9753
f 9759 9760 9753
usemtl tronco
f 9781 9782 9770 9769
f 9782 9783 9771 9770
f 9783 9784 9772 9771
f 9784 9785 9773 9772
f 9785 9786 9774 9773
f 9786 9787 9775 9774
f 9787 9788 9776 9775
f 9788 9789 9777 9776
f 9789 9790 9778 9777
f 9790 9791 9779 9778
f 9791 9792 9780 9779
f 9792 9781 9769 9780
f 9783 9782 9781
f 9784 9783 9781
f 9785 9784 9781
f 9786 9785 9781
f 9787 9786 9781
f 9788 9787 9781
f 9789 9788 9781
f 9790 9789 9781
f 9791 9790 9781
f 9792 9791 9781
f 9770 9771 9769
f 9771 9772 9769
f 9772 9773 9769
f 9773 9774 9769
f 9774 9775 9769
f 9775 9776 9769
f 9776 9777 9769
f 9777 9778 9769
f 9778 9779 9769
f 9779 9780 9769
usemtl copa
f 9801 9802 9794 9793
f 9802 9803 9795 9794
f 9803 9804 9796 9795
f 9804 9805 9797 9796
f 9805 9806 9798 9797
f 9806 9807 9799 9798
f 9807 9808 9800 9799
f 9808 9801 9793 9800
f 9803 9802 9801
f 9804 9803 9801
f 9805 9804 9801
f 9806 9805 9801
f 9807 9806 9801
f 9808 9807 9801
f 9794 9795 9793
f 9795 9796 9793
f 9796 9797 9793
f 9797 9798 9793
f 9798 9799 9793
f 9799 9800 9793
f 9817 9818 9810 9809
f 9818 9819 9811 9810
f 9819 9820 9812 9811
f 9820 9821 9813 9812
f 9821 9822 9814 9813
f 9822 9823 9815 9814
f 9823 9824 9816 9815
f 9824 9817 9809 9816
f 9819 9818 9817
f 9820 9819 9817
f 9821 9820 9817
f 9822 9821 9817
f 9823 9822 9817
f 9824 9823 9817
f 9810 9811 9809
f 9811 9812 9809
f 9812 9813 9809
f 9813 9814 9809
f 9814 9815 9809
f 9815 9816 9809
f 9833 9834 9826 9825
f 9834 9835 9827 9826
f 9835 9836 9828 9827
f 9836 9837 9829 9828
f 9837 9838 9830 9829
f 9838 9839 9831 9830
f 9839 9840 9832 9831
f 9840 9833 9825 9832
f 9835 9834 9833
f 9836 9835 9833
f 9837 9836 9833
f 9838 9837 9833
f 9839 9838 9833
f 9840 9839 9833
f 9826 9827 9825
f 9827 9828 9825
f 9828 9829 9825
f 9829 9830 9825
f 9830 9831 9825
f 9831 9832 9825
usemtl tronco
f 9853 9854 9842 9841
f 9854 9855 9843 9842
f 9855 9856 9844 9843
f 9856 9857 9845 9844
f 9857 9858 9846 9845
f 9858 9859 9847 9846
f 9859 9860 9848 9847
f 9860 9861 9849 9848
f 9861 9862 9850 9849
f 9862 9863 9851 9850
f 9863 9864 9852 9851
f 9864 9853 9841 9852
f 9855 9854 9853
f 9856 9855 9853
f 9857 9856 9853
f 9858 9857 9853
f 9859 9858 9853
f 9860 9859 9853
f 9861 9860 9853
f 9862 9861 9853
f 9863 9862 9853
f 9864 9863 9853
f 9842 9843 9841
f 9843 9844 9841
f 9844 9845 9841
f 9845 9846 9841
f 9846 9847 9841
f 9847 9848 9841
f 9848 9849 9841
f 9849 9850 9841
f 9850 9851 9841
f 9851 9852 9841
usemtl copaClara
f 9873 9874 9866 9865
f 9874 9875 9867 9866
f 9875 9876 9868 9867
f 9876 9877 9869 9868
f 9877 9878 9870 9869
f 9878 9879 9871 9870
f 9879 9880 9872 9871
f 9880 9873 9865 9872
f 9875 9874 9873
f 9876 9875 9873
f 9877 9876 9873
f 9878 9877 9873
f 9879 9878 9873
f 9880 9879 9873
f 9866 9867 9865
f 9867 9868 9865
f 9868 9869 9865
f 9869 9870 9865
f 9870 9871 9865
f 9871 9872 9865
f 9889 9890 9882 9881
f 9890 9891 9883 9882
f 9891 9892 9884 9883
f 9892 9893 9885 9884
f 9893 9894 9886 9885
f 9894 9895 9887 9886
f 9895 9896 9888 9887
f 9896 9889 9881 9888
f 9891 9890 9889
f 9892 9891 9889
f 9893 9892 9889
f 9894 9893 9889
f 9895 9894 9889
f 9896 9895 9889
f 9882 9883 9881
f 9883 9884 9881
f 9884 9885 9881
f 9885 9886 9881
f 9886 9887 9881
f 9887 9888 9881
f 9905 9906 9898 9897
f 9906 9907 9899 9898
f 9907 9908 9900 9899
f 9908 9909 9901 9900
f 9909 9910 9902 9901
f 9910 9911 9903 9902
f 9911 9912 9904 9903
f 9912 9905 9897 9904
f 9907 9906 9905
f 9908 9907 9905
f 9909 9908 9905
f 9910 9909 9905
f 9911 9910 9905
f 9912 9911 9905
f 9898 9899 9897
f 9899 9900 9897
f 9900 9901 9897
f 9901 9902 9897
f 9902 9903 9897
f 9903 9904 9897
usemtl metal
f 9921 9922 9914 9913
f 9922 9923 9915 9914
f 9923 9924 9916 9915
f 9924 9925 9917 9916
f 9925 9926 9918 9917
f 9926 9927 9919 9918
f 9927 9928 9920 9919
f 9928 9921 9913 9920
f 9923 9922 9921
f 9924 9923 9921
f 9925 9924 9921
f 9926 9925 9921
f 9927 9926 9921
f 9928 9927 9921
f 9914 9915 9913
f 9915 9916 9913
f 9916 9917 9913
f 9917 9918 9913
f 9918 9919 9913
f 9919 9920 9913
f 9936 9935 9934 9933
f 9929 9930 9931 9932
f 9929 9933 9934 9930
f 9932 9931 9935 9936
f 9930 9934 9935 9931
f 9929 9932 9936 9933
usemtl faro
f 9944 9943 9942 9941
f 9937 9938 9939 9940
f 9937 9941 9942 9938
f 9940 9939 9943 9944
f 9938 9942 9943 9939
f 9937 9940 9944 9941
usemtl metal
f 9953 9954 9946 9945
f 9954 9955 9947 9946
f 9955 9956 9948 9947
f 9956 9957 9949 9948
f 9957 9958 9950 9949
f 9958 9959 9951 9950
f 9959 9960 9952 9951
f 9960 9953 9945 9952
f 9955 9954 9953
f 9956 9955 9953
f 9957 9956 9953
f 9958 9957 9953
f 9959 9958 9953
f 9960 9959 9953
f 9946 9947 9945
f 9947 9948 9945
f 9948 9949 9945
f 9949 9950 9945
f 9950 9951 9945
f 9951 9952 9945
f 9968 9967 9966 9965
f 9961 9962 9963 9964
f 9961 9965 9966 9962
f 9964 9963 9967 9968
f 9962 9966 9967 9963
f 9961 9964 9968 9965
usemtl faro
f 9976 9975 9974 9973
f 9969 9970 9971 9972
f 9969 9973 9974 9970
f 9972 9971 9975 9976
f 9970 9974 9975 9971
f 9969 9972 9976 9973
usemtl metal
f 9985 9986 9978 9977
f 9986 9987 9979 9978
f 9987 9988 9980 9979
f 9988 9989 9981 9980
f 9989 9990 9982 9981
f 9990 9991 9983 9982
f 9991 9992 9984 9983
f 9992 9985 9977 9984
f 9987 9986 9985
f 9988 9987 9985
f 9989 9988 9985
f 9990 9989 9985
f 9991 9990 9985
f 9992 9991 9985
f 9978 9979 9977
f 9979 9980 9977
f 9980 9981 9977
f 9981 9982 9977
f 9982 9983 9977
f 9983 9984 9977
f 10000 9999 9998 9997
f 9993 9994 9995 9996
f 9993 9997 9998 9994
f 9996 9995 9999 10000
f 9994 9998 9999 9995
f 9993 9996 10000 9997
usemtl faro
f 10008 10007 10006 10005
f 10001 10002 10003 10004
f 10001 10005 10006 10002
f 10004 10003 10007 10008
f 10002 10006 10007 10003
f 10001 10004 10008 10005
usemtl metal
f 10017 10018 10010 10009
f 10018 10019 10011 10010
f 10019 10020 10012 10011
f 10020 10021 10013 10012
f 10021 10022 10014 10013
f 10022 10023 10015 10014
f 10023 10024 10016 10015
f 10024 10017 10009 10016
f 10019 10018 10017
f 10020 10019 10017
f 10021 10020 10017
f 10022 10021 10017
f 10023 10022 10017
f 10024 10023 10017
f 10010 10011 10009
f 10011 10012 10009
f 10012 10013 10009
f 10013 10014 10009
f 10014 10015 10009
f 10015 10016 10009
f 10032 10031 10030 10029
f 10025 10026 10027 10028
f 10025 10029 10030 10026
f 10028 10027 10031 10032
f 10026 10030 10031 10027
f 10025 10028 10032 10029
usemtl faro
f 10040 10039 10038 10037
f 10033 10034 10035 10036
f 10033 10037 10038 10034
f 10036 10035 10039 10040
f 10034 10038 10039 10035
f 10033 10036 10040 10037
usemtl metal
f 10049 10050 10042 10041
f 10050 10051 10043 10042
f 10051 10052 10044 10043
f 10052 10053 10045 10044
f 10053 10054 10046 10045
f 10054 10055 10047 10046
f 10055 10056 10048 10047
f 10056 10049 10041 10048
f 10051 10050 10049
f 10052 10051 10049
f 10053 10052 10049
f 10054 10053 10049
f 10055 10054 10049
f 10056 10055 10049
f 10042 10043 10041
f 10043 10044 10041
f 10044 10045 10041
f 10045 10046 10041
f 10046 10047 10041
f 10047 10048 10041
f 10064 10063 10062 10061
f 10057 10058 10059 10060
f 10057 10061 10062 10058
f 10060 10059 10063 10064
f 10058 10062 10063 10059
f 10057 10060 10064 10061
usemtl faro
f 10072 10071 10070 10069
f 10065 10066 10067 10068
f 10065 10069 10070 10066
f 10068 10067 10071 10072
f 10066 10070 10071 10067
f 10065 10068 10072 10069
usemtl metal
f 10081 10082 10074 10073
f 10082 10083 10075 10074
f 10083 10084 10076 10075
f 10084 10085 10077 10076
f 10085 10086 10078 10077
f 10086 10087 10079 10078
f 10087 10088 10080 10079
f 10088 10081 10073 10080
f 10083 10082 10081
f 10084 10083 10081
f 10085 10084 10081
f 10086 10085 10081
f 10087 10086 10081
f 10088 10087 10081
f 10074 10075 10073
f 10075 10076 10073
f 10076 10077 10073
f 10077 10078 10073
f 10078 10079 10073
f 10079 10080 10073
f 10096 10095 10094 10093
f 10089 10090 10091 10092
f 10089 10093 10094 10090
f 10092 10091 10095 10096
f 10090 10094 10095 10091
f 10089 10092 10096 10093
usemtl faro
f 10104 10103 10102 10101
f 10097 10098 10099 10100
f 10097 10101 10102 10098
f 10100 10099 10103 10104
f 10098 10102 10103 10099
f 10097 10100 10104 10101
usemtl metal
f 10113 10114 10106 10105
f 10114 10115 10107 10106
f 10115 10116 10108 10107
f 10116 10117 10109 10108
f 10117 10118 10110 10109
f 10118 10119 10111 10110
f 10119 10120 10112 10111
f 10120 10113 10105 10112
f 10115 10114 10113
f 10116 10115 10113
f 10117 10116 10113
f 10118 10117 10113
f 10119 10118 10113
f 10120 10119 10113
f 10106 10107 10105
f 10107 10108 10105
f 10108 10109 10105
f 10109 10110 10105
f 10110 10111 10105
f 10111 10112 10105
f 10128 10127 10126 10125
f 10121 10122 10123 10124
f 10121 10125 10126 10122
f 10124 10123 10127 10128
f 10122 10126 10127 10123
f 10121 10124 10128 10125
usemtl faro
f 10136 10135 10134 10133
f 10129 10130 10131 10132
f 10129 10133 10134 10130
f 10132 10131 10135 10136
f 10130 10134 10135 10131
f 10129 10132 10136 10133
usemtl metal
f 10145 10146 10138 10137
f 10146 10147 10139 10138
f 10147 10148 10140 10139
f 10148 10149 10141 10140
f 10149 10150 10142 10141
f 10150 10151 10143 10142
f 10151 10152 10144 10143
f 10152 10145 10137 10144
f 10147 10146 10145
f 10148 10147 10145
f 10149 10148 10145
f 10150 10149 10145
f 10151 10150 10145
f 10152 10151 10145
f 10138 10139 10137
f 10139 10140 10137
f 10140 10141 10137
f 10141 10142 10137
f 10142 10143 10137
f 10143 10144 10137
f 10160 10159 10158 10157
f 10153 10154 10155 10156
f 10153 10157 10158 10154
f 10156 10155 10159 10160
f 10154 10158 10159 10155
f 10153 10156 10160 10157
usemtl faro
f 10168 10167 10166 10165
f 10161 10162 10163 10164
f 10161 10165 10166 10162
f 10164 10163 10167 10168
f 10162 10166 10167 10163
f 10161 10164 10168 10165
