# Vía Expresa Elevada — proyecto de EPT
# 1 unidad = 1 metro · el terreno mide 210 x 58 m
mtllib via-expresa-tinkercad.mtl

v -105.000 -1.200 -33.000 0.34 0.27 0.2
v -81.667 -1.200 -33.000 0.34 0.27 0.2
v -81.667 -1.200 -13.667 0.34 0.27 0.2
v -105.000 -1.200 -13.667 0.34 0.27 0.2
v -105.000 0.000 -33.000 0.34 0.27 0.2
v -81.667 0.000 -33.000 0.34 0.27 0.2
v -81.667 0.000 -13.667 0.34 0.27 0.2
v -105.000 0.000 -13.667 0.34 0.27 0.2
v -105.000 -1.200 -13.667 0.34 0.27 0.2
v -81.667 -1.200 -13.667 0.34 0.27 0.2
v -81.667 -1.200 5.667 0.34 0.27 0.2
v -105.000 -1.200 5.667 0.34 0.27 0.2
v -105.000 0.000 -13.667 0.34 0.27 0.2
v -81.667 0.000 -13.667 0.34 0.27 0.2
v -81.667 0.000 5.667 0.34 0.27 0.2
v -105.000 0.000 5.667 0.34 0.27 0.2
v -105.000 -1.200 5.667 0.34 0.27 0.2
v -81.667 -1.200 5.667 0.34 0.27 0.2
v -81.667 -1.200 25.000 0.34 0.27 0.2
v -105.000 -1.200 25.000 0.34 0.27 0.2
v -105.000 0.000 5.667 0.34 0.27 0.2
v -81.667 0.000 5.667 0.34 0.27 0.2
v -81.667 0.000 25.000 0.34 0.27 0.2
v -105.000 0.000 25.000 0.34 0.27 0.2
v -81.667 -1.200 -33.000 0.34 0.27 0.2
v -58.333 -1.200 -33.000 0.34 0.27 0.2
v -58.333 -1.200 -13.667 0.34 0.27 0.2
v -81.667 -1.200 -13.667 0.34 0.27 0.2
v -81.667 0.000 -33.000 0.34 0.27 0.2
v -58.333 0.000 -33.000 0.34 0.27 0.2
v -58.333 0.000 -13.667 0.34 0.27 0.2
v -81.667 0.000 -13.667 0.34 0.27 0.2
v -81.667 -1.200 -13.667 0.34 0.27 0.2
v -58.333 -1.200 -13.667 0.34 0.27 0.2
v -58.333 -1.200 5.667 0.34 0.27 0.2
v -81.667 -1.200 5.667 0.34 0.27 0.2
v -81.667 0.000 -13.667 0.34 0.27 0.2
v -58.333 0.000 -13.667 0.34 0.27 0.2
v -58.333 0.000 5.667 0.34 0.27 0.2
v -81.667 0.000 5.667 0.34 0.27 0.2
v -81.667 -1.200 5.667 0.34 0.27 0.2
v -58.333 -1.200 5.667 0.34 0.27 0.2
v -58.333 -1.200 25.000 0.34 0.27 0.2
v -81.667 -1.200 25.000 0.34 0.27 0.2
v -81.667 0.000 5.667 0.34 0.27 0.2
v -58.333 0.000 5.667 0.34 0.27 0.2
v -58.333 0.000 25.000 0.34 0.27 0.2
v -81.667 0.000 25.000 0.34 0.27 0.2
v -58.333 -1.200 -33.000 0.34 0.27 0.2
v -35.000 -1.200 -33.000 0.34 0.27 0.2
v -35.000 -1.200 -13.667 0.34 0.27 0.2
v -58.333 -1.200 -13.667 0.34 0.27 0.2
v -58.333 0.000 -33.000 0.34 0.27 0.2
v -35.000 0.000 -33.000 0.34 0.27 0.2
v -35.000 0.000 -13.667 0.34 0.27 0.2
v -58.333 0.000 -13.667 0.34 0.27 0.2
v -58.333 -1.200 -13.667 0.34 0.27 0.2
v -35.000 -1.200 -13.667 0.34 0.27 0.2
v -35.000 -1.200 5.667 0.34 0.27 0.2
v -58.333 -1.200 5.667 0.34 0.27 0.2
v -58.333 0.000 -13.667 0.34 0.27 0.2
v -35.000 0.000 -13.667 0.34 0.27 0.2
v -35.000 0.000 5.667 0.34 0.27 0.2
v -58.333 0.000 5.667 0.34 0.27 0.2
v -58.333 -1.200 5.667 0.34 0.27 0.2
v -35.000 -1.200 5.667 0.34 0.27 0.2
v -35.000 -1.200 25.000 0.34 0.27 0.2
v -58.333 -1.200 25.000 0.34 0.27 0.2
v -58.333 0.000 5.667 0.34 0.27 0.2
v -35.000 0.000 5.667 0.34 0.27 0.2
v -35.000 0.000 25.000 0.34 0.27 0.2
v -58.333 0.000 25.000 0.34 0.27 0.2
v -35.000 -1.200 -33.000 0.34 0.27 0.2
v -11.667 -1.200 -33.000 0.34 0.27 0.2
v -11.667 -1.200 -13.667 0.34 0.27 0.2
v -35.000 -1.200 -13.667 0.34 0.27 0.2
v -35.000 0.000 -33.000 0.34 0.27 0.2
v -11.667 0.000 -33.000 0.34 0.27 0.2
v -11.667 0.000 -13.667 0.34 0.27 0.2
v -35.000 0.000 -13.667 0.34 0.27 0.2
v -35.000 -1.200 -13.667 0.34 0.27 0.2
v -11.667 -1.200 -13.667 0.34 0.27 0.2
v -11.667 -1.200 5.667 0.34 0.27 0.2
v -35.000 -1.200 5.667 0.34 0.27 0.2
v -35.000 0.000 -13.667 0.34 0.27 0.2
v -11.667 0.000 -13.667 0.34 0.27 0.2
v -11.667 0.000 5.667 0.34 0.27 0.2
v -35.000 0.000 5.667 0.34 0.27 0.2
v -35.000 -1.200 5.667 0.34 0.27 0.2
v -11.667 -1.200 5.667 0.34 0.27 0.2
v -11.667 -1.200 25.000 0.34 0.27 0.2
v -35.000 -1.200 25.000 0.34 0.27 0.2
v -35.000 0.000 5.667 0.34 0.27 0.2
v -11.667 0.000 5.667 0.34 0.27 0.2
v -11.667 0.000 25.000 0.34 0.27 0.2
v -35.000 0.000 25.000 0.34 0.27 0.2
v -11.667 -1.200 -33.000 0.34 0.27 0.2
v 11.667 -1.200 -33.000 0.34 0.27 0.2
v 11.667 -1.200 -13.667 0.34 0.27 0.2
v -11.667 -1.200 -13.667 0.34 0.27 0.2
v -11.667 0.000 -33.000 0.34 0.27 0.2
v 11.667 0.000 -33.000 0.34 0.27 0.2
v 11.667 0.000 -13.667 0.34 0.27 0.2
v -11.667 0.000 -13.667 0.34 0.27 0.2
v -11.667 -1.200 -13.667 0.34 0.27 0.2
v 11.667 -1.200 -13.667 0.34 0.27 0.2
v 11.667 -1.200 5.667 0.34 0.27 0.2
v -11.667 -1.200 5.667 0.34 0.27 0.2
v -11.667 0.000 -13.667 0.34 0.27 0.2
v 11.667 0.000 -13.667 0.34 0.27 0.2
v 11.667 0.000 5.667 0.34 0.27 0.2
v -11.667 0.000 5.667 0.34 0.27 0.2
v -11.667 -1.200 5.667 0.34 0.27 0.2
v 11.667 -1.200 5.667 0.34 0.27 0.2
v 11.667 -1.200 25.000 0.34 0.27 0.2
v -11.667 -1.200 25.000 0.34 0.27 0.2
v -11.667 0.000 5.667 0.34 0.27 0.2
v 11.667 0.000 5.667 0.34 0.27 0.2
v 11.667 0.000 25.000 0.34 0.27 0.2
v -11.667 0.000 25.000 0.34 0.27 0.2
v 11.667 -1.200 -33.000 0.34 0.27 0.2
v 35.000 -1.200 -33.000 0.34 0.27 0.2
v 35.000 -1.200 -13.667 0.34 0.27 0.2
v 11.667 -1.200 -13.667 0.34 0.27 0.2
v 11.667 0.000 -33.000 0.34 0.27 0.2
v 35.000 0.000 -33.000 0.34 0.27 0.2
v 35.000 0.000 -13.667 0.34 0.27 0.2
v 11.667 0.000 -13.667 0.34 0.27 0.2
v 11.667 -1.200 -13.667 0.34 0.27 0.2
v 35.000 -1.200 -13.667 0.34 0.27 0.2
v 35.000 -1.200 5.667 0.34 0.27 0.2
v 11.667 -1.200 5.667 0.34 0.27 0.2
v 11.667 0.000 -13.667 0.34 0.27 0.2
v 35.000 0.000 -13.667 0.34 0.27 0.2
v 35.000 0.000 5.667 0.34 0.27 0.2
v 11.667 0.000 5.667 0.34 0.27 0.2
v 11.667 -1.200 5.667 0.34 0.27 0.2
v 35.000 -1.200 5.667 0.34 0.27 0.2
v 35.000 -1.200 25.000 0.34 0.27 0.2
v 11.667 -1.200 25.000 0.34 0.27 0.2
v 11.667 0.000 5.667 0.34 0.27 0.2
v 35.000 0.000 5.667 0.34 0.27 0.2
v 35.000 0.000 25.000 0.34 0.27 0.2
v 11.667 0.000 25.000 0.34 0.27 0.2
v 35.000 -1.200 -33.000 0.34 0.27 0.2
v 58.333 -1.200 -33.000 0.34 0.27 0.2
v 58.333 -1.200 -13.667 0.34 0.27 0.2
v 35.000 -1.200 -13.667 0.34 0.27 0.2
v 35.000 0.000 -33.000 0.34 0.27 0.2
v 58.333 0.000 -33.000 0.34 0.27 0.2
v 58.333 0.000 -13.667 0.34 0.27 0.2
v 35.000 0.000 -13.667 0.34 0.27 0.2
v 35.000 -1.200 -13.667 0.34 0.27 0.2
v 58.333 -1.200 -13.667 0.34 0.27 0.2
v 58.333 -1.200 5.667 0.34 0.27 0.2
v 35.000 -1.200 5.667 0.34 0.27 0.2
v 35.000 0.000 -13.667 0.34 0.27 0.2
v 58.333 0.000 -13.667 0.34 0.27 0.2
v 58.333 0.000 5.667 0.34 0.27 0.2
v 35.000 0.000 5.667 0.34 0.27 0.2
v 35.000 -1.200 5.667 0.34 0.27 0.2
v 58.333 -1.200 5.667 0.34 0.27 0.2
v 58.333 -1.200 25.000 0.34 0.27 0.2
v 35.000 -1.200 25.000 0.34 0.27 0.2
v 35.000 0.000 5.667 0.34 0.27 0.2
v 58.333 0.000 5.667 0.34 0.27 0.2
v 58.333 0.000 25.000 0.34 0.27 0.2
v 35.000 0.000 25.000 0.34 0.27 0.2
v 58.333 -1.200 -33.000 0.34 0.27 0.2
v 81.667 -1.200 -33.000 0.34 0.27 0.2
v 81.667 -1.200 -13.667 0.34 0.27 0.2
v 58.333 -1.200 -13.667 0.34 0.27 0.2
v 58.333 0.000 -33.000 0.34 0.27 0.2
v 81.667 0.000 -33.000 0.34 0.27 0.2
v 81.667 0.000 -13.667 0.34 0.27 0.2
v 58.333 0.000 -13.667 0.34 0.27 0.2
v 58.333 -1.200 -13.667 0.34 0.27 0.2
v 81.667 -1.200 -13.667 0.34 0.27 0.2
v 81.667 -1.200 5.667 0.34 0.27 0.2
v 58.333 -1.200 5.667 0.34 0.27 0.2
v 58.333 0.000 -13.667 0.34 0.27 0.2
v 81.667 0.000 -13.667 0.34 0.27 0.2
v 81.667 0.000 5.667 0.34 0.27 0.2
v 58.333 0.000 5.667 0.34 0.27 0.2
v 58.333 -1.200 5.667 0.34 0.27 0.2
v 81.667 -1.200 5.667 0.34 0.27 0.2
v 81.667 -1.200 25.000 0.34 0.27 0.2
v 58.333 -1.200 25.000 0.34 0.27 0.2
v 58.333 0.000 5.667 0.34 0.27 0.2
v 81.667 0.000 5.667 0.34 0.27 0.2
v 81.667 0.000 25.000 0.34 0.27 0.2
v 58.333 0.000 25.000 0.34 0.27 0.2
v 81.667 -1.200 -33.000 0.34 0.27 0.2
v 105.000 -1.200 -33.000 0.34 0.27 0.2
v 105.000 -1.200 -13.667 0.34 0.27 0.2
v 81.667 -1.200 -13.667 0.34 0.27 0.2
v 81.667 0.000 -33.000 0.34 0.27 0.2
v 105.000 0.000 -33.000 0.34 0.27 0.2
v 105.000 0.000 -13.667 0.34 0.27 0.2
v 81.667 0.000 -13.667 0.34 0.27 0.2
v 81.667 -1.200 -13.667 0.34 0.27 0.2
v 105.000 -1.200 -13.667 0.34 0.27 0.2
v 105.000 -1.200 5.667 0.34 0.27 0.2
v 81.667 -1.200 5.667 0.34 0.27 0.2
v 81.667 0.000 -13.667 0.34 0.27 0.2
v 105.000 0.000 -13.667 0.34 0.27 0.2
v 105.000 0.000 5.667 0.34 0.27 0.2
v 81.667 0.000 5.667 0.34 0.27 0.2
v 81.667 -1.200 5.667 0.34 0.27 0.2
v 105.000 -1.200 5.667 0.34 0.27 0.2
v 105.000 -1.200 25.000 0.34 0.27 0.2
v 81.667 -1.200 25.000 0.34 0.27 0.2
v 81.667 0.000 5.667 0.34 0.27 0.2
v 105.000 0.000 5.667 0.34 0.27 0.2
v 105.000 0.000 25.000 0.34 0.27 0.2
v 81.667 0.000 25.000 0.34 0.27 0.2
v -105.000 0.000 -33.000 0.42 0.58 0.28
v -81.667 0.000 -33.000 0.42 0.58 0.28
v -81.667 0.000 -13.667 0.42 0.58 0.28
v -105.000 0.000 -13.667 0.42 0.58 0.28
v -105.000 0.150 -33.000 0.42 0.58 0.28
v -81.667 0.150 -33.000 0.42 0.58 0.28
v -81.667 0.150 -13.667 0.42 0.58 0.28
v -105.000 0.150 -13.667 0.42 0.58 0.28
v -105.000 0.000 -13.667 0.42 0.58 0.28
v -81.667 0.000 -13.667 0.42 0.58 0.28
v -81.667 0.000 5.667 0.42 0.58 0.28
v -105.000 0.000 5.667 0.42 0.58 0.28
v -105.000 0.150 -13.667 0.42 0.58 0.28
v -81.667 0.150 -13.667 0.42 0.58 0.28
v -81.667 0.150 5.667 0.42 0.58 0.28
v -105.000 0.150 5.667 0.42 0.58 0.28
v -105.000 0.000 5.667 0.42 0.58 0.28
v -81.667 0.000 5.667 0.42 0.58 0.28
v -81.667 0.000 25.000 0.42 0.58 0.28
v -105.000 0.000 25.000 0.42 0.58 0.28
v -105.000 0.150 5.667 0.42 0.58 0.28
v -81.667 0.150 5.667 0.42 0.58 0.28
v -81.667 0.150 25.000 0.42 0.58 0.28
v -105.000 0.150 25.000 0.42 0.58 0.28
v -81.667 0.000 -33.000 0.42 0.58 0.28
v -58.333 0.000 -33.000 0.42 0.58 0.28
v -58.333 0.000 -13.667 0.42 0.58 0.28
v -81.667 0.000 -13.667 0.42 0.58 0.28
v -81.667 0.150 -33.000 0.42 0.58 0.28
v -58.333 0.150 -33.000 0.42 0.58 0.28
v -58.333 0.150 -13.667 0.42 0.58 0.28
v -81.667 0.150 -13.667 0.42 0.58 0.28
v -81.667 0.000 -13.667 0.42 0.58 0.28
v -58.333 0.000 -13.667 0.42 0.58 0.28
v -58.333 0.000 5.667 0.42 0.58 0.28
v -81.667 0.000 5.667 0.42 0.58 0.28
v -81.667 0.150 -13.667 0.42 0.58 0.28
v -58.333 0.150 -13.667 0.42 0.58 0.28
v -58.333 0.150 5.667 0.42 0.58 0.28
v -81.667 0.150 5.667 0.42 0.58 0.28
v -81.667 0.000 5.667 0.42 0.58 0.28
v -58.333 0.000 5.667 0.42 0.58 0.28
v -58.333 0.000 25.000 0.42 0.58 0.28
v -81.667 0.000 25.000 0.42 0.58 0.28
v -81.667 0.150 5.667 0.42 0.58 0.28
v -58.333 0.150 5.667 0.42 0.58 0.28
v -58.333 0.150 25.000 0.42 0.58 0.28
v -81.667 0.150 25.000 0.42 0.58 0.28
v -58.333 0.000 -33.000 0.42 0.58 0.28
v -35.000 0.000 -33.000 0.42 0.58 0.28
v -35.000 0.000 -13.667 0.42 0.58 0.28
v -58.333 0.000 -13.667 0.42 0.58 0.28
v -58.333 0.150 -33.000 0.42 0.58 0.28
v -35.000 0.150 -33.000 0.42 0.58 0.28
v -35.000 0.150 -13.667 0.42 0.58 0.28
v -58.333 0.150 -13.667 0.42 0.58 0.28
v -58.333 0.000 -13.667 0.42 0.58 0.28
v -35.000 0.000 -13.667 0.42 0.58 0.28
v -35.000 0.000 5.667 0.42 0.58 0.28
v -58.333 0.000 5.667 0.42 0.58 0.28
v -58.333 0.150 -13.667 0.42 0.58 0.28
v -35.000 0.150 -13.667 0.42 0.58 0.28
v -35.000 0.150 5.667 0.42 0.58 0.28
v -58.333 0.150 5.667 0.42 0.58 0.28
v -58.333 0.000 5.667 0.42 0.58 0.28
v -35.000 0.000 5.667 0.42 0.58 0.28
v -35.000 0.000 25.000 0.42 0.58 0.28
v -58.333 0.000 25.000 0.42 0.58 0.28
v -58.333 0.150 5.667 0.42 0.58 0.28
v -35.000 0.150 5.667 0.42 0.58 0.28
v -35.000 0.150 25.000 0.42 0.58 0.28
v -58.333 0.150 25.000 0.42 0.58 0.28
v -35.000 0.000 -33.000 0.42 0.58 0.28
v -11.667 0.000 -33.000 0.42 0.58 0.28
v -11.667 0.000 -13.667 0.42 0.58 0.28
v -35.000 0.000 -13.667 0.42 0.58 0.28
v -35.000 0.150 -33.000 0.42 0.58 0.28
v -11.667 0.150 -33.000 0.42 0.58 0.28
v -11.667 0.150 -13.667 0.42 0.58 0.28
v -35.000 0.150 -13.667 0.42 0.58 0.28
v -35.000 0.000 -13.667 0.42 0.58 0.28
v -11.667 0.000 -13.667 0.42 0.58 0.28
v -11.667 0.000 5.667 0.42 0.58 0.28
v -35.000 0.000 5.667 0.42 0.58 0.28
v -35.000 0.150 -13.667 0.42 0.58 0.28
v -11.667 0.150 -13.667 0.42 0.58 0.28
v -11.667 0.150 5.667 0.42 0.58 0.28
v -35.000 0.150 5.667 0.42 0.58 0.28
v -35.000 0.000 5.667 0.42 0.58 0.28
v -11.667 0.000 5.667 0.42 0.58 0.28
v -11.667 0.000 25.000 0.42 0.58 0.28
v -35.000 0.000 25.000 0.42 0.58 0.28
v -35.000 0.150 5.667 0.42 0.58 0.28
v -11.667 0.150 5.667 0.42 0.58 0.28
v -11.667 0.150 25.000 0.42 0.58 0.28
v -35.000 0.150 25.000 0.42 0.58 0.28
v -11.667 0.000 -33.000 0.42 0.58 0.28
v 11.667 0.000 -33.000 0.42 0.58 0.28
v 11.667 0.000 -13.667 0.42 0.58 0.28
v -11.667 0.000 -13.667 0.42 0.58 0.28
v -11.667 0.150 -33.000 0.42 0.58 0.28
v 11.667 0.150 -33.000 0.42 0.58 0.28
v 11.667 0.150 -13.667 0.42 0.58 0.28
v -11.667 0.150 -13.667 0.42 0.58 0.28
v -11.667 0.000 -13.667 0.42 0.58 0.28
v 11.667 0.000 -13.667 0.42 0.58 0.28
v 11.667 0.000 5.667 0.42 0.58 0.28
v -11.667 0.000 5.667 0.42 0.58 0.28
v -11.667 0.150 -13.667 0.42 0.58 0.28
v 11.667 0.150 -13.667 0.42 0.58 0.28
v 11.667 0.150 5.667 0.42 0.58 0.28
v -11.667 0.150 5.667 0.42 0.58 0.28
v -11.667 0.000 5.667 0.42 0.58 0.28
v 11.667 0.000 5.667 0.42 0.58 0.28
v 11.667 0.000 25.000 0.42 0.58 0.28
v -11.667 0.000 25.000 0.42 0.58 0.28
v -11.667 0.150 5.667 0.42 0.58 0.28
v 11.667 0.150 5.667 0.42 0.58 0.28
v 11.667 0.150 25.000 0.42 0.58 0.28
v -11.667 0.150 25.000 0.42 0.58 0.28
v 11.667 0.000 -33.000 0.42 0.58 0.28
v 35.000 0.000 -33.000 0.42 0.58 0.28
v 35.000 0.000 -13.667 0.42 0.58 0.28
v 11.667 0.000 -13.667 0.42 0.58 0.28
v 11.667 0.150 -33.000 0.42 0.58 0.28
v 35.000 0.150 -33.000 0.42 0.58 0.28
v 35.000 0.150 -13.667 0.42 0.58 0.28
v 11.667 0.150 -13.667 0.42 0.58 0.28
v 11.667 0.000 -13.667 0.42 0.58 0.28
v 35.000 0.000 -13.667 0.42 0.58 0.28
v 35.000 0.000 5.667 0.42 0.58 0.28
v 11.667 0.000 5.667 0.42 0.58 0.28
v 11.667 0.150 -13.667 0.42 0.58 0.28
v 35.000 0.150 -13.667 0.42 0.58 0.28
v 35.000 0.150 5.667 0.42 0.58 0.28
v 11.667 0.150 5.667 0.42 0.58 0.28
v 11.667 0.000 5.667 0.42 0.58 0.28
v 35.000 0.000 5.667 0.42 0.58 0.28
v 35.000 0.000 25.000 0.42 0.58 0.28
v 11.667 0.000 25.000 0.42 0.58 0.28
v 11.667 0.150 5.667 0.42 0.58 0.28
v 35.000 0.150 5.667 0.42 0.58 0.28
v 35.000 0.150 25.000 0.42 0.58 0.28
v 11.667 0.150 25.000 0.42 0.58 0.28
v 35.000 0.000 -33.000 0.42 0.58 0.28
v 58.333 0.000 -33.000 0.42 0.58 0.28
v 58.333 0.000 -13.667 0.42 0.58 0.28
v 35.000 0.000 -13.667 0.42 0.58 0.28
v 35.000 0.150 -33.000 0.42 0.58 0.28
v 58.333 0.150 -33.000 0.42 0.58 0.28
v 58.333 0.150 -13.667 0.42 0.58 0.28
v 35.000 0.150 -13.667 0.42 0.58 0.28
v 35.000 0.000 -13.667 0.42 0.58 0.28
v 58.333 0.000 -13.667 0.42 0.58 0.28
v 58.333 0.000 5.667 0.42 0.58 0.28
v 35.000 0.000 5.667 0.42 0.58 0.28
v 35.000 0.150 -13.667 0.42 0.58 0.28
v 58.333 0.150 -13.667 0.42 0.58 0.28
v 58.333 0.150 5.667 0.42 0.58 0.28
v 35.000 0.150 5.667 0.42 0.58 0.28
v 35.000 0.000 5.667 0.42 0.58 0.28
v 58.333 0.000 5.667 0.42 0.58 0.28
v 58.333 0.000 25.000 0.42 0.58 0.28
v 35.000 0.000 25.000 0.42 0.58 0.28
v 35.000 0.150 5.667 0.42 0.58 0.28
v 58.333 0.150 5.667 0.42 0.58 0.28
v 58.333 0.150 25.000 0.42 0.58 0.28
v 35.000 0.150 25.000 0.42 0.58 0.28
v 58.333 0.000 -33.000 0.42 0.58 0.28
v 81.667 0.000 -33.000 0.42 0.58 0.28
v 81.667 0.000 -13.667 0.42 0.58 0.28
v 58.333 0.000 -13.667 0.42 0.58 0.28
v 58.333 0.150 -33.000 0.42 0.58 0.28
v 81.667 0.150 -33.000 0.42 0.58 0.28
v 81.667 0.150 -13.667 0.42 0.58 0.28
v 58.333 0.150 -13.667 0.42 0.58 0.28
v 58.333 0.000 -13.667 0.42 0.58 0.28
v 81.667 0.000 -13.667 0.42 0.58 0.28
v 81.667 0.000 5.667 0.42 0.58 0.28
v 58.333 0.000 5.667 0.42 0.58 0.28
v 58.333 0.150 -13.667 0.42 0.58 0.28
v 81.667 0.150 -13.667 0.42 0.58 0.28
v 81.667 0.150 5.667 0.42 0.58 0.28
v 58.333 0.150 5.667 0.42 0.58 0.28
v 58.333 0.000 5.667 0.42 0.58 0.28
v 81.667 0.000 5.667 0.42 0.58 0.28
v 81.667 0.000 25.000 0.42 0.58 0.28
v 58.333 0.000 25.000 0.42 0.58 0.28
v 58.333 0.150 5.667 0.42 0.58 0.28
v 81.667 0.150 5.667 0.42 0.58 0.28
v 81.667 0.150 25.000 0.42 0.58 0.28
v 58.333 0.150 25.000 0.42 0.58 0.28
v 81.667 0.000 -33.000 0.42 0.58 0.28
v 105.000 0.000 -33.000 0.42 0.58 0.28
v 105.000 0.000 -13.667 0.42 0.58 0.28
v 81.667 0.000 -13.667 0.42 0.58 0.28
v 81.667 0.150 -33.000 0.42 0.58 0.28
v 105.000 0.150 -33.000 0.42 0.58 0.28
v 105.000 0.150 -13.667 0.42 0.58 0.28
v 81.667 0.150 -13.667 0.42 0.58 0.28
v 81.667 0.000 -13.667 0.42 0.58 0.28
v 105.000 0.000 -13.667 0.42 0.58 0.28
v 105.000 0.000 5.667 0.42 0.58 0.28
v 81.667 0.000 5.667 0.42 0.58 0.28
v 81.667 0.150 -13.667 0.42 0.58 0.28
v 105.000 0.150 -13.667 0.42 0.58 0.28
v 105.000 0.150 5.667 0.42 0.58 0.28
v 81.667 0.150 5.667 0.42 0.58 0.28
v 81.667 0.000 5.667 0.42 0.58 0.28
v 105.000 0.000 5.667 0.42 0.58 0.28
v 105.000 0.000 25.000 0.42 0.58 0.28
v 81.667 0.000 25.000 0.42 0.58 0.28
v 81.667 0.150 5.667 0.42 0.58 0.28
v 105.000 0.150 5.667 0.42 0.58 0.28
v 105.000 0.150 25.000 0.42 0.58 0.28
v 81.667 0.150 25.000 0.42 0.58 0.28
v -105.000 0.020 -33.000 0.74 0.72 0.67
v -81.667 0.020 -33.000 0.74 0.72 0.67
v -81.667 0.020 -30.000 0.74 0.72 0.67
v -105.000 0.020 -30.000 0.74 0.72 0.67
v -105.000 0.170 -33.000 0.74 0.72 0.67
v -81.667 0.170 -33.000 0.74 0.72 0.67
v -81.667 0.170 -30.000 0.74 0.72 0.67
v -105.000 0.170 -30.000 0.74 0.72 0.67
v -81.667 0.020 -33.000 0.74 0.72 0.67
v -58.333 0.020 -33.000 0.74 0.72 0.67
v -58.333 0.020 -30.000 0.74 0.72 0.67
v -81.667 0.020 -30.000 0.74 0.72 0.67
v -81.667 0.170 -33.000 0.74 0.72 0.67
v -58.333 0.170 -33.000 0.74 0.72 0.67
v -58.333 0.170 -30.000 0.74 0.72 0.67
v -81.667 0.170 -30.000 0.74 0.72 0.67
v -58.333 0.020 -33.000 0.74 0.72 0.67
v -35.000 0.020 -33.000 0.74 0.72 0.67
v -35.000 0.020 -30.000 0.74 0.72 0.67
v -58.333 0.020 -30.000 0.74 0.72 0.67
v -58.333 0.170 -33.000 0.74 0.72 0.67
v -35.000 0.170 -33.000 0.74 0.72 0.67
v -35.000 0.170 -30.000 0.74 0.72 0.67
v -58.333 0.170 -30.000 0.74 0.72 0.67
v -35.000 0.020 -33.000 0.74 0.72 0.67
v -11.667 0.020 -33.000 0.74 0.72 0.67
v -11.667 0.020 -30.000 0.74 0.72 0.67
v -35.000 0.020 -30.000 0.74 0.72 0.67
v -35.000 0.170 -33.000 0.74 0.72 0.67
v -11.667 0.170 -33.000 0.74 0.72 0.67
v -11.667 0.170 -30.000 0.74 0.72 0.67
v -35.000 0.170 -30.000 0.74 0.72 0.67
v -11.667 0.020 -33.000 0.74 0.72 0.67
v 11.667 0.020 -33.000 0.74 0.72 0.67
v 11.667 0.020 -30.000 0.74 0.72 0.67
v -11.667 0.020 -30.000 0.74 0.72 0.67
v -11.667 0.170 -33.000 0.74 0.72 0.67
v 11.667 0.170 -33.000 0.74 0.72 0.67
v 11.667 0.170 -30.000 0.74 0.72 0.67
v -11.667 0.170 -30.000 0.74 0.72 0.67
v 11.667 0.020 -33.000 0.74 0.72 0.67
v 35.000 0.020 -33.000 0.74 0.72 0.67
v 35.000 0.020 -30.000 0.74 0.72 0.67
v 11.667 0.020 -30.000 0.74 0.72 0.67
v 11.667 0.170 -33.000 0.74 0.72 0.67
v 35.000 0.170 -33.000 0.74 0.72 0.67
v 35.000 0.170 -30.000 0.74 0.72 0.67
v 11.667 0.170 -30.000 0.74 0.72 0.67
v 35.000 0.020 -33.000 0.74 0.72 0.67
v 58.333 0.020 -33.000 0.74 0.72 0.67
v 58.333 0.020 -30.000 0.74 0.72 0.67
v 35.000 0.020 -30.000 0.74 0.72 0.67
v 35.000 0.170 -33.000 0.74 0.72 0.67
v 58.333 0.170 -33.000 0.74 0.72 0.67
v 58.333 0.170 -30.000 0.74 0.72 0.67
v 35.000 0.170 -30.000 0.74 0.72 0.67
v 58.333 0.020 -33.000 0.74 0.72 0.67
v 81.667 0.020 -33.000 0.74 0.72 0.67
v 81.667 0.020 -30.000 0.74 0.72 0.67
v 58.333 0.020 -30.000 0.74 0.72 0.67
v 58.333 0.170 -33.000 0.74 0.72 0.67
v 81.667 0.170 -33.000 0.74 0.72 0.67
v 81.667 0.170 -30.000 0.74 0.72 0.67
v 58.333 0.170 -30.000 0.74 0.72 0.67
v 81.667 0.020 -33.000 0.74 0.72 0.67
v 105.000 0.020 -33.000 0.74 0.72 0.67
v 105.000 0.020 -30.000 0.74 0.72 0.67
v 81.667 0.020 -30.000 0.74 0.72 0.67
v 81.667 0.170 -33.000 0.74 0.72 0.67
v 105.000 0.170 -33.000 0.74 0.72 0.67
v 105.000 0.170 -30.000 0.74 0.72 0.67
v 81.667 0.170 -30.000 0.74 0.72 0.67
v -105.000 0.020 -30.000 0.62 0.3 0.24
v -81.667 0.020 -30.000 0.62 0.3 0.24
v -81.667 0.020 -27.500 0.62 0.3 0.24
v -105.000 0.020 -27.500 0.62 0.3 0.24
v -105.000 0.170 -30.000 0.62 0.3 0.24
v -81.667 0.170 -30.000 0.62 0.3 0.24
v -81.667 0.170 -27.500 0.62 0.3 0.24
v -105.000 0.170 -27.500 0.62 0.3 0.24
v -81.667 0.020 -30.000 0.62 0.3 0.24
v -58.333 0.020 -30.000 0.62 0.3 0.24
v -58.333 0.020 -27.500 0.62 0.3 0.24
v -81.667 0.020 -27.500 0.62 0.3 0.24
v -81.667 0.170 -30.000 0.62 0.3 0.24
v -58.333 0.170 -30.000 0.62 0.3 0.24
v -58.333 0.170 -27.500 0.62 0.3 0.24
v -81.667 0.170 -27.500 0.62 0.3 0.24
v -58.333 0.020 -30.000 0.62 0.3 0.24
v -35.000 0.020 -30.000 0.62 0.3 0.24
v -35.000 0.020 -27.500 0.62 0.3 0.24
v -58.333 0.020 -27.500 0.62 0.3 0.24
v -58.333 0.170 -30.000 0.62 0.3 0.24
v -35.000 0.170 -30.000 0.62 0.3 0.24
v -35.000 0.170 -27.500 0.62 0.3 0.24
v -58.333 0.170 -27.500 0.62 0.3 0.24
v -35.000 0.020 -30.000 0.62 0.3 0.24
v -11.667 0.020 -30.000 0.62 0.3 0.24
v -11.667 0.020 -27.500 0.62 0.3 0.24
v -35.000 0.020 -27.500 0.62 0.3 0.24
v -35.000 0.170 -30.000 0.62 0.3 0.24
v -11.667 0.170 -30.000 0.62 0.3 0.24
v -11.667 0.170 -27.500 0.62 0.3 0.24
v -35.000 0.170 -27.500 0.62 0.3 0.24
v -11.667 0.020 -30.000 0.62 0.3 0.24
v 11.667 0.020 -30.000 0.62 0.3 0.24
v 11.667 0.020 -27.500 0.62 0.3 0.24
v -11.667 0.020 -27.500 0.62 0.3 0.24
v -11.667 0.170 -30.000 0.62 0.3 0.24
v 11.667 0.170 -30.000 0.62 0.3 0.24
v 11.667 0.170 -27.500 0.62 0.3 0.24
v -11.667 0.170 -27.500 0.62 0.3 0.24
v 11.667 0.020 -30.000 0.62 0.3 0.24
v 35.000 0.020 -30.000 0.62 0.3 0.24
v 35.000 0.020 -27.500 0.62 0.3 0.24
v 11.667 0.020 -27.500 0.62 0.3 0.24
v 11.667 0.170 -30.000 0.62 0.3 0.24
v 35.000 0.170 -30.000 0.62 0.3 0.24
v 35.000 0.170 -27.500 0.62 0.3 0.24
v 11.667 0.170 -27.500 0.62 0.3 0.24
v 35.000 0.020 -30.000 0.62 0.3 0.24
v 58.333 0.020 -30.000 0.62 0.3 0.24
v 58.333 0.020 -27.500 0.62 0.3 0.24
v 35.000 0.020 -27.500 0.62 0.3 0.24
v 35.000 0.170 -30.000 0.62 0.3 0.24
v 58.333 0.170 -30.000 0.62 0.3 0.24
v 58.333 0.170 -27.500 0.62 0.3 0.24
v 35.000 0.170 -27.500 0.62 0.3 0.24
v 58.333 0.020 -30.000 0.62 0.3 0.24
v 81.667 0.020 -30.000 0.62 0.3 0.24
v 81.667 0.020 -27.500 0.62 0.3 0.24
v 58.333 0.020 -27.500 0.62 0.3 0.24
v 58.333 0.170 -30.000 0.62 0.3 0.24
v 81.667 0.170 -30.000 0.62 0.3 0.24
v 81.667 0.170 -27.500 0.62 0.3 0.24
v 58.333 0.170 -27.500 0.62 0.3 0.24
v 81.667 0.020 -30.000 0.62 0.3 0.24
v 105.000 0.020 -30.000 0.62 0.3 0.24
v 105.000 0.020 -27.500 0.62 0.3 0.24
v 81.667 0.020 -27.500 0.62 0.3 0.24
v 81.667 0.170 -30.000 0.62 0.3 0.24
v 105.000 0.170 -30.000 0.62 0.3 0.24
v 105.000 0.170 -27.500 0.62 0.3 0.24
v 81.667 0.170 -27.500 0.62 0.3 0.24
v -105.000 0.020 -25.500 0.24 0.26 0.29
v -81.667 0.020 -25.500 0.24 0.26 0.29
v -81.667 0.020 -15.500 0.24 0.26 0.29
v -105.000 0.020 -15.500 0.24 0.26 0.29
v -105.000 0.170 -25.500 0.24 0.26 0.29
v -81.667 0.170 -25.500 0.24 0.26 0.29
v -81.667 0.170 -15.500 0.24 0.26 0.29
v -105.000 0.170 -15.500 0.24 0.26 0.29
v -81.667 0.020 -25.500 0.24 0.26 0.29
v -58.333 0.020 -25.500 0.24 0.26 0.29
v -58.333 0.020 -15.500 0.24 0.26 0.29
v -81.667 0.020 -15.500 0.24 0.26 0.29
v -81.667 0.170 -25.500 0.24 0.26 0.29
v -58.333 0.170 -25.500 0.24 0.26 0.29
v -58.333 0.170 -15.500 0.24 0.26 0.29
v -81.667 0.170 -15.500 0.24 0.26 0.29
v -58.333 0.020 -25.500 0.24 0.26 0.29
v -35.000 0.020 -25.500 0.24 0.26 0.29
v -35.000 0.020 -15.500 0.24 0.26 0.29
v -58.333 0.020 -15.500 0.24 0.26 0.29
v -58.333 0.170 -25.500 0.24 0.26 0.29
v -35.000 0.170 -25.500 0.24 0.26 0.29
v -35.000 0.170 -15.500 0.24 0.26 0.29
v -58.333 0.170 -15.500 0.24 0.26 0.29
v -35.000 0.020 -25.500 0.24 0.26 0.29
v -11.667 0.020 -25.500 0.24 0.26 0.29
v -11.667 0.020 -15.500 0.24 0.26 0.29
v -35.000 0.020 -15.500 0.24 0.26 0.29
v -35.000 0.170 -25.500 0.24 0.26 0.29
v -11.667 0.170 -25.500 0.24 0.26 0.29
v -11.667 0.170 -15.500 0.24 0.26 0.29
v -35.000 0.170 -15.500 0.24 0.26 0.29
v -11.667 0.020 -25.500 0.24 0.26 0.29
v 11.667 0.020 -25.500 0.24 0.26 0.29
v 11.667 0.020 -15.500 0.24 0.26 0.29
v -11.667 0.020 -15.500 0.24 0.26 0.29
v -11.667 0.170 -25.500 0.24 0.26 0.29
v 11.667 0.170 -25.500 0.24 0.26 0.29
v 11.667 0.170 -15.500 0.24 0.26 0.29
v -11.667 0.170 -15.500 0.24 0.26 0.29
v 11.667 0.020 -25.500 0.24 0.26 0.29
v 35.000 0.020 -25.500 0.24 0.26 0.29
v 35.000 0.020 -15.500 0.24 0.26 0.29
v 11.667 0.020 -15.500 0.24 0.26 0.29
v 11.667 0.170 -25.500 0.24 0.26 0.29
v 35.000 0.170 -25.500 0.24 0.26 0.29
v 35.000 0.170 -15.500 0.24 0.26 0.29
v 11.667 0.170 -15.500 0.24 0.26 0.29
v 35.000 0.020 -25.500 0.24 0.26 0.29
v 58.333 0.020 -25.500 0.24 0.26 0.29
v 58.333 0.020 -15.500 0.24 0.26 0.29
v 35.000 0.020 -15.500 0.24 0.26 0.29
v 35.000 0.170 -25.500 0.24 0.26 0.29
v 58.333 0.170 -25.500 0.24 0.26 0.29
v 58.333 0.170 -15.500 0.24 0.26 0.29
v 35.000 0.170 -15.500 0.24 0.26 0.29
v 58.333 0.020 -25.500 0.24 0.26 0.29
v 81.667 0.020 -25.500 0.24 0.26 0.29
v 81.667 0.020 -15.500 0.24 0.26 0.29
v 58.333 0.020 -15.500 0.24 0.26 0.29
v 58.333 0.170 -25.500 0.24 0.26 0.29
v 81.667 0.170 -25.500 0.24 0.26 0.29
v 81.667 0.170 -15.500 0.24 0.26 0.29
v 58.333 0.170 -15.500 0.24 0.26 0.29
v 81.667 0.020 -25.500 0.24 0.26 0.29
v 105.000 0.020 -25.500 0.24 0.26 0.29
v 105.000 0.020 -15.500 0.24 0.26 0.29
v 81.667 0.020 -15.500 0.24 0.26 0.29
v 81.667 0.170 -25.500 0.24 0.26 0.29
v 105.000 0.170 -25.500 0.24 0.26 0.29
v 105.000 0.170 -15.500 0.24 0.26 0.29
v 81.667 0.170 -15.500 0.24 0.26 0.29
v -105.000 0.140 -7.500 0.34 0.47 0.23
v -81.667 0.140 -7.500 0.34 0.47 0.23
v -81.667 0.140 7.500 0.34 0.47 0.23
v -105.000 0.140 7.500 0.34 0.47 0.23
v -105.000 0.160 -7.500 0.34 0.47 0.23
v -81.667 0.160 -7.500 0.34 0.47 0.23
v -81.667 0.160 7.500 0.34 0.47 0.23
v -105.000 0.160 7.500 0.34 0.47 0.23
v -81.667 0.140 -7.500 0.34 0.47 0.23
v -58.333 0.140 -7.500 0.34 0.47 0.23
v -58.333 0.140 7.500 0.34 0.47 0.23
v -81.667 0.140 7.500 0.34 0.47 0.23
v -81.667 0.160 -7.500 0.34 0.47 0.23
v -58.333 0.160 -7.500 0.34 0.47 0.23
v -58.333 0.160 7.500 0.34 0.47 0.23
v -81.667 0.160 7.500 0.34 0.47 0.23
v -58.333 0.140 -7.500 0.34 0.47 0.23
v -35.000 0.140 -7.500 0.34 0.47 0.23
v -35.000 0.140 7.500 0.34 0.47 0.23
v -58.333 0.140 7.500 0.34 0.47 0.23
v -58.333 0.160 -7.500 0.34 0.47 0.23
v -35.000 0.160 -7.500 0.34 0.47 0.23
v -35.000 0.160 7.500 0.34 0.47 0.23
v -58.333 0.160 7.500 0.34 0.47 0.23
v -35.000 0.140 -7.500 0.34 0.47 0.23
v -11.667 0.140 -7.500 0.34 0.47 0.23
v -11.667 0.140 7.500 0.34 0.47 0.23
v -35.000 0.140 7.500 0.34 0.47 0.23
v -35.000 0.160 -7.500 0.34 0.47 0.23
v -11.667 0.160 -7.500 0.34 0.47 0.23
v -11.667 0.160 7.500 0.34 0.47 0.23
v -35.000 0.160 7.500 0.34 0.47 0.23
v -11.667 0.140 -7.500 0.34 0.47 0.23
v 11.667 0.140 -7.500 0.34 0.47 0.23
v 11.667 0.140 7.500 0.34 0.47 0.23
v -11.667 0.140 7.500 0.34 0.47 0.23
v -11.667 0.160 -7.500 0.34 0.47 0.23
v 11.667 0.160 -7.500 0.34 0.47 0.23
v 11.667 0.160 7.500 0.34 0.47 0.23
v -11.667 0.160 7.500 0.34 0.47 0.23
v 11.667 0.140 -7.500 0.34 0.47 0.23
v 35.000 0.140 -7.500 0.34 0.47 0.23
v 35.000 0.140 7.500 0.34 0.47 0.23
v 11.667 0.140 7.500 0.34 0.47 0.23
v 11.667 0.160 -7.500 0.34 0.47 0.23
v 35.000 0.160 -7.500 0.34 0.47 0.23
v 35.000 0.160 7.500 0.34 0.47 0.23
v 11.667 0.160 7.500 0.34 0.47 0.23
v 35.000 0.140 -7.500 0.34 0.47 0.23
v 58.333 0.140 -7.500 0.34 0.47 0.23
v 58.333 0.140 7.500 0.34 0.47 0.23
v 35.000 0.140 7.500 0.34 0.47 0.23
v 35.000 0.160 -7.500 0.34 0.47 0.23
v 58.333 0.160 -7.500 0.34 0.47 0.23
v 58.333 0.160 7.500 0.34 0.47 0.23
v 35.000 0.160 7.500 0.34 0.47 0.23
v 58.333 0.140 -7.500 0.34 0.47 0.23
v 81.667 0.140 -7.500 0.34 0.47 0.23
v 81.667 0.140 7.500 0.34 0.47 0.23
v 58.333 0.140 7.500 0.34 0.47 0.23
v 58.333 0.160 -7.500 0.34 0.47 0.23
v 81.667 0.160 -7.500 0.34 0.47 0.23
v 81.667 0.160 7.500 0.34 0.47 0.23
v 58.333 0.160 7.500 0.34 0.47 0.23
v 81.667 0.140 -7.500 0.34 0.47 0.23
v 105.000 0.140 -7.500 0.34 0.47 0.23
v 105.000 0.140 7.500 0.34 0.47 0.23
v 81.667 0.140 7.500 0.34 0.47 0.23
v 81.667 0.160 -7.500 0.34 0.47 0.23
v 105.000 0.160 -7.500 0.34 0.47 0.23
v 105.000 0.160 7.500 0.34 0.47 0.23
v 81.667 0.160 7.500 0.34 0.47 0.23
v -105.000 0.020 7.500 0.19 0.21 0.24
v -81.667 0.020 7.500 0.19 0.21 0.24
v -81.667 0.020 11.000 0.19 0.21 0.24
v -105.000 0.020 11.000 0.19 0.21 0.24
v -105.000 0.170 7.500 0.19 0.21 0.24
v -81.667 0.170 7.500 0.19 0.21 0.24
v -81.667 0.170 11.000 0.19 0.21 0.24
v -105.000 0.170 11.000 0.19 0.21 0.24
v -81.667 0.020 7.500 0.19 0.21 0.24
v -58.333 0.020 7.500 0.19 0.21 0.24
v -58.333 0.020 11.000 0.19 0.21 0.24
v -81.667 0.020 11.000 0.19 0.21 0.24
v -81.667 0.170 7.500 0.19 0.21 0.24
v -58.333 0.170 7.500 0.19 0.21 0.24
v -58.333 0.170 11.000 0.19 0.21 0.24
v -81.667 0.170 11.000 0.19 0.21 0.24
v -58.333 0.020 7.500 0.19 0.21 0.24
v -35.000 0.020 7.500 0.19 0.21 0.24
v -35.000 0.020 11.000 0.19 0.21 0.24
v -58.333 0.020 11.000 0.19 0.21 0.24
v -58.333 0.170 7.500 0.19 0.21 0.24
v -35.000 0.170 7.500 0.19 0.21 0.24
v -35.000 0.170 11.000 0.19 0.21 0.24
v -58.333 0.170 11.000 0.19 0.21 0.24
v -35.000 0.020 7.500 0.19 0.21 0.24
v -11.667 0.020 7.500 0.19 0.21 0.24
v -11.667 0.020 11.000 0.19 0.21 0.24
v -35.000 0.020 11.000 0.19 0.21 0.24
v -35.000 0.170 7.500 0.19 0.21 0.24
v -11.667 0.170 7.500 0.19 0.21 0.24
v -11.667 0.170 11.000 0.19 0.21 0.24
v -35.000 0.170 11.000 0.19 0.21 0.24
v -11.667 0.020 7.500 0.19 0.21 0.24
v 11.667 0.020 7.500 0.19 0.21 0.24
v 11.667 0.020 11.000 0.19 0.21 0.24
v -11.667 0.020 11.000 0.19 0.21 0.24
v -11.667 0.170 7.500 0.19 0.21 0.24
v 11.667 0.170 7.500 0.19 0.21 0.24
v 11.667 0.170 11.000 0.19 0.21 0.24
v -11.667 0.170 11.000 0.19 0.21 0.24
v 11.667 0.020 7.500 0.19 0.21 0.24
v 35.000 0.020 7.500 0.19 0.21 0.24
v 35.000 0.020 11.000 0.19 0.21 0.24
v 11.667 0.020 11.000 0.19 0.21 0.24
v 11.667 0.170 7.500 0.19 0.21 0.24
v 35.000 0.170 7.500 0.19 0.21 0.24
v 35.000 0.170 11.000 0.19 0.21 0.24
v 11.667 0.170 11.000 0.19 0.21 0.24
v 35.000 0.020 7.500 0.19 0.21 0.24
v 58.333 0.020 7.500 0.19 0.21 0.24
v 58.333 0.020 11.000 0.19 0.21 0.24
v 35.000 0.020 11.000 0.19 0.21 0.24
v 35.000 0.170 7.500 0.19 0.21 0.24
v 58.333 0.170 7.500 0.19 0.21 0.24
v 58.333 0.170 11.000 0.19 0.21 0.24
v 35.000 0.170 11.000 0.19 0.21 0.24
v 58.333 0.020 7.500 0.19 0.21 0.24
v 81.667 0.020 7.500 0.19 0.21 0.24
v 81.667 0.020 11.000 0.19 0.21 0.24
v 58.333 0.020 11.000 0.19 0.21 0.24
v 58.333 0.170 7.500 0.19 0.21 0.24
v 81.667 0.170 7.500 0.19 0.21 0.24
v 81.667 0.170 11.000 0.19 0.21 0.24
v 58.333 0.170 11.000 0.19 0.21 0.24
v 81.667 0.020 7.500 0.19 0.21 0.24
v 105.000 0.020 7.500 0.19 0.21 0.24
v 105.000 0.020 11.000 0.19 0.21 0.24
v 81.667 0.020 11.000 0.19 0.21 0.24
v 81.667 0.170 7.500 0.19 0.21 0.24
v 105.000 0.170 7.500 0.19 0.21 0.24
v 105.000 0.170 11.000 0.19 0.21 0.24
v 81.667 0.170 11.000 0.19 0.21 0.24
v -105.000 0.020 14.500 0.19 0.21 0.24
v -81.667 0.020 14.500 0.19 0.21 0.24
v -81.667 0.020 18.000 0.19 0.21 0.24
v -105.000 0.020 18.000 0.19 0.21 0.24
v -105.000 0.170 14.500 0.19 0.21 0.24
v -81.667 0.170 14.500 0.19 0.21 0.24
v -81.667 0.170 18.000 0.19 0.21 0.24
v -105.000 0.170 18.000 0.19 0.21 0.24
v -81.667 0.020 14.500 0.19 0.21 0.24
v -58.333 0.020 14.500 0.19 0.21 0.24
v -58.333 0.020 18.000 0.19 0.21 0.24
v -81.667 0.020 18.000 0.19 0.21 0.24
v -81.667 0.170 14.500 0.19 0.21 0.24
v -58.333 0.170 14.500 0.19 0.21 0.24
v -58.333 0.170 18.000 0.19 0.21 0.24
v -81.667 0.170 18.000 0.19 0.21 0.24
v -58.333 0.020 14.500 0.19 0.21 0.24
v -35.000 0.020 14.500 0.19 0.21 0.24
v -35.000 0.020 18.000 0.19 0.21 0.24
v -58.333 0.020 18.000 0.19 0.21 0.24
v -58.333 0.170 14.500 0.19 0.21 0.24
v -35.000 0.170 14.500 0.19 0.21 0.24
v -35.000 0.170 18.000 0.19 0.21 0.24
v -58.333 0.170 18.000 0.19 0.21 0.24
v -35.000 0.020 14.500 0.19 0.21 0.24
v -11.667 0.020 14.500 0.19 0.21 0.24
v -11.667 0.020 18.000 0.19 0.21 0.24
v -35.000 0.020 18.000 0.19 0.21 0.24
v -35.000 0.170 14.500 0.19 0.21 0.24
v -11.667 0.170 14.500 0.19 0.21 0.24
v -11.667 0.170 18.000 0.19 0.21 0.24
v -35.000 0.170 18.000 0.19 0.21 0.24
v -11.667 0.020 14.500 0.19 0.21 0.24
v 11.667 0.020 14.500 0.19 0.21 0.24
v 11.667 0.020 18.000 0.19 0.21 0.24
v -11.667 0.020 18.000 0.19 0.21 0.24
v -11.667 0.170 14.500 0.19 0.21 0.24
v 11.667 0.170 14.500 0.19 0.21 0.24
v 11.667 0.170 18.000 0.19 0.21 0.24
v -11.667 0.170 18.000 0.19 0.21 0.24
v 11.667 0.020 14.500 0.19 0.21 0.24
v 35.000 0.020 14.500 0.19 0.21 0.24
v 35.000 0.020 18.000 0.19 0.21 0.24
v 11.667 0.020 18.000 0.19 0.21 0.24
v 11.667 0.170 14.500 0.19 0.21 0.24
v 35.000 0.170 14.500 0.19 0.21 0.24
v 35.000 0.170 18.000 0.19 0.21 0.24
v 11.667 0.170 18.000 0.19 0.21 0.24
v 35.000 0.020 14.500 0.19 0.21 0.24
v 58.333 0.020 14.500 0.19 0.21 0.24
v 58.333 0.020 18.000 0.19 0.21 0.24
v 35.000 0.020 18.000 0.19 0.21 0.24
v 35.000 0.170 14.500 0.19 0.21 0.24
v 58.333 0.170 14.500 0.19 0.21 0.24
v 58.333 0.170 18.000 0.19 0.21 0.24
v 35.000 0.170 18.000 0.19 0.21 0.24
v 58.333 0.020 14.500 0.19 0.21 0.24
v 81.667 0.020 14.500 0.19 0.21 0.24
v 81.667 0.020 18.000 0.19 0.21 0.24
v 58.333 0.020 18.000 0.19 0.21 0.24
v 58.333 0.170 14.500 0.19 0.21 0.24
v 81.667 0.170 14.500 0.19 0.21 0.24
v 81.667 0.170 18.000 0.19 0.21 0.24
v 58.333 0.170 18.000 0.19 0.21 0.24
v 81.667 0.020 14.500 0.19 0.21 0.24
v 105.000 0.020 14.500 0.19 0.21 0.24
v 105.000 0.020 18.000 0.19 0.21 0.24
v 81.667 0.020 18.000 0.19 0.21 0.24
v 81.667 0.170 14.500 0.19 0.21 0.24
v 105.000 0.170 14.500 0.19 0.21 0.24
v 105.000 0.170 18.000 0.19 0.21 0.24
v 81.667 0.170 18.000 0.19 0.21 0.24
v -105.000 0.020 21.000 0.74 0.72 0.67
v -81.667 0.020 21.000 0.74 0.72 0.67
v -81.667 0.020 25.000 0.74 0.72 0.67
v -105.000 0.020 25.000 0.74 0.72 0.67
v -105.000 0.170 21.000 0.74 0.72 0.67
v -81.667 0.170 21.000 0.74 0.72 0.67
v -81.667 0.170 25.000 0.74 0.72 0.67
v -105.000 0.170 25.000 0.74 0.72 0.67
v -81.667 0.020 21.000 0.74 0.72 0.67
v -58.333 0.020 21.000 0.74 0.72 0.67
v -58.333 0.020 25.000 0.74 0.72 0.67
v -81.667 0.020 25.000 0.74 0.72 0.67
v -81.667 0.170 21.000 0.74 0.72 0.67
v -58.333 0.170 21.000 0.74 0.72 0.67
v -58.333 0.170 25.000 0.74 0.72 0.67
v -81.667 0.170 25.000 0.74 0.72 0.67
v -58.333 0.020 21.000 0.74 0.72 0.67
v -35.000 0.020 21.000 0.74 0.72 0.67
v -35.000 0.020 25.000 0.74 0.72 0.67
v -58.333 0.020 25.000 0.74 0.72 0.67
v -58.333 0.170 21.000 0.74 0.72 0.67
v -35.000 0.170 21.000 0.74 0.72 0.67
v -35.000 0.170 25.000 0.74 0.72 0.67
v -58.333 0.170 25.000 0.74 0.72 0.67
v -35.000 0.020 21.000 0.74 0.72 0.67
v -11.667 0.020 21.000 0.74 0.72 0.67
v -11.667 0.020 25.000 0.74 0.72 0.67
v -35.000 0.020 25.000 0.74 0.72 0.67
v -35.000 0.170 21.000 0.74 0.72 0.67
v -11.667 0.170 21.000 0.74 0.72 0.67
v -11.667 0.170 25.000 0.74 0.72 0.67
v -35.000 0.170 25.000 0.74 0.72 0.67
v -11.667 0.020 21.000 0.74 0.72 0.67
v 11.667 0.020 21.000 0.74 0.72 0.67
v 11.667 0.020 25.000 0.74 0.72 0.67
v -11.667 0.020 25.000 0.74 0.72 0.67
v -11.667 0.170 21.000 0.74 0.72 0.67
v 11.667 0.170 21.000 0.74 0.72 0.67
v 11.667 0.170 25.000 0.74 0.72 0.67
v -11.667 0.170 25.000 0.74 0.72 0.67
v 11.667 0.020 21.000 0.74 0.72 0.67
v 35.000 0.020 21.000 0.74 0.72 0.67
v 35.000 0.020 25.000 0.74 0.72 0.67
v 11.667 0.020 25.000 0.74 0.72 0.67
v 11.667 0.170 21.000 0.74 0.72 0.67
v 35.000 0.170 21.000 0.74 0.72 0.67
v 35.000 0.170 25.000 0.74 0.72 0.67
v 11.667 0.170 25.000 0.74 0.72 0.67
v 35.000 0.020 21.000 0.74 0.72 0.67
v 58.333 0.020 21.000 0.74 0.72 0.67
v 58.333 0.020 25.000 0.74 0.72 0.67
v 35.000 0.020 25.000 0.74 0.72 0.67
v 35.000 0.170 21.000 0.74 0.72 0.67
v 58.333 0.170 21.000 0.74 0.72 0.67
v 58.333 0.170 25.000 0.74 0.72 0.67
v 35.000 0.170 25.000 0.74 0.72 0.67
v 58.333 0.020 21.000 0.74 0.72 0.67
v 81.667 0.020 21.000 0.74 0.72 0.67
v 81.667 0.020 25.000 0.74 0.72 0.67
v 58.333 0.020 25.000 0.74 0.72 0.67
v 58.333 0.170 21.000 0.74 0.72 0.67
v 81.667 0.170 21.000 0.74 0.72 0.67
v 81.667 0.170 25.000 0.74 0.72 0.67
v 58.333 0.170 25.000 0.74 0.72 0.67
v 81.667 0.020 21.000 0.74 0.72 0.67
v 105.000 0.020 21.000 0.74 0.72 0.67
v 105.000 0.020 25.000 0.74 0.72 0.67
v 81.667 0.020 25.000 0.74 0.72 0.67
v 81.667 0.170 21.000 0.74 0.72 0.67
v 105.000 0.170 21.000 0.74 0.72 0.67
v 105.000 0.170 25.000 0.74 0.72 0.67
v 81.667 0.170 25.000 0.74 0.72 0.67
v -102.000 0.170 -22.300 0.9 0.9 0.88
v -98.000 0.170 -22.300 0.9 0.9 0.88
v -98.000 0.170 -22.100 0.9 0.9 0.88
v -102.000 0.170 -22.100 0.9 0.9 0.88
v -102.000 0.190 -22.300 0.9 0.9 0.88
v -98.000 0.190 -22.300 0.9 0.9 0.88
v -98.000 0.190 -22.100 0.9 0.9 0.88
v -102.000 0.190 -22.100 0.9 0.9 0.88
v -93.000 0.170 -22.300 0.9 0.9 0.88
v -89.000 0.170 -22.300 0.9 0.9 0.88
v -89.000 0.170 -22.100 0.9 0.9 0.88
v -93.000 0.170 -22.100 0.9 0.9 0.88
v -93.000 0.190 -22.300 0.9 0.9 0.88
v -89.000 0.190 -22.300 0.9 0.9 0.88
v -89.000 0.190 -22.100 0.9 0.9 0.88
v -93.000 0.190 -22.100 0.9 0.9 0.88
v -84.000 0.170 -22.300 0.9 0.9 0.88
v -80.000 0.170 -22.300 0.9 0.9 0.88
v -80.000 0.170 -22.100 0.9 0.9 0.88
v -84.000 0.170 -22.100 0.9 0.9 0.88
v -84.000 0.190 -22.300 0.9 0.9 0.88
v -80.000 0.190 -22.300 0.9 0.9 0.88
v -80.000 0.190 -22.100 0.9 0.9 0.88
v -84.000 0.190 -22.100 0.9 0.9 0.88
v -75.000 0.170 -22.300 0.9 0.9 0.88
v -71.000 0.170 -22.300 0.9 0.9 0.88
v -71.000 0.170 -22.100 0.9 0.9 0.88
v -75.000 0.170 -22.100 0.9 0.9 0.88
v -75.000 0.190 -22.300 0.9 0.9 0.88
v -71.000 0.190 -22.300 0.9 0.9 0.88
v -71.000 0.190 -22.100 0.9 0.9 0.88
v -75.000 0.190 -22.100 0.9 0.9 0.88
v -66.000 0.170 -22.300 0.9 0.9 0.88
v -62.000 0.170 -22.300 0.9 0.9 0.88
v -62.000 0.170 -22.100 0.9 0.9 0.88
v -66.000 0.170 -22.100 0.9 0.9 0.88
v -66.000 0.190 -22.300 0.9 0.9 0.88
v -62.000 0.190 -22.300 0.9 0.9 0.88
v -62.000 0.190 -22.100 0.9 0.9 0.88
v -66.000 0.190 -22.100 0.9 0.9 0.88
v -57.000 0.170 -22.300 0.9 0.9 0.88
v -53.000 0.170 -22.300 0.9 0.9 0.88
v -53.000 0.170 -22.100 0.9 0.9 0.88
v -57.000 0.170 -22.100 0.9 0.9 0.88
v -57.000 0.190 -22.300 0.9 0.9 0.88
v -53.000 0.190 -22.300 0.9 0.9 0.88
v -53.000 0.190 -22.100 0.9 0.9 0.88
v -57.000 0.190 -22.100 0.9 0.9 0.88
v -48.000 0.170 -22.300 0.9 0.9 0.88
v -44.000 0.170 -22.300 0.9 0.9 0.88
v -44.000 0.170 -22.100 0.9 0.9 0.88
v -48.000 0.170 -22.100 0.9 0.9 0.88
v -48.000 0.190 -22.300 0.9 0.9 0.88
v -44.000 0.190 -22.300 0.9 0.9 0.88
v -44.000 0.190 -22.100 0.9 0.9 0.88
v -48.000 0.190 -22.100 0.9 0.9 0.88
v -39.000 0.170 -22.300 0.9 0.9 0.88
v -35.000 0.170 -22.300 0.9 0.9 0.88
v -35.000 0.170 -22.100 0.9 0.9 0.88
v -39.000 0.170 -22.100 0.9 0.9 0.88
v -39.000 0.190 -22.300 0.9 0.9 0.88
v -35.000 0.190 -22.300 0.9 0.9 0.88
v -35.000 0.190 -22.100 0.9 0.9 0.88
v -39.000 0.190 -22.100 0.9 0.9 0.88
v -30.000 0.170 -22.300 0.9 0.9 0.88
v -26.000 0.170 -22.300 0.9 0.9 0.88
v -26.000 0.170 -22.100 0.9 0.9 0.88
v -30.000 0.170 -22.100 0.9 0.9 0.88
v -30.000 0.190 -22.300 0.9 0.9 0.88
v -26.000 0.190 -22.300 0.9 0.9 0.88
v -26.000 0.190 -22.100 0.9 0.9 0.88
v -30.000 0.190 -22.100 0.9 0.9 0.88
v -21.000 0.170 -22.300 0.9 0.9 0.88
v -17.000 0.170 -22.300 0.9 0.9 0.88
v -17.000 0.170 -22.100 0.9 0.9 0.88
v -21.000 0.170 -22.100 0.9 0.9 0.88
v -21.000 0.190 -22.300 0.9 0.9 0.88
v -17.000 0.190 -22.300 0.9 0.9 0.88
v -17.000 0.190 -22.100 0.9 0.9 0.88
v -21.000 0.190 -22.100 0.9 0.9 0.88
v -12.000 0.170 -22.300 0.9 0.9 0.88
v -8.000 0.170 -22.300 0.9 0.9 0.88
v -8.000 0.170 -22.100 0.9 0.9 0.88
v -12.000 0.170 -22.100 0.9 0.9 0.88
v -12.000 0.190 -22.300 0.9 0.9 0.88
v -8.000 0.190 -22.300 0.9 0.9 0.88
v -8.000 0.190 -22.100 0.9 0.9 0.88
v -12.000 0.190 -22.100 0.9 0.9 0.88
v -3.000 0.170 -22.300 0.9 0.9 0.88
v 1.000 0.170 -22.300 0.9 0.9 0.88
v 1.000 0.170 -22.100 0.9 0.9 0.88
v -3.000 0.170 -22.100 0.9 0.9 0.88
v -3.000 0.190 -22.300 0.9 0.9 0.88
v 1.000 0.190 -22.300 0.9 0.9 0.88
v 1.000 0.190 -22.100 0.9 0.9 0.88
v -3.000 0.190 -22.100 0.9 0.9 0.88
v 6.000 0.170 -22.300 0.9 0.9 0.88
v 10.000 0.170 -22.300 0.9 0.9 0.88
v 10.000 0.170 -22.100 0.9 0.9 0.88
v 6.000 0.170 -22.100 0.9 0.9 0.88
v 6.000 0.190 -22.300 0.9 0.9 0.88
v 10.000 0.190 -22.300 0.9 0.9 0.88
v 10.000 0.190 -22.100 0.9 0.9 0.88
v 6.000 0.190 -22.100 0.9 0.9 0.88
v 15.000 0.170 -22.300 0.9 0.9 0.88
v 19.000 0.170 -22.300 0.9 0.9 0.88
v 19.000 0.170 -22.100 0.9 0.9 0.88
v 15.000 0.170 -22.100 0.9 0.9 0.88
v 15.000 0.190 -22.300 0.9 0.9 0.88
v 19.000 0.190 -22.300 0.9 0.9 0.88
v 19.000 0.190 -22.100 0.9 0.9 0.88
v 15.000 0.190 -22.100 0.9 0.9 0.88
v 24.000 0.170 -22.300 0.9 0.9 0.88
v 28.000 0.170 -22.300 0.9 0.9 0.88
v 28.000 0.170 -22.100 0.9 0.9 0.88
v 24.000 0.170 -22.100 0.9 0.9 0.88
v 24.000 0.190 -22.300 0.9 0.9 0.88
v 28.000 0.190 -22.300 0.9 0.9 0.88
v 28.000 0.190 -22.100 0.9 0.9 0.88
v 24.000 0.190 -22.100 0.9 0.9 0.88
v 33.000 0.170 -22.300 0.9 0.9 0.88
v 37.000 0.170 -22.300 0.9 0.9 0.88
v 37.000 0.170 -22.100 0.9 0.9 0.88
v 33.000 0.170 -22.100 0.9 0.9 0.88
v 33.000 0.190 -22.300 0.9 0.9 0.88
v 37.000 0.190 -22.300 0.9 0.9 0.88
v 37.000 0.190 -22.100 0.9 0.9 0.88
v 33.000 0.190 -22.100 0.9 0.9 0.88
v 42.000 0.170 -22.300 0.9 0.9 0.88
v 46.000 0.170 -22.300 0.9 0.9 0.88
v 46.000 0.170 -22.100 0.9 0.9 0.88
v 42.000 0.170 -22.100 0.9 0.9 0.88
v 42.000 0.190 -22.300 0.9 0.9 0.88
v 46.000 0.190 -22.300 0.9 0.9 0.88
v 46.000 0.190 -22.100 0.9 0.9 0.88
v 42.000 0.190 -22.100 0.9 0.9 0.88
v 51.000 0.170 -22.300 0.9 0.9 0.88
v 55.000 0.170 -22.300 0.9 0.9 0.88
v 55.000 0.170 -22.100 0.9 0.9 0.88
v 51.000 0.170 -22.100 0.9 0.9 0.88
v 51.000 0.190 -22.300 0.9 0.9 0.88
v 55.000 0.190 -22.300 0.9 0.9 0.88
v 55.000 0.190 -22.100 0.9 0.9 0.88
v 51.000 0.190 -22.100 0.9 0.9 0.88
v 60.000 0.170 -22.300 0.9 0.9 0.88
v 64.000 0.170 -22.300 0.9 0.9 0.88
v 64.000 0.170 -22.100 0.9 0.9 0.88
v 60.000 0.170 -22.100 0.9 0.9 0.88
v 60.000 0.190 -22.300 0.9 0.9 0.88
v 64.000 0.190 -22.300 0.9 0.9 0.88
v 64.000 0.190 -22.100 0.9 0.9 0.88
v 60.000 0.190 -22.100 0.9 0.9 0.88
v 69.000 0.170 -22.300 0.9 0.9 0.88
v 73.000 0.170 -22.300 0.9 0.9 0.88
v 73.000 0.170 -22.100 0.9 0.9 0.88
v 69.000 0.170 -22.100 0.9 0.9 0.88
v 69.000 0.190 -22.300 0.9 0.9 0.88
v 73.000 0.190 -22.300 0.9 0.9 0.88
v 73.000 0.190 -22.100 0.9 0.9 0.88
v 69.000 0.190 -22.100 0.9 0.9 0.88
v 78.000 0.170 -22.300 0.9 0.9 0.88
v 82.000 0.170 -22.300 0.9 0.9 0.88
v 82.000 0.170 -22.100 0.9 0.9 0.88
v 78.000 0.170 -22.100 0.9 0.9 0.88
v 78.000 0.190 -22.300 0.9 0.9 0.88
v 82.000 0.190 -22.300 0.9 0.9 0.88
v 82.000 0.190 -22.100 0.9 0.9 0.88
v 78.000 0.190 -22.100 0.9 0.9 0.88
v 87.000 0.170 -22.300 0.9 0.9 0.88
v 91.000 0.170 -22.300 0.9 0.9 0.88
v 91.000 0.170 -22.100 0.9 0.9 0.88
v 87.000 0.170 -22.100 0.9 0.9 0.88
v 87.000 0.190 -22.300 0.9 0.9 0.88
v 91.000 0.190 -22.300 0.9 0.9 0.88
v 91.000 0.190 -22.100 0.9 0.9 0.88
v 87.000 0.190 -22.100 0.9 0.9 0.88
v 96.000 0.170 -22.300 0.9 0.9 0.88
v 100.000 0.170 -22.300 0.9 0.9 0.88
v 100.000 0.170 -22.100 0.9 0.9 0.88
v 96.000 0.170 -22.100 0.9 0.9 0.88
v 96.000 0.190 -22.300 0.9 0.9 0.88
v 100.000 0.190 -22.300 0.9 0.9 0.88
v 100.000 0.190 -22.100 0.9 0.9 0.88
v 96.000 0.190 -22.100 0.9 0.9 0.88
v -102.000 0.170 -18.900 0.9 0.9 0.88
v -98.000 0.170 -18.900 0.9 0.9 0.88
v -98.000 0.170 -18.700 0.9 0.9 0.88
v -102.000 0.170 -18.700 0.9 0.9 0.88
v -102.000 0.190 -18.900 0.9 0.9 0.88
v -98.000 0.190 -18.900 0.9 0.9 0.88
v -98.000 0.190 -18.700 0.9 0.9 0.88
v -102.000 0.190 -18.700 0.9 0.9 0.88
v -93.000 0.170 -18.900 0.9 0.9 0.88
v -89.000 0.170 -18.900 0.9 0.9 0.88
v -89.000 0.170 -18.700 0.9 0.9 0.88
v -93.000 0.170 -18.700 0.9 0.9 0.88
v -93.000 0.190 -18.900 0.9 0.9 0.88
v -89.000 0.190 -18.900 0.9 0.9 0.88
v -89.000 0.190 -18.700 0.9 0.9 0.88
v -93.000 0.190 -18.700 0.9 0.9 0.88
v -84.000 0.170 -18.900 0.9 0.9 0.88
v -80.000 0.170 -18.900 0.9 0.9 0.88
v -80.000 0.170 -18.700 0.9 0.9 0.88
v -84.000 0.170 -18.700 0.9 0.9 0.88
v -84.000 0.190 -18.900 0.9 0.9 0.88
v -80.000 0.190 -18.900 0.9 0.9 0.88
v -80.000 0.190 -18.700 0.9 0.9 0.88
v -84.000 0.190 -18.700 0.9 0.9 0.88
v -75.000 0.170 -18.900 0.9 0.9 0.88
v -71.000 0.170 -18.900 0.9 0.9 0.88
v -71.000 0.170 -18.700 0.9 0.9 0.88
v -75.000 0.170 -18.700 0.9 0.9 0.88
v -75.000 0.190 -18.900 0.9 0.9 0.88
v -71.000 0.190 -18.900 0.9 0.9 0.88
v -71.000 0.190 -18.700 0.9 0.9 0.88
v -75.000 0.190 -18.700 0.9 0.9 0.88
v -66.000 0.170 -18.900 0.9 0.9 0.88
v -62.000 0.170 -18.900 0.9 0.9 0.88
v -62.000 0.170 -18.700 0.9 0.9 0.88
v -66.000 0.170 -18.700 0.9 0.9 0.88
v -66.000 0.190 -18.900 0.9 0.9 0.88
v -62.000 0.190 -18.900 0.9 0.9 0.88
v -62.000 0.190 -18.700 0.9 0.9 0.88
v -66.000 0.190 -18.700 0.9 0.9 0.88
v -57.000 0.170 -18.900 0.9 0.9 0.88
v -53.000 0.170 -18.900 0.9 0.9 0.88
v -53.000 0.170 -18.700 0.9 0.9 0.88
v -57.000 0.170 -18.700 0.9 0.9 0.88
v -57.000 0.190 -18.900 0.9 0.9 0.88
v -53.000 0.190 -18.900 0.9 0.9 0.88
v -53.000 0.190 -18.700 0.9 0.9 0.88
v -57.000 0.190 -18.700 0.9 0.9 0.88
v -48.000 0.170 -18.900 0.9 0.9 0.88
v -44.000 0.170 -18.900 0.9 0.9 0.88
v -44.000 0.170 -18.700 0.9 0.9 0.88
v -48.000 0.170 -18.700 0.9 0.9 0.88
v -48.000 0.190 -18.900 0.9 0.9 0.88
v -44.000 0.190 -18.900 0.9 0.9 0.88
v -44.000 0.190 -18.700 0.9 0.9 0.88
v -48.000 0.190 -18.700 0.9 0.9 0.88
v -39.000 0.170 -18.900 0.9 0.9 0.88
v -35.000 0.170 -18.900 0.9 0.9 0.88
v -35.000 0.170 -18.700 0.9 0.9 0.88
v -39.000 0.170 -18.700 0.9 0.9 0.88
v -39.000 0.190 -18.900 0.9 0.9 0.88
v -35.000 0.190 -18.900 0.9 0.9 0.88
v -35.000 0.190 -18.700 0.9 0.9 0.88
v -39.000 0.190 -18.700 0.9 0.9 0.88
v -30.000 0.170 -18.900 0.9 0.9 0.88
v -26.000 0.170 -18.900 0.9 0.9 0.88
v -26.000 0.170 -18.700 0.9 0.9 0.88
v -30.000 0.170 -18.700 0.9 0.9 0.88
v -30.000 0.190 -18.900 0.9 0.9 0.88
v -26.000 0.190 -18.900 0.9 0.9 0.88
v -26.000 0.190 -18.700 0.9 0.9 0.88
v -30.000 0.190 -18.700 0.9 0.9 0.88
v -21.000 0.170 -18.900 0.9 0.9 0.88
v -17.000 0.170 -18.900 0.9 0.9 0.88
v -17.000 0.170 -18.700 0.9 0.9 0.88
v -21.000 0.170 -18.700 0.9 0.9 0.88
v -21.000 0.190 -18.900 0.9 0.9 0.88
v -17.000 0.190 -18.900 0.9 0.9 0.88
v -17.000 0.190 -18.700 0.9 0.9 0.88
v -21.000 0.190 -18.700 0.9 0.9 0.88
v -12.000 0.170 -18.900 0.9 0.9 0.88
v -8.000 0.170 -18.900 0.9 0.9 0.88
v -8.000 0.170 -18.700 0.9 0.9 0.88
v -12.000 0.170 -18.700 0.9 0.9 0.88
v -12.000 0.190 -18.900 0.9 0.9 0.88
v -8.000 0.190 -18.900 0.9 0.9 0.88
v -8.000 0.190 -18.700 0.9 0.9 0.88
v -12.000 0.190 -18.700 0.9 0.9 0.88
v -3.000 0.170 -18.900 0.9 0.9 0.88
v 1.000 0.170 -18.900 0.9 0.9 0.88
v 1.000 0.170 -18.700 0.9 0.9 0.88
v -3.000 0.170 -18.700 0.9 0.9 0.88
v -3.000 0.190 -18.900 0.9 0.9 0.88
v 1.000 0.190 -18.900 0.9 0.9 0.88
v 1.000 0.190 -18.700 0.9 0.9 0.88
v -3.000 0.190 -18.700 0.9 0.9 0.88
v 6.000 0.170 -18.900 0.9 0.9 0.88
v 10.000 0.170 -18.900 0.9 0.9 0.88
v 10.000 0.170 -18.700 0.9 0.9 0.88
v 6.000 0.170 -18.700 0.9 0.9 0.88
v 6.000 0.190 -18.900 0.9 0.9 0.88
v 10.000 0.190 -18.900 0.9 0.9 0.88
v 10.000 0.190 -18.700 0.9 0.9 0.88
v 6.000 0.190 -18.700 0.9 0.9 0.88
v 15.000 0.170 -18.900 0.9 0.9 0.88
v 19.000 0.170 -18.900 0.9 0.9 0.88
v 19.000 0.170 -18.700 0.9 0.9 0.88
v 15.000 0.170 -18.700 0.9 0.9 0.88
v 15.000 0.190 -18.900 0.9 0.9 0.88
v 19.000 0.190 -18.900 0.9 0.9 0.88
v 19.000 0.190 -18.700 0.9 0.9 0.88
v 15.000 0.190 -18.700 0.9 0.9 0.88
v 24.000 0.170 -18.900 0.9 0.9 0.88
v 28.000 0.170 -18.900 0.9 0.9 0.88
v 28.000 0.170 -18.700 0.9 0.9 0.88
v 24.000 0.170 -18.700 0.9 0.9 0.88
v 24.000 0.190 -18.900 0.9 0.9 0.88
v 28.000 0.190 -18.900 0.9 0.9 0.88
v 28.000 0.190 -18.700 0.9 0.9 0.88
v 24.000 0.190 -18.700 0.9 0.9 0.88
v 33.000 0.170 -18.900 0.9 0.9 0.88
v 37.000 0.170 -18.900 0.9 0.9 0.88
v 37.000 0.170 -18.700 0.9 0.9 0.88
v 33.000 0.170 -18.700 0.9 0.9 0.88
v 33.000 0.190 -18.900 0.9 0.9 0.88
v 37.000 0.190 -18.900 0.9 0.9 0.88
v 37.000 0.190 -18.700 0.9 0.9 0.88
v 33.000 0.190 -18.700 0.9 0.9 0.88
v 42.000 0.170 -18.900 0.9 0.9 0.88
v 46.000 0.170 -18.900 0.9 0.9 0.88
v 46.000 0.170 -18.700 0.9 0.9 0.88
v 42.000 0.170 -18.700 0.9 0.9 0.88
v 42.000 0.190 -18.900 0.9 0.9 0.88
v 46.000 0.190 -18.900 0.9 0.9 0.88
v 46.000 0.190 -18.700 0.9 0.9 0.88
v 42.000 0.190 -18.700 0.9 0.9 0.88
v 51.000 0.170 -18.900 0.9 0.9 0.88
v 55.000 0.170 -18.900 0.9 0.9 0.88
v 55.000 0.170 -18.700 0.9 0.9 0.88
v 51.000 0.170 -18.700 0.9 0.9 0.88
v 51.000 0.190 -18.900 0.9 0.9 0.88
v 55.000 0.190 -18.900 0.9 0.9 0.88
v 55.000 0.190 -18.700 0.9 0.9 0.88
v 51.000 0.190 -18.700 0.9 0.9 0.88
v 60.000 0.170 -18.900 0.9 0.9 0.88
v 64.000 0.170 -18.900 0.9 0.9 0.88
v 64.000 0.170 -18.700 0.9 0.9 0.88
v 60.000 0.170 -18.700 0.9 0.9 0.88
v 60.000 0.190 -18.900 0.9 0.9 0.88
v 64.000 0.190 -18.900 0.9 0.9 0.88
v 64.000 0.190 -18.700 0.9 0.9 0.88
v 60.000 0.190 -18.700 0.9 0.9 0.88
v 69.000 0.170 -18.900 0.9 0.9 0.88
v 73.000 0.170 -18.900 0.9 0.9 0.88
v 73.000 0.170 -18.700 0.9 0.9 0.88
v 69.000 0.170 -18.700 0.9 0.9 0.88
v 69.000 0.190 -18.900 0.9 0.9 0.88
v 73.000 0.190 -18.900 0.9 0.9 0.88
v 73.000 0.190 -18.700 0.9 0.9 0.88
v 69.000 0.190 -18.700 0.9 0.9 0.88
v 78.000 0.170 -18.900 0.9 0.9 0.88
v 82.000 0.170 -18.900 0.9 0.9 0.88
v 82.000 0.170 -18.700 0.9 0.9 0.88
v 78.000 0.170 -18.700 0.9 0.9 0.88
v 78.000 0.190 -18.900 0.9 0.9 0.88
v 82.000 0.190 -18.900 0.9 0.9 0.88
v 82.000 0.190 -18.700 0.9 0.9 0.88
v 78.000 0.190 -18.700 0.9 0.9 0.88
v 87.000 0.170 -18.900 0.9 0.9 0.88
v 91.000 0.170 -18.900 0.9 0.9 0.88
v 91.000 0.170 -18.700 0.9 0.9 0.88
v 87.000 0.170 -18.700 0.9 0.9 0.88
v 87.000 0.190 -18.900 0.9 0.9 0.88
v 91.000 0.190 -18.900 0.9 0.9 0.88
v 91.000 0.190 -18.700 0.9 0.9 0.88
v 87.000 0.190 -18.700 0.9 0.9 0.88
v 96.000 0.170 -18.900 0.9 0.9 0.88
v 100.000 0.170 -18.900 0.9 0.9 0.88
v 100.000 0.170 -18.700 0.9 0.9 0.88
v 96.000 0.170 -18.700 0.9 0.9 0.88
v 96.000 0.190 -18.900 0.9 0.9 0.88
v 100.000 0.190 -18.900 0.9 0.9 0.88
v 100.000 0.190 -18.700 0.9 0.9 0.88
v 96.000 0.190 -18.700 0.9 0.9 0.88
v -105.000 0.170 -25.500 0.9 0.9 0.88
v -81.667 0.170 -25.500 0.9 0.9 0.88
v -81.667 0.170 -25.300 0.9 0.9 0.88
v -105.000 0.170 -25.300 0.9 0.9 0.88
v -105.000 0.190 -25.500 0.9 0.9 0.88
v -81.667 0.190 -25.500 0.9 0.9 0.88
v -81.667 0.190 -25.300 0.9 0.9 0.88
v -105.000 0.190 -25.300 0.9 0.9 0.88
v -81.667 0.170 -25.500 0.9 0.9 0.88
v -58.333 0.170 -25.500 0.9 0.9 0.88
v -58.333 0.170 -25.300 0.9 0.9 0.88
v -81.667 0.170 -25.300 0.9 0.9 0.88
v -81.667 0.190 -25.500 0.9 0.9 0.88
v -58.333 0.190 -25.500 0.9 0.9 0.88
v -58.333 0.190 -25.300 0.9 0.9 0.88
v -81.667 0.190 -25.300 0.9 0.9 0.88
v -58.333 0.170 -25.500 0.9 0.9 0.88
v -35.000 0.170 -25.500 0.9 0.9 0.88
v -35.000 0.170 -25.300 0.9 0.9 0.88
v -58.333 0.170 -25.300 0.9 0.9 0.88
v -58.333 0.190 -25.500 0.9 0.9 0.88
v -35.000 0.190 -25.500 0.9 0.9 0.88
v -35.000 0.190 -25.300 0.9 0.9 0.88
v -58.333 0.190 -25.300 0.9 0.9 0.88
v -35.000 0.170 -25.500 0.9 0.9 0.88
v -11.667 0.170 -25.500 0.9 0.9 0.88
v -11.667 0.170 -25.300 0.9 0.9 0.88
v -35.000 0.170 -25.300 0.9 0.9 0.88
v -35.000 0.190 -25.500 0.9 0.9 0.88
v -11.667 0.190 -25.500 0.9 0.9 0.88
v -11.667 0.190 -25.300 0.9 0.9 0.88
v -35.000 0.190 -25.300 0.9 0.9 0.88
v -11.667 0.170 -25.500 0.9 0.9 0.88
v 11.667 0.170 -25.500 0.9 0.9 0.88
v 11.667 0.170 -25.300 0.9 0.9 0.88
v -11.667 0.170 -25.300 0.9 0.9 0.88
v -11.667 0.190 -25.500 0.9 0.9 0.88
v 11.667 0.190 -25.500 0.9 0.9 0.88
v 11.667 0.190 -25.300 0.9 0.9 0.88
v -11.667 0.190 -25.300 0.9 0.9 0.88
v 11.667 0.170 -25.500 0.9 0.9 0.88
v 35.000 0.170 -25.500 0.9 0.9 0.88
v 35.000 0.170 -25.300 0.9 0.9 0.88
v 11.667 0.170 -25.300 0.9 0.9 0.88
v 11.667 0.190 -25.500 0.9 0.9 0.88
v 35.000 0.190 -25.500 0.9 0.9 0.88
v 35.000 0.190 -25.300 0.9 0.9 0.88
v 11.667 0.190 -25.300 0.9 0.9 0.88
v 35.000 0.170 -25.500 0.9 0.9 0.88
v 58.333 0.170 -25.500 0.9 0.9 0.88
v 58.333 0.170 -25.300 0.9 0.9 0.88
v 35.000 0.170 -25.300 0.9 0.9 0.88
v 35.000 0.190 -25.500 0.9 0.9 0.88
v 58.333 0.190 -25.500 0.9 0.9 0.88
v 58.333 0.190 -25.300 0.9 0.9 0.88
v 35.000 0.190 -25.300 0.9 0.9 0.88
v 58.333 0.170 -25.500 0.9 0.9 0.88
v 81.667 0.170 -25.500 0.9 0.9 0.88
v 81.667 0.170 -25.300 0.9 0.9 0.88
v 58.333 0.170 -25.300 0.9 0.9 0.88
v 58.333 0.190 -25.500 0.9 0.9 0.88
v 81.667 0.190 -25.500 0.9 0.9 0.88
v 81.667 0.190 -25.300 0.9 0.9 0.88
v 58.333 0.190 -25.300 0.9 0.9 0.88
v 81.667 0.170 -25.500 0.9 0.9 0.88
v 105.000 0.170 -25.500 0.9 0.9 0.88
v 105.000 0.170 -25.300 0.9 0.9 0.88
v 81.667 0.170 -25.300 0.9 0.9 0.88
v 81.667 0.190 -25.500 0.9 0.9 0.88
v 105.000 0.190 -25.500 0.9 0.9 0.88
v 105.000 0.190 -25.300 0.9 0.9 0.88
v 81.667 0.190 -25.300 0.9 0.9 0.88
v -105.000 0.170 -15.700 0.9 0.9 0.88
v -81.667 0.170 -15.700 0.9 0.9 0.88
v -81.667 0.170 -15.500 0.9 0.9 0.88
v -105.000 0.170 -15.500 0.9 0.9 0.88
v -105.000 0.190 -15.700 0.9 0.9 0.88
v -81.667 0.190 -15.700 0.9 0.9 0.88
v -81.667 0.190 -15.500 0.9 0.9 0.88
v -105.000 0.190 -15.500 0.9 0.9 0.88
v -81.667 0.170 -15.700 0.9 0.9 0.88
v -58.333 0.170 -15.700 0.9 0.9 0.88
v -58.333 0.170 -15.500 0.9 0.9 0.88
v -81.667 0.170 -15.500 0.9 0.9 0.88
v -81.667 0.190 -15.700 0.9 0.9 0.88
v -58.333 0.190 -15.700 0.9 0.9 0.88
v -58.333 0.190 -15.500 0.9 0.9 0.88
v -81.667 0.190 -15.500 0.9 0.9 0.88
v -58.333 0.170 -15.700 0.9 0.9 0.88
v -35.000 0.170 -15.700 0.9 0.9 0.88
v -35.000 0.170 -15.500 0.9 0.9 0.88
v -58.333 0.170 -15.500 0.9 0.9 0.88
v -58.333 0.190 -15.700 0.9 0.9 0.88
v -35.000 0.190 -15.700 0.9 0.9 0.88
v -35.000 0.190 -15.500 0.9 0.9 0.88
v -58.333 0.190 -15.500 0.9 0.9 0.88
v -35.000 0.170 -15.700 0.9 0.9 0.88
v -11.667 0.170 -15.700 0.9 0.9 0.88
v -11.667 0.170 -15.500 0.9 0.9 0.88
v -35.000 0.170 -15.500 0.9 0.9 0.88
v -35.000 0.190 -15.700 0.9 0.9 0.88
v -11.667 0.190 -15.700 0.9 0.9 0.88
v -11.667 0.190 -15.500 0.9 0.9 0.88
v -35.000 0.190 -15.500 0.9 0.9 0.88
v -11.667 0.170 -15.700 0.9 0.9 0.88
v 11.667 0.170 -15.700 0.9 0.9 0.88
v 11.667 0.170 -15.500 0.9 0.9 0.88
v -11.667 0.170 -15.500 0.9 0.9 0.88
v -11.667 0.190 -15.700 0.9 0.9 0.88
v 11.667 0.190 -15.700 0.9 0.9 0.88
v 11.667 0.190 -15.500 0.9 0.9 0.88
v -11.667 0.190 -15.500 0.9 0.9 0.88
v 11.667 0.170 -15.700 0.9 0.9 0.88
v 35.000 0.170 -15.700 0.9 0.9 0.88
v 35.000 0.170 -15.500 0.9 0.9 0.88
v 11.667 0.170 -15.500 0.9 0.9 0.88
v 11.667 0.190 -15.700 0.9 0.9 0.88
v 35.000 0.190 -15.700 0.9 0.9 0.88
v 35.000 0.190 -15.500 0.9 0.9 0.88
v 11.667 0.190 -15.500 0.9 0.9 0.88
v 35.000 0.170 -15.700 0.9 0.9 0.88
v 58.333 0.170 -15.700 0.9 0.9 0.88
v 58.333 0.170 -15.500 0.9 0.9 0.88
v 35.000 0.170 -15.500 0.9 0.9 0.88
v 35.000 0.190 -15.700 0.9 0.9 0.88
v 58.333 0.190 -15.700 0.9 0.9 0.88
v 58.333 0.190 -15.500 0.9 0.9 0.88
v 35.000 0.190 -15.500 0.9 0.9 0.88
v 58.333 0.170 -15.700 0.9 0.9 0.88
v 81.667 0.170 -15.700 0.9 0.9 0.88
v 81.667 0.170 -15.500 0.9 0.9 0.88
v 58.333 0.170 -15.500 0.9 0.9 0.88
v 58.333 0.190 -15.700 0.9 0.9 0.88
v 81.667 0.190 -15.700 0.9 0.9 0.88
v 81.667 0.190 -15.500 0.9 0.9 0.88
v 58.333 0.190 -15.500 0.9 0.9 0.88
v 81.667 0.170 -15.700 0.9 0.9 0.88
v 105.000 0.170 -15.700 0.9 0.9 0.88
v 105.000 0.170 -15.500 0.9 0.9 0.88
v 81.667 0.170 -15.500 0.9 0.9 0.88
v 81.667 0.190 -15.700 0.9 0.9 0.88
v 105.000 0.190 -15.700 0.9 0.9 0.88
v 105.000 0.190 -15.500 0.9 0.9 0.88
v 81.667 0.190 -15.500 0.9 0.9 0.88
v -103.000 1.040 11.180 0.84 0.66 0.16
v -80.111 1.040 11.180 0.84 0.66 0.16
v -80.111 1.040 11.420 0.84 0.66 0.16
v -103.000 1.040 11.420 0.84 0.66 0.16
v -103.000 1.060 11.180 0.84 0.66 0.16
v -80.111 1.060 11.180 0.84 0.66 0.16
v -80.111 1.060 11.420 0.84 0.66 0.16
v -103.000 1.060 11.420 0.84 0.66 0.16
v -80.111 1.040 11.180 0.84 0.66 0.16
v -57.222 1.040 11.180 0.84 0.66 0.16
v -57.222 1.040 11.420 0.84 0.66 0.16
v -80.111 1.040 11.420 0.84 0.66 0.16
v -80.111 1.060 11.180 0.84 0.66 0.16
v -57.222 1.060 11.180 0.84 0.66 0.16
v -57.222 1.060 11.420 0.84 0.66 0.16
v -80.111 1.060 11.420 0.84 0.66 0.16
v -57.222 1.040 11.180 0.84 0.66 0.16
v -34.333 1.040 11.180 0.84 0.66 0.16
v -34.333 1.040 11.420 0.84 0.66 0.16
v -57.222 1.040 11.420 0.84 0.66 0.16
v -57.222 1.060 11.180 0.84 0.66 0.16
v -34.333 1.060 11.180 0.84 0.66 0.16
v -34.333 1.060 11.420 0.84 0.66 0.16
v -57.222 1.060 11.420 0.84 0.66 0.16
v -34.333 1.040 11.180 0.84 0.66 0.16
v -11.444 1.040 11.180 0.84 0.66 0.16
v -11.444 1.040 11.420 0.84 0.66 0.16
v -34.333 1.040 11.420 0.84 0.66 0.16
v -34.333 1.060 11.180 0.84 0.66 0.16
v -11.444 1.060 11.180 0.84 0.66 0.16
v -11.444 1.060 11.420 0.84 0.66 0.16
v -34.333 1.060 11.420 0.84 0.66 0.16
v -11.444 1.040 11.180 0.84 0.66 0.16
v 11.444 1.040 11.180 0.84 0.66 0.16
v 11.444 1.040 11.420 0.84 0.66 0.16
v -11.444 1.040 11.420 0.84 0.66 0.16
v -11.444 1.060 11.180 0.84 0.66 0.16
v 11.444 1.060 11.180 0.84 0.66 0.16
v 11.444 1.060 11.420 0.84 0.66 0.16
v -11.444 1.060 11.420 0.84 0.66 0.16
v 11.444 1.040 11.180 0.84 0.66 0.16
v 34.333 1.040 11.180 0.84 0.66 0.16
v 34.333 1.040 11.420 0.84 0.66 0.16
v 11.444 1.040 11.420 0.84 0.66 0.16
v 11.444 1.060 11.180 0.84 0.66 0.16
v 34.333 1.060 11.180 0.84 0.66 0.16
v 34.333 1.060 11.420 0.84 0.66 0.16
v 11.444 1.060 11.420 0.84 0.66 0.16
v 34.333 1.040 11.180 0.84 0.66 0.16
v 57.222 1.040 11.180 0.84 0.66 0.16
v 57.222 1.040 11.420 0.84 0.66 0.16
v 34.333 1.040 11.420 0.84 0.66 0.16
v 34.333 1.060 11.180 0.84 0.66 0.16
v 57.222 1.060 11.180 0.84 0.66 0.16
v 57.222 1.060 11.420 0.84 0.66 0.16
v 34.333 1.060 11.420 0.84 0.66 0.16
v 57.222 1.040 11.180 0.84 0.66 0.16
v 80.111 1.040 11.180 0.84 0.66 0.16
v 80.111 1.040 11.420 0.84 0.66 0.16
v 57.222 1.040 11.420 0.84 0.66 0.16
v 57.222 1.060 11.180 0.84 0.66 0.16
v 80.111 1.060 11.180 0.84 0.66 0.16
v 80.111 1.060 11.420 0.84 0.66 0.16
v 57.222 1.060 11.420 0.84 0.66 0.16
v 80.111 1.040 11.180 0.84 0.66 0.16
v 103.000 1.040 11.180 0.84 0.66 0.16
v 103.000 1.040 11.420 0.84 0.66 0.16
v 80.111 1.040 11.420 0.84 0.66 0.16
v 80.111 1.060 11.180 0.84 0.66 0.16
v 103.000 1.060 11.180 0.84 0.66 0.16
v 103.000 1.060 11.420 0.84 0.66 0.16
v 80.111 1.060 11.420 0.84 0.66 0.16
v -103.000 1.040 14.080 0.84 0.66 0.16
v -80.111 1.040 14.080 0.84 0.66 0.16
v -80.111 1.040 14.320 0.84 0.66 0.16
v -103.000 1.040 14.320 0.84 0.66 0.16
v -103.000 1.060 14.080 0.84 0.66 0.16
v -80.111 1.060 14.080 0.84 0.66 0.16
v -80.111 1.060 14.320 0.84 0.66 0.16
v -103.000 1.060 14.320 0.84 0.66 0.16
v -80.111 1.040 14.080 0.84 0.66 0.16
v -57.222 1.040 14.080 0.84 0.66 0.16
v -57.222 1.040 14.320 0.84 0.66 0.16
v -80.111 1.040 14.320 0.84 0.66 0.16
v -80.111 1.060 14.080 0.84 0.66 0.16
v -57.222 1.060 14.080 0.84 0.66 0.16
v -57.222 1.060 14.320 0.84 0.66 0.16
v -80.111 1.060 14.320 0.84 0.66 0.16
v -57.222 1.040 14.080 0.84 0.66 0.16
v -34.333 1.040 14.080 0.84 0.66 0.16
v -34.333 1.040 14.320 0.84 0.66 0.16
v -57.222 1.040 14.320 0.84 0.66 0.16
v -57.222 1.060 14.080 0.84 0.66 0.16
v -34.333 1.060 14.080 0.84 0.66 0.16
v -34.333 1.060 14.320 0.84 0.66 0.16
v -57.222 1.060 14.320 0.84 0.66 0.16
v -34.333 1.040 14.080 0.84 0.66 0.16
v -11.444 1.040 14.080 0.84 0.66 0.16
v -11.444 1.040 14.320 0.84 0.66 0.16
v -34.333 1.040 14.320 0.84 0.66 0.16
v -34.333 1.060 14.080 0.84 0.66 0.16
v -11.444 1.060 14.080 0.84 0.66 0.16
v -11.444 1.060 14.320 0.84 0.66 0.16
v -34.333 1.060 14.320 0.84 0.66 0.16
v -11.444 1.040 14.080 0.84 0.66 0.16
v 11.444 1.040 14.080 0.84 0.66 0.16
v 11.444 1.040 14.320 0.84 0.66 0.16
v -11.444 1.040 14.320 0.84 0.66 0.16
v -11.444 1.060 14.080 0.84 0.66 0.16
v 11.444 1.060 14.080 0.84 0.66 0.16
v 11.444 1.060 14.320 0.84 0.66 0.16
v -11.444 1.060 14.320 0.84 0.66 0.16
v 11.444 1.040 14.080 0.84 0.66 0.16
v 34.333 1.040 14.080 0.84 0.66 0.16
v 34.333 1.040 14.320 0.84 0.66 0.16
v 11.444 1.040 14.320 0.84 0.66 0.16
v 11.444 1.060 14.080 0.84 0.66 0.16
v 34.333 1.060 14.080 0.84 0.66 0.16
v 34.333 1.060 14.320 0.84 0.66 0.16
v 11.444 1.060 14.320 0.84 0.66 0.16
v 34.333 1.040 14.080 0.84 0.66 0.16
v 57.222 1.040 14.080 0.84 0.66 0.16
v 57.222 1.040 14.320 0.84 0.66 0.16
v 34.333 1.040 14.320 0.84 0.66 0.16
v 34.333 1.060 14.080 0.84 0.66 0.16
v 57.222 1.060 14.080 0.84 0.66 0.16
v 57.222 1.060 14.320 0.84 0.66 0.16
v 34.333 1.060 14.320 0.84 0.66 0.16
v 57.222 1.040 14.080 0.84 0.66 0.16
v 80.111 1.040 14.080 0.84 0.66 0.16
v 80.111 1.040 14.320 0.84 0.66 0.16
v 57.222 1.040 14.320 0.84 0.66 0.16
v 57.222 1.060 14.080 0.84 0.66 0.16
v 80.111 1.060 14.080 0.84 0.66 0.16
v 80.111 1.060 14.320 0.84 0.66 0.16
v 57.222 1.060 14.320 0.84 0.66 0.16
v 80.111 1.040 14.080 0.84 0.66 0.16
v 103.000 1.040 14.080 0.84 0.66 0.16
v 103.000 1.040 14.320 0.84 0.66 0.16
v 80.111 1.040 14.320 0.84 0.66 0.16
v 80.111 1.060 14.080 0.84 0.66 0.16
v 103.000 1.060 14.080 0.84 0.66 0.16
v 103.000 1.060 14.320 0.84 0.66 0.16
v 80.111 1.060 14.320 0.84 0.66 0.16
v -18.000 0.150 11.000 0.8 0.79 0.76
v 0.000 0.150 11.000 0.8 0.79 0.76
v 0.000 0.150 14.500 0.8 0.79 0.76
v -18.000 0.150 14.500 0.8 0.79 0.76
v -18.000 1.050 11.000 0.8 0.79 0.76
v 0.000 1.050 11.000 0.8 0.79 0.76
v 0.000 1.050 14.500 0.8 0.79 0.76
v -18.000 1.050 14.500 0.8 0.79 0.76
v 0.000 0.150 11.000 0.8 0.79 0.76
v 18.000 0.150 11.000 0.8 0.79 0.76
v 18.000 0.150 14.500 0.8 0.79 0.76
v 0.000 0.150 14.500 0.8 0.79 0.76
v 0.000 1.050 11.000 0.8 0.79 0.76
v 18.000 1.050 11.000 0.8 0.79 0.76
v 18.000 1.050 14.500 0.8 0.79 0.76
v 0.000 1.050 14.500 0.8 0.79 0.76
v -19.000 4.300 10.800 0.86 0.88 0.89
v 0.000 4.300 10.800 0.86 0.88 0.89
v 0.000 4.300 14.700 0.86 0.88 0.89
v -19.000 4.300 14.700 0.86 0.88 0.89
v -19.000 4.550 10.800 0.86 0.88 0.89
v 0.000 4.550 10.800 0.86 0.88 0.89
v 0.000 4.550 14.700 0.86 0.88 0.89
v -19.000 4.550 14.700 0.86 0.88 0.89
v 0.000 4.300 10.800 0.86 0.88 0.89
v 19.000 4.300 10.800 0.86 0.88 0.89
v 19.000 4.300 14.700 0.86 0.88 0.89
v 0.000 4.300 14.700 0.86 0.88 0.89
v 0.000 4.550 10.800 0.86 0.88 0.89
v 19.000 4.550 10.800 0.86 0.88 0.89
v 19.000 4.550 14.700 0.86 0.88 0.89
v 0.000 4.550 14.700 0.86 0.88 0.89
v -14.870 1.050 12.750 0.4 0.43 0.46
v -15.000 1.050 12.880 0.4 0.43 0.46
v -15.130 1.050 12.750 0.4 0.43 0.46
v -15.000 1.050 12.620 0.4 0.43 0.46
v -14.890 4.150 12.750 0.4 0.43 0.46
v -15.000 4.150 12.860 0.4 0.43 0.46
v -15.110 4.150 12.750 0.4 0.43 0.46
v -15.000 4.150 12.640 0.4 0.43 0.46
v -4.870 1.050 12.750 0.4 0.43 0.46
v -5.000 1.050 12.880 0.4 0.43 0.46
v -5.130 1.050 12.750 0.4 0.43 0.46
v -5.000 1.050 12.620 0.4 0.43 0.46
v -4.890 4.150 12.750 0.4 0.43 0.46
v -5.000 4.150 12.860 0.4 0.43 0.46
v -5.110 4.150 12.750 0.4 0.43 0.46
v -5.000 4.150 12.640 0.4 0.43 0.46
v 5.130 1.050 12.750 0.4 0.43 0.46
v 5.000 1.050 12.880 0.4 0.43 0.46
v 4.870 1.050 12.750 0.4 0.43 0.46
v 5.000 1.050 12.620 0.4 0.43 0.46
v 5.110 4.150 12.750 0.4 0.43 0.46
v 5.000 4.150 12.860 0.4 0.43 0.46
v 4.890 4.150 12.750 0.4 0.43 0.46
v 5.000 4.150 12.640 0.4 0.43 0.46
v 15.130 1.050 12.750 0.4 0.43 0.46
v 15.000 1.050 12.880 0.4 0.43 0.46
v 14.870 1.050 12.750 0.4 0.43 0.46
v 15.000 1.050 12.620 0.4 0.43 0.46
v 15.110 4.150 12.750 0.4 0.43 0.46
v 15.000 4.150 12.860 0.4 0.43 0.46
v 14.890 4.150 12.750 0.4 0.43 0.46
v 15.000 4.150 12.640 0.4 0.43 0.46
v -13.000 0.470 7.950 0.84 0.85 0.86
v -4.600 0.470 7.950 0.84 0.85 0.86
v -4.600 3.200 7.950 0.84 0.85 0.86
v -13.000 3.200 7.950 0.84 0.85 0.86
v -13.000 0.470 10.550 0.84 0.85 0.86
v -4.600 0.470 10.550 0.84 0.85 0.86
v -4.600 3.200 10.550 0.84 0.85 0.86
v -13.000 3.200 10.550 0.84 0.85 0.86
v -12.700 2.100 7.920 0.26 0.33 0.39
v -4.900 2.100 7.920 0.26 0.33 0.39
v -4.900 2.900 7.920 0.26 0.33 0.39
v -12.700 2.900 7.920 0.26 0.33 0.39
v -12.700 2.100 10.580 0.26 0.33 0.39
v -4.900 2.100 10.580 0.26 0.33 0.39
v -4.900 2.900 10.580 0.26 0.33 0.39
v -12.700 2.900 10.580 0.26 0.33 0.39
v -12.800 1.300 7.920 0.66 0.21 0.17
v -4.800 1.300 7.920 0.66 0.21 0.17
v -4.800 1.650 7.920 0.66 0.21 0.17
v -12.800 1.650 7.920 0.66 0.21 0.17
v -12.800 1.300 10.580 0.66 0.21 0.17
v -4.800 1.300 10.580 0.66 0.21 0.17
v -4.800 1.650 10.580 0.66 0.21 0.17
v -12.800 1.650 10.580 0.66 0.21 0.17
v -3.400 0.470 7.950 0.84 0.85 0.86
v 5.000 0.470 7.950 0.84 0.85 0.86
v 5.000 3.200 7.950 0.84 0.85 0.86
v -3.400 3.200 7.950 0.84 0.85 0.86
v -3.400 0.470 10.550 0.84 0.85 0.86
v 5.000 0.470 10.550 0.84 0.85 0.86
v 5.000 3.200 10.550 0.84 0.85 0.86
v -3.400 3.200 10.550 0.84 0.85 0.86
v -3.100 2.100 7.920 0.26 0.33 0.39
v 4.700 2.100 7.920 0.26 0.33 0.39
v 4.700 2.900 7.920 0.26 0.33 0.39
v -3.100 2.900 7.920 0.26 0.33 0.39
v -3.100 2.100 10.580 0.26 0.33 0.39
v 4.700 2.100 10.580 0.26 0.33 0.39
v 4.700 2.900 10.580 0.26 0.33 0.39
v -3.100 2.900 10.580 0.26 0.33 0.39
v -3.200 1.300 7.920 0.66 0.21 0.17
v 4.800 1.300 7.920 0.66 0.21 0.17
v 4.800 1.650 7.920 0.66 0.21 0.17
v -3.200 1.650 7.920 0.66 0.21 0.17
v -3.200 1.300 10.580 0.66 0.21 0.17
v 4.800 1.300 10.580 0.66 0.21 0.17
v 4.800 1.650 10.580 0.66 0.21 0.17
v -3.200 1.650 10.580 0.66 0.21 0.17
v -4.700 0.750 8.100 0.66 0.21 0.17
v -3.300 0.750 8.100 0.66 0.21 0.17
v -3.300 0.750 10.400 0.66 0.21 0.17
v -4.700 0.750 10.400 0.66 0.21 0.17
v -4.700 3.050 8.100 0.66 0.21 0.17
v -3.300 3.050 8.100 0.66 0.21 0.17
v -3.300 3.050 10.400 0.66 0.21 0.17
v -4.700 3.050 10.400 0.66 0.21 0.17
v -92.600 0.000 -2.200 0.66 0.64 0.6
v -87.400 0.000 -2.200 0.66 0.64 0.6
v -87.400 0.000 2.200 0.66 0.64 0.6
v -92.600 0.000 2.200 0.66 0.64 0.6
v -92.600 0.550 -2.200 0.66 0.64 0.6
v -87.400 0.550 -2.200 0.66 0.64 0.6
v -87.400 0.550 2.200 0.66 0.64 0.6
v -92.600 0.550 2.200 0.66 0.64 0.6
v -91.700 0.550 -1.300 0.78 0.76 0.71
v -88.300 0.550 -1.300 0.78 0.76 0.71
v -88.300 0.550 1.300 0.78 0.76 0.71
v -91.700 0.550 1.300 0.78 0.76 0.71
v -91.200 6.200 -1.000 0.78 0.76 0.71
v -88.800 6.200 -1.000 0.78 0.76 0.71
v -88.800 6.200 1.000 0.78 0.76 0.71
v -91.200 6.200 1.000 0.78 0.76 0.71
v -91.350 8.000 -6.600 0.78 0.76 0.71
v -91.350 8.000 6.600 0.78 0.76 0.71
v -91.350 7.150 6.600 0.78 0.76 0.71
v -91.350 6.200 1.500 0.78 0.76 0.71
v -91.350 6.200 -1.500 0.78 0.76 0.71
v -88.650 8.000 -6.600 0.78 0.76 0.71
v -88.650 8.000 6.600 0.78 0.76 0.71
v -88.650 7.150 6.600 0.78 0.76 0.71
v -88.650 6.200 1.500 0.78 0.76 0.71
v -88.650 6.200 -1.500 0.78 0.76 0.71
v -62.600 0.000 -2.200 0.66 0.64 0.6
v -57.400 0.000 -2.200 0.66 0.64 0.6
v -57.400 0.000 2.200 0.66 0.64 0.6
v -62.600 0.000 2.200 0.66 0.64 0.6
v -62.600 0.550 -2.200 0.66 0.64 0.6
v -57.400 0.550 -2.200 0.66 0.64 0.6
v -57.400 0.550 2.200 0.66 0.64 0.6
v -62.600 0.550 2.200 0.66 0.64 0.6
v -61.700 0.550 -1.300 0.78 0.76 0.71
v -58.300 0.550 -1.300 0.78 0.76 0.71
v -58.300 0.550 1.300 0.78 0.76 0.71
v -61.700 0.550 1.300 0.78 0.76 0.71
v -61.200 6.200 -1.000 0.78 0.76 0.71
v -58.800 6.200 -1.000 0.78 0.76 0.71
v -58.800 6.200 1.000 0.78 0.76 0.71
v -61.200 6.200 1.000 0.78 0.76 0.71
v -61.350 8.000 -6.600 0.78 0.76 0.71
v -61.350 8.000 6.600 0.78 0.76 0.71
v -61.350 7.150 6.600 0.78 0.76 0.71
v -61.350 6.200 1.500 0.78 0.76 0.71
v -61.350 6.200 -1.500 0.78 0.76 0.71
v -58.650 8.000 -6.600 0.78 0.76 0.71
v -58.650 8.000 6.600 0.78 0.76 0.71
v -58.650 7.150 6.600 0.78 0.76 0.71
v -58.650 6.200 1.500 0.78 0.76 0.71
v -58.650 6.200 -1.500 0.78 0.76 0.71
v -32.600 0.000 -2.200 0.66 0.64 0.6
v -27.400 0.000 -2.200 0.66 0.64 0.6
v -27.400 0.000 2.200 0.66 0.64 0.6
v -32.600 0.000 2.200 0.66 0.64 0.6
v -32.600 0.550 -2.200 0.66 0.64 0.6
v -27.400 0.550 -2.200 0.66 0.64 0.6
v -27.400 0.550 2.200 0.66 0.64 0.6
v -32.600 0.550 2.200 0.66 0.64 0.6
v -31.700 0.550 -1.300 0.78 0.76 0.71
v -28.300 0.550 -1.300 0.78 0.76 0.71
v -28.300 0.550 1.300 0.78 0.76 0.71
v -31.700 0.550 1.300 0.78 0.76 0.71
v -31.200 6.200 -1.000 0.78 0.76 0.71
v -28.800 6.200 -1.000 0.78 0.76 0.71
v -28.800 6.200 1.000 0.78 0.76 0.71
v -31.200 6.200 1.000 0.78 0.76 0.71
v -31.350 8.000 -6.600 0.78 0.76 0.71
v -31.350 8.000 6.600 0.78 0.76 0.71
v -31.350 7.150 6.600 0.78 0.76 0.71
v -31.350 6.200 1.500 0.78 0.76 0.71
v -31.350 6.200 -1.500 0.78 0.76 0.71
v -28.650 8.000 -6.600 0.78 0.76 0.71
v -28.650 8.000 6.600 0.78 0.76 0.71
v -28.650 7.150 6.600 0.78 0.76 0.71
v -28.650 6.200 1.500 0.78 0.76 0.71
v -28.650 6.200 -1.500 0.78 0.76 0.71
v -2.600 0.000 -2.200 0.66 0.64 0.6
v 2.600 0.000 -2.200 0.66 0.64 0.6
v 2.600 0.000 2.200 0.66 0.64 0.6
v -2.600 0.000 2.200 0.66 0.64 0.6
v -2.600 0.550 -2.200 0.66 0.64 0.6
v 2.600 0.550 -2.200 0.66 0.64 0.6
v 2.600 0.550 2.200 0.66 0.64 0.6
v -2.600 0.550 2.200 0.66 0.64 0.6
v -1.700 0.550 -1.300 0.78 0.76 0.71
v 1.700 0.550 -1.300 0.78 0.76 0.71
v 1.700 0.550 1.300 0.78 0.76 0.71
v -1.700 0.550 1.300 0.78 0.76 0.71
v -1.200 6.200 -1.000 0.78 0.76 0.71
v 1.200 6.200 -1.000 0.78 0.76 0.71
v 1.200 6.200 1.000 0.78 0.76 0.71
v -1.200 6.200 1.000 0.78 0.76 0.71
v -1.350 8.000 -6.600 0.78 0.76 0.71
v -1.350 8.000 6.600 0.78 0.76 0.71
v -1.350 7.150 6.600 0.78 0.76 0.71
v -1.350 6.200 1.500 0.78 0.76 0.71
v -1.350 6.200 -1.500 0.78 0.76 0.71
v 1.350 8.000 -6.600 0.78 0.76 0.71
v 1.350 8.000 6.600 0.78 0.76 0.71
v 1.350 7.150 6.600 0.78 0.76 0.71
v 1.350 6.200 1.500 0.78 0.76 0.71
v 1.350 6.200 -1.500 0.78 0.76 0.71
v 27.400 0.000 -2.200 0.66 0.64 0.6
v 32.600 0.000 -2.200 0.66 0.64 0.6
v 32.600 0.000 2.200 0.66 0.64 0.6
v 27.400 0.000 2.200 0.66 0.64 0.6
v 27.400 0.550 -2.200 0.66 0.64 0.6
v 32.600 0.550 -2.200 0.66 0.64 0.6
v 32.600 0.550 2.200 0.66 0.64 0.6
v 27.400 0.550 2.200 0.66 0.64 0.6
v 28.300 0.550 -1.300 0.78 0.76 0.71
v 31.700 0.550 -1.300 0.78 0.76 0.71
v 31.700 0.550 1.300 0.78 0.76 0.71
v 28.300 0.550 1.300 0.78 0.76 0.71
v 28.800 6.200 -1.000 0.78 0.76 0.71
v 31.200 6.200 -1.000 0.78 0.76 0.71
v 31.200 6.200 1.000 0.78 0.76 0.71
v 28.800 6.200 1.000 0.78 0.76 0.71
v 28.650 8.000 -6.600 0.78 0.76 0.71
v 28.650 8.000 6.600 0.78 0.76 0.71
v 28.650 7.150 6.600 0.78 0.76 0.71
v 28.650 6.200 1.500 0.78 0.76 0.71
v 28.650 6.200 -1.500 0.78 0.76 0.71
v 31.350 8.000 -6.600 0.78 0.76 0.71
v 31.350 8.000 6.600 0.78 0.76 0.71
v 31.350 7.150 6.600 0.78 0.76 0.71
v 31.350 6.200 1.500 0.78 0.76 0.71
v 31.350 6.200 -1.500 0.78 0.76 0.71
v 57.400 0.000 -2.200 0.66 0.64 0.6
v 62.600 0.000 -2.200 0.66 0.64 0.6
v 62.600 0.000 2.200 0.66 0.64 0.6
v 57.400 0.000 2.200 0.66 0.64 0.6
v 57.400 0.550 -2.200 0.66 0.64 0.6
v 62.600 0.550 -2.200 0.66 0.64 0.6
v 62.600 0.550 2.200 0.66 0.64 0.6
v 57.400 0.550 2.200 0.66 0.64 0.6
v 58.300 0.550 -1.300 0.78 0.76 0.71
v 61.700 0.550 -1.300 0.78 0.76 0.71
v 61.700 0.550 1.300 0.78 0.76 0.71
v 58.300 0.550 1.300 0.78 0.76 0.71
v 58.800 6.200 -1.000 0.78 0.76 0.71
v 61.200 6.200 -1.000 0.78 0.76 0.71
v 61.200 6.200 1.000 0.78 0.76 0.71
v 58.800 6.200 1.000 0.78 0.76 0.71
v 58.650 8.000 -6.600 0.78 0.76 0.71
v 58.650 8.000 6.600 0.78 0.76 0.71
v 58.650 7.150 6.600 0.78 0.76 0.71
v 58.650 6.200 1.500 0.78 0.76 0.71
v 58.650 6.200 -1.500 0.78 0.76 0.71
v 61.350 8.000 -6.600 0.78 0.76 0.71
v 61.350 8.000 6.600 0.78 0.76 0.71
v 61.350 7.150 6.600 0.78 0.76 0.71
v 61.350 6.200 1.500 0.78 0.76 0.71
v 61.350 6.200 -1.500 0.78 0.76 0.71
v 87.400 0.000 -2.200 0.66 0.64 0.6
v 92.600 0.000 -2.200 0.66 0.64 0.6
v 92.600 0.000 2.200 0.66 0.64 0.6
v 87.400 0.000 2.200 0.66 0.64 0.6
v 87.400 0.550 -2.200 0.66 0.64 0.6
v 92.600 0.550 -2.200 0.66 0.64 0.6
v 92.600 0.550 2.200 0.66 0.64 0.6
v 87.400 0.550 2.200 0.66 0.64 0.6
v 88.300 0.550 -1.300 0.78 0.76 0.71
v 91.700 0.550 -1.300 0.78 0.76 0.71
v 91.700 0.550 1.300 0.78 0.76 0.71
v 88.300 0.550 1.300 0.78 0.76 0.71
v 88.800 6.200 -1.000 0.78 0.76 0.71
v 91.200 6.200 -1.000 0.78 0.76 0.71
v 91.200 6.200 1.000 0.78 0.76 0.71
v 88.800 6.200 1.000 0.78 0.76 0.71
v 88.650 8.000 -6.600 0.78 0.76 0.71
v 88.650 8.000 6.600 0.78 0.76 0.71
v 88.650 7.150 6.600 0.78 0.76 0.71
v 88.650 6.200 1.500 0.78 0.76 0.71
v 88.650 6.200 -1.500 0.78 0.76 0.71
v 91.350 8.000 -6.600 0.78 0.76 0.71
v 91.350 8.000 6.600 0.78 0.76 0.71
v 91.350 7.150 6.600 0.78 0.76 0.71
v 91.350 6.200 1.500 0.78 0.76 0.71
v 91.350 6.200 -1.500 0.78 0.76 0.71
v -103.000 10.000 -7.500 0.78 0.76 0.71
v -103.000 10.000 7.500 0.78 0.76 0.71
v -103.000 9.450 7.500 0.78 0.76 0.71
v -103.000 8.000 4.100 0.78 0.76 0.71
v -103.000 8.000 -4.100 0.78 0.76 0.71
v -103.000 9.450 -7.500 0.78 0.76 0.71
v -80.111 10.000 -7.500 0.78 0.76 0.71
v -80.111 10.000 7.500 0.78 0.76 0.71
v -80.111 9.450 7.500 0.78 0.76 0.71
v -80.111 8.000 4.100 0.78 0.76 0.71
v -80.111 8.000 -4.100 0.78 0.76 0.71
v -80.111 9.450 -7.500 0.78 0.76 0.71
v -57.222 10.000 -7.500 0.78 0.76 0.71
v -57.222 10.000 7.500 0.78 0.76 0.71
v -57.222 9.450 7.500 0.78 0.76 0.71
v -57.222 8.000 4.100 0.78 0.76 0.71
v -57.222 8.000 -4.100 0.78 0.76 0.71
v -57.222 9.450 -7.500 0.78 0.76 0.71
v -34.333 10.000 -7.500 0.78 0.76 0.71
v -34.333 10.000 7.500 0.78 0.76 0.71
v -34.333 9.450 7.500 0.78 0.76 0.71
v -34.333 8.000 4.100 0.78 0.76 0.71
v -34.333 8.000 -4.100 0.78 0.76 0.71
v -34.333 9.450 -7.500 0.78 0.76 0.71
v -11.444 10.000 -7.500 0.78 0.76 0.71
v -11.444 10.000 7.500 0.78 0.76 0.71
v -11.444 9.450 7.500 0.78 0.76 0.71
v -11.444 8.000 4.100 0.78 0.76 0.71
v -11.444 8.000 -4.100 0.78 0.76 0.71
v -11.444 9.450 -7.500 0.78 0.76 0.71
v 11.444 10.000 -7.500 0.78 0.76 0.71
v 11.444 10.000 7.500 0.78 0.76 0.71
v 11.444 9.450 7.500 0.78 0.76 0.71
v 11.444 8.000 4.100 0.78 0.76 0.71
v 11.444 8.000 -4.100 0.78 0.76 0.71
v 11.444 9.450 -7.500 0.78 0.76 0.71
v 34.333 10.000 -7.500 0.78 0.76 0.71
v 34.333 10.000 7.500 0.78 0.76 0.71
v 34.333 9.450 7.500 0.78 0.76 0.71
v 34.333 8.000 4.100 0.78 0.76 0.71
v 34.333 8.000 -4.100 0.78 0.76 0.71
v 34.333 9.450 -7.500 0.78 0.76 0.71
v 57.222 10.000 -7.500 0.78 0.76 0.71
v 57.222 10.000 7.500 0.78 0.76 0.71
v 57.222 9.450 7.500 0.78 0.76 0.71
v 57.222 8.000 4.100 0.78 0.76 0.71
v 57.222 8.000 -4.100 0.78 0.76 0.71
v 57.222 9.450 -7.500 0.78 0.76 0.71
v 80.111 10.000 -7.500 0.78 0.76 0.71
v 80.111 10.000 7.500 0.78 0.76 0.71
v 80.111 9.450 7.500 0.78 0.76 0.71
v 80.111 8.000 4.100 0.78 0.76 0.71
v 80.111 8.000 -4.100 0.78 0.76 0.71
v 80.111 9.450 -7.500 0.78 0.76 0.71
v 103.000 10.000 -7.500 0.78 0.76 0.71
v 103.000 10.000 7.500 0.78 0.76 0.71
v 103.000 9.450 7.500 0.78 0.76 0.71
v 103.000 8.000 4.100 0.78 0.76 0.71
v 103.000 8.000 -4.100 0.78 0.76 0.71
v 103.000 9.450 -7.500 0.78 0.76 0.71
v 6.999 10.000 -13.900 0.78 0.76 0.71
v 7.001 10.000 -7.500 0.78 0.76 0.71
v 7.001 9.650 -7.500 0.78 0.76 0.71
v 7.001 9.050 -8.400 0.78 0.76 0.71
v 6.999 9.050 -13.000 0.78 0.76 0.71
v 6.999 9.650 -13.900 0.78 0.76 0.71
v 12.148 9.993 -13.901 0.78 0.76 0.71
v 12.297 9.993 -7.503 0.78 0.76 0.71
v 12.297 9.643 -7.503 0.78 0.76 0.71
v 12.276 9.043 -8.403 0.78 0.76 0.71
v 12.169 9.043 -13.002 0.78 0.76 0.71
v 12.148 9.643 -13.901 0.78 0.76 0.71
v 17.190 9.852 -14.133 0.78 0.76 0.71
v 17.698 9.852 -7.754 0.78 0.76 0.71
v 17.698 9.502 -7.754 0.78 0.76 0.71
v 17.627 8.902 -8.651 0.78 0.76 0.71
v 17.262 8.902 -13.236 0.78 0.76 0.71
v 17.190 9.502 -14.133 0.78 0.76 0.71
v 22.225 9.550 -14.703 0.78 0.76 0.71
v 23.108 9.550 -8.364 0.78 0.76 0.71
v 23.108 9.200 -8.364 0.78 0.76 0.71
v 22.984 8.600 -9.256 0.78 0.76 0.71
v 22.349 8.600 -13.812 0.78 0.76 0.71
v 22.225 9.200 -14.703 0.78 0.76 0.71
v 27.307 9.108 -15.546 0.78 0.76 0.71
v 28.471 9.108 -9.253 0.78 0.76 0.71
v 28.471 8.758 -9.253 0.78 0.76 0.71
v 28.307 8.158 -10.138 0.78 0.76 0.71
v 27.470 8.158 -14.661 0.78 0.76 0.71
v 27.307 8.758 -15.546 0.78 0.76 0.71
v 32.433 8.548 -16.594 0.78 0.76 0.71
v 33.789 8.548 -10.339 0.78 0.76 0.71
v 33.789 8.198 -10.339 0.78 0.76 0.71
v 33.598 7.598 -11.219 0.78 0.76 0.71
v 32.624 7.598 -15.715 0.78 0.76 0.71
v 32.433 8.198 -16.594 0.78 0.76 0.71
v 37.603 7.892 -17.778 0.78 0.76 0.71
v 39.063 7.892 -11.547 0.78 0.76 0.71
v 39.063 7.542 -11.547 0.78 0.76 0.71
v 38.858 6.942 -12.423 0.78 0.76 0.71
v 37.809 6.942 -16.902 0.78 0.76 0.71
v 37.603 7.542 -17.778 0.78 0.76 0.71
v 42.815 7.163 -19.027 0.78 0.76 0.71
v 44.296 7.163 -12.801 0.78 0.76 0.71
v 44.296 6.813 -12.801 0.78 0.76 0.71
v 44.088 6.213 -13.676 0.78 0.76 0.71
v 43.023 6.213 -18.152 0.78 0.76 0.71
v 42.815 6.813 -19.027 0.78 0.76 0.71
v 48.069 6.381 -20.267 0.78 0.76 0.71
v 49.487 6.381 -14.026 0.78 0.76 0.71
v 49.487 6.031 -14.026 0.78 0.76 0.71
v 49.287 5.431 -14.904 0.78 0.76 0.71
v 48.268 5.431 -19.389 0.78 0.76 0.71
v 48.069 6.031 -20.267 0.78 0.76 0.71
v 53.364 5.570 -21.424 0.78 0.76 0.71
v 54.636 5.570 -15.151 0.78 0.76 0.71
v 54.636 5.220 -15.151 0.78 0.76 0.71
v 54.457 4.620 -16.033 0.78 0.76 0.71
v 53.543 4.620 -20.542 0.78 0.76 0.71
v 53.364 5.220 -21.424 0.78 0.76 0.71
v 58.704 4.751 -22.421 0.78 0.76 0.71
v 59.740 4.751 -16.105 0.78 0.76 0.71
v 59.740 4.401 -16.105 0.78 0.76 0.71
v 59.594 3.801 -16.994 0.78 0.76 0.71
v 58.850 3.801 -21.533 0.78 0.76 0.71
v 58.704 4.401 -22.421 0.78 0.76 0.71
v 64.091 3.946 -23.181 0.78 0.76 0.71
v 64.798 3.946 -16.820 0.78 0.76 0.71
v 64.798 3.596 -16.820 0.78 0.76 0.71
v 64.699 2.996 -17.714 0.78 0.76 0.71
v 64.190 2.996 -22.286 0.78 0.76 0.71
v 64.091 3.596 -23.181 0.78 0.76 0.71
v 69.514 3.177 -23.622 0.78 0.76 0.71
v 69.820 3.177 -17.229 0.78 0.76 0.71
v 69.820 2.827 -17.229 0.78 0.76 0.71
v 69.777 2.227 -18.128 0.78 0.76 0.71
v 69.557 2.227 -22.723 0.78 0.76 0.71
v 69.514 2.827 -23.622 0.78 0.76 0.71
v 74.866 2.466 -23.700 0.78 0.76 0.71
v 74.912 2.466 -17.300 0.78 0.76 0.71
v 74.912 2.116 -17.300 0.78 0.76 0.71
v 74.905 1.516 -18.200 0.78 0.76 0.71
v 74.872 1.516 -22.800 0.78 0.76 0.71
v 74.866 2.116 -23.700 0.78 0.76 0.71
v 80.111 1.835 -23.700 0.78 0.76 0.71
v 80.111 1.835 -17.300 0.78 0.76 0.71
v 80.111 1.485 -17.300 0.78 0.76 0.71
v 80.111 0.885 -18.200 0.78 0.76 0.71
v 80.111 0.885 -22.800 0.78 0.76 0.71
v 80.111 1.485 -23.700 0.78 0.76 0.71
v 85.333 1.306 -23.700 0.78 0.76 0.71
v 85.333 1.306 -17.300 0.78 0.76 0.71
v 85.333 0.956 -17.300 0.78 0.76 0.71
v 85.333 0.356 -18.200 0.78 0.76 0.71
v 85.333 0.356 -22.800 0.78 0.76 0.71
v 85.333 0.956 -23.700 0.78 0.76 0.71
v 90.556 0.900 -23.700 0.78 0.76 0.71
v 90.556 0.900 -17.300 0.78 0.76 0.71
v 90.556 0.550 -17.300 0.78 0.76 0.71
v 90.556 -0.050 -18.200 0.78 0.76 0.71
v 90.556 -0.050 -22.800 0.78 0.76 0.71
v 90.556 0.550 -23.700 0.78 0.76 0.71
v 95.778 0.641 -23.700 0.78 0.76 0.71
v 95.778 0.641 -17.300 0.78 0.76 0.71
v 95.778 0.291 -17.300 0.78 0.76 0.71
v 95.778 -0.309 -18.200 0.78 0.76 0.71
v 95.778 -0.309 -22.800 0.78 0.76 0.71
v 95.778 0.291 -23.700 0.78 0.76 0.71
v 101.000 0.550 -23.700 0.78 0.76 0.71
v 101.000 0.550 -17.300 0.78 0.76 0.71
v 101.000 0.200 -17.300 0.78 0.76 0.71
v 101.000 -0.400 -18.200 0.78 0.76 0.71
v 101.000 -0.400 -22.800 0.78 0.76 0.71
v 101.000 0.200 -23.700 0.78 0.76 0.71
v 6.999 10.000 -13.880 0.78 0.76 0.71
v 6.999 10.000 -13.320 0.78 0.76 0.71
v 6.999 10.080 -13.320 0.78 0.76 0.71
v 6.999 10.330 -13.430 0.78 0.76 0.71
v 6.999 10.950 -13.500 0.78 0.76 0.71
v 6.999 10.950 -13.700 0.78 0.76 0.71
v 6.999 10.330 -13.770 0.78 0.76 0.71
v 6.999 10.080 -13.880 0.78 0.76 0.71
v 12.148 9.993 -13.881 0.78 0.76 0.71
v 12.161 9.993 -13.321 0.78 0.76 0.71
v 12.161 10.073 -13.321 0.78 0.76 0.71
v 12.159 10.323 -13.431 0.78 0.76 0.71
v 12.157 10.943 -13.501 0.78 0.76 0.71
v 12.152 10.943 -13.701 0.78 0.76 0.71
v 12.151 10.323 -13.771 0.78 0.76 0.71
v 12.148 10.073 -13.881 0.78 0.76 0.71
v 17.192 9.852 -14.114 0.78 0.76 0.71
v 17.236 9.852 -13.555 0.78 0.76 0.71
v 17.236 9.932 -13.555 0.78 0.76 0.71
v 17.228 10.182 -13.665 0.78 0.76 0.71
v 17.222 10.802 -13.735 0.78 0.76 0.71
v 17.206 10.802 -13.934 0.78 0.76 0.71
v 17.201 10.182 -14.004 0.78 0.76 0.71
v 17.192 9.932 -14.114 0.78 0.76 0.71
v 22.228 9.550 -14.683 0.78 0.76 0.71
v 22.305 9.550 -14.129 0.78 0.76 0.71
v 22.305 9.630 -14.129 0.78 0.76 0.71
v 22.290 9.880 -14.238 0.78 0.76 0.71
v 22.280 10.500 -14.307 0.78 0.76 0.71
v 22.253 10.500 -14.505 0.78 0.76 0.71
v 22.243 9.880 -14.574 0.78 0.76 0.71
v 22.228 9.630 -14.683 0.78 0.76 0.71
v 27.310 9.108 -15.526 0.78 0.76 0.71
v 27.412 9.108 -14.976 0.78 0.76 0.71
v 27.412 9.188 -14.976 0.78 0.76 0.71
v 27.392 9.438 -15.084 0.78 0.76 0.71
v 27.379 10.058 -15.153 0.78 0.76 0.71
v 27.343 10.058 -15.349 0.78 0.76 0.71
v 27.330 9.438 -15.418 0.78 0.76 0.71
v 27.310 9.188 -15.526 0.78 0.76 0.71
v 32.438 8.548 -16.575 0.78 0.76 0.71
v 32.556 8.548 -16.027 0.78 0.76 0.71
v 32.556 8.628 -16.027 0.78 0.76 0.71
v 32.533 8.878 -16.135 0.78 0.76 0.71
v 32.518 9.498 -16.203 0.78 0.76 0.71
v 32.476 9.498 -16.399 0.78 0.76 0.71
v 32.461 8.878 -16.467 0.78 0.76 0.71
v 32.438 8.628 -16.575 0.78 0.76 0.71
v 37.608 7.892 -17.759 0.78 0.76 0.71
v 37.736 7.892 -17.214 0.78 0.76 0.71
v 37.736 7.972 -17.214 0.78 0.76 0.71
v 37.711 8.222 -17.321 0.78 0.76 0.71
v 37.695 8.842 -17.389 0.78 0.76 0.71
v 37.649 8.842 -17.584 0.78 0.76 0.71
v 37.633 8.222 -17.652 0.78 0.76 0.71
v 37.608 7.972 -17.759 0.78 0.76 0.71
v 42.820 7.163 -19.008 0.78 0.76 0.71
v 42.949 7.163 -18.463 0.78 0.76 0.71
v 42.949 7.243 -18.463 0.78 0.76 0.71
v 42.924 7.493 -18.570 0.78 0.76 0.71
v 42.908 8.113 -18.638 0.78 0.76 0.71
v 42.861 8.113 -18.833 0.78 0.76 0.71
v 42.845 7.493 -18.901 0.78 0.76 0.71
v 42.820 7.243 -19.008 0.78 0.76 0.71
v 48.073 6.381 -20.248 0.78 0.76 0.71
v 48.197 6.381 -19.701 0.78 0.76 0.71
v 48.197 6.461 -19.701 0.78 0.76 0.71
v 48.173 6.711 -19.809 0.78 0.76 0.71
v 48.157 7.331 -19.877 0.78 0.76 0.71
v 48.113 7.331 -20.072 0.78 0.76 0.71
v 48.097 6.711 -20.140 0.78 0.76 0.71
v 48.073 6.461 -20.248 0.78 0.76 0.71
v 53.368 5.570 -21.404 0.78 0.76 0.71
v 53.480 5.570 -20.855 0.78 0.76 0.71
v 53.480 5.650 -20.855 0.78 0.76 0.71
v 53.458 5.900 -20.963 0.78 0.76 0.71
v 53.444 6.520 -21.032 0.78 0.76 0.71
v 53.404 6.520 -21.228 0.78 0.76 0.71
v 53.390 5.900 -21.296 0.78 0.76 0.71
v 53.368 5.650 -21.404 0.78 0.76 0.71
v 58.708 4.751 -22.401 0.78 0.76 0.71
v 58.798 4.751 -21.849 0.78 0.76 0.71
v 58.798 4.831 -21.849 0.78 0.76 0.71
v 58.780 5.081 -21.957 0.78 0.76 0.71
v 58.769 5.701 -22.026 0.78 0.76 0.71
v 58.737 5.701 -22.224 0.78 0.76 0.71
v 58.725 5.081 -22.293 0.78 0.76 0.71
v 58.708 4.831 -22.401 0.78 0.76 0.71
v 64.093 3.946 -23.161 0.78 0.76 0.71
v 64.155 3.946 -22.604 0.78 0.76 0.71
v 64.155 4.026 -22.604 0.78 0.76 0.71
v 64.143 4.276 -22.714 0.78 0.76 0.71
v 64.135 4.896 -22.783 0.78 0.76 0.71
v 64.113 4.896 -22.982 0.78 0.76 0.71
v 64.105 4.276 -23.051 0.78 0.76 0.71
v 64.093 4.026 -23.161 0.78 0.76 0.71
v 69.515 3.177 -23.602 0.78 0.76 0.71
v 69.541 3.177 -23.042 0.78 0.76 0.71
v 69.541 3.257 -23.042 0.78 0.76 0.71
v 69.536 3.507 -23.152 0.78 0.76 0.71
v 69.533 4.127 -23.222 0.78 0.76 0.71
v 69.523 4.127 -23.422 0.78 0.76 0.71
v 69.520 3.507 -23.492 0.78 0.76 0.71
v 69.515 3.257 -23.602 0.78 0.76 0.71
v 74.866 2.466 -23.680 0.78 0.76 0.71
v 74.870 2.466 -23.120 0.78 0.76 0.71
v 74.870 2.546 -23.120 0.78 0.76 0.71
v 74.869 2.796 -23.230 0.78 0.76 0.71
v 74.869 3.416 -23.300 0.78 0.76 0.71
v 74.867 3.416 -23.500 0.78 0.76 0.71
v 74.867 2.796 -23.570 0.78 0.76 0.71
v 74.866 2.546 -23.680 0.78 0.76 0.71
v 80.111 1.835 -23.680 0.78 0.76 0.71
v 80.111 1.835 -23.120 0.78 0.76 0.71
v 80.111 1.915 -23.120 0.78 0.76 0.71
v 80.111 2.165 -23.230 0.78 0.76 0.71
v 80.111 2.785 -23.300 0.78 0.76 0.71
v 80.111 2.785 -23.500 0.78 0.76 0.71
v 80.111 2.165 -23.570 0.78 0.76 0.71
v 80.111 1.915 -23.680 0.78 0.76 0.71
v 85.333 1.306 -23.680 0.78 0.76 0.71
v 85.333 1.306 -23.120 0.78 0.76 0.71
v 85.333 1.386 -23.120 0.78 0.76 0.71
v 85.333 1.636 -23.230 0.78 0.76 0.71
v 85.333 2.256 -23.300 0.78 0.76 0.71
v 85.333 2.256 -23.500 0.78 0.76 0.71
v 85.333 1.636 -23.570 0.78 0.76 0.71
v 85.333 1.386 -23.680 0.78 0.76 0.71
v 90.556 0.900 -23.680 0.78 0.76 0.71
v 90.556 0.900 -23.120 0.78 0.76 0.71
v 90.556 0.980 -23.120 0.78 0.76 0.71
v 90.556 1.230 -23.230 0.78 0.76 0.71
v 90.556 1.850 -23.300 0.78 0.76 0.71
v 90.556 1.850 -23.500 0.78 0.76 0.71
v 90.556 1.230 -23.570 0.78 0.76 0.71
v 90.556 0.980 -23.680 0.78 0.76 0.71
v 95.778 0.641 -23.680 0.78 0.76 0.71
v 95.778 0.641 -23.120 0.78 0.76 0.71
v 95.778 0.721 -23.120 0.78 0.76 0.71
v 95.778 0.971 -23.230 0.78 0.76 0.71
v 95.778 1.591 -23.300 0.78 0.76 0.71
v 95.778 1.591 -23.500 0.78 0.76 0.71
v 95.778 0.971 -23.570 0.78 0.76 0.71
v 95.778 0.721 -23.680 0.78 0.76 0.71
v 101.000 0.550 -23.680 0.78 0.76 0.71
v 101.000 0.550 -23.120 0.78 0.76 0.71
v 101.000 0.630 -23.120 0.78 0.76 0.71
v 101.000 0.880 -23.230 0.78 0.76 0.71
v 101.000 1.500 -23.300 0.78 0.76 0.71
v 101.000 1.500 -23.500 0.78 0.76 0.71
v 101.000 0.880 -23.570 0.78 0.76 0.71
v 101.000 0.630 -23.680 0.78 0.76 0.71
v 7.001 10.000 -8.080 0.78 0.76 0.71
v 7.001 10.000 -7.520 0.78 0.76 0.71
v 7.001 10.080 -7.520 0.78 0.76 0.71
v 7.001 10.330 -7.630 0.78 0.76 0.71
v 7.001 10.950 -7.700 0.78 0.76 0.71
v 7.001 10.950 -7.900 0.78 0.76 0.71
v 7.001 10.330 -7.970 0.78 0.76 0.71
v 7.001 10.080 -8.080 0.78 0.76 0.71
v 12.283 9.993 -8.083 0.78 0.76 0.71
v 12.296 9.993 -7.523 0.78 0.76 0.71
v 12.296 10.073 -7.523 0.78 0.76 0.71
v 12.294 10.323 -7.633 0.78 0.76 0.71
v 12.292 10.943 -7.703 0.78 0.76 0.71
v 12.288 10.943 -7.903 0.78 0.76 0.71
v 12.286 10.323 -7.973 0.78 0.76 0.71
v 12.283 10.073 -8.083 0.78 0.76 0.71
v 17.652 9.852 -8.332 0.78 0.76 0.71
v 17.697 9.852 -7.774 0.78 0.76 0.71
v 17.697 9.932 -7.774 0.78 0.76 0.71
v 17.688 10.182 -7.883 0.78 0.76 0.71
v 17.683 10.802 -7.953 0.78 0.76 0.71
v 17.667 10.802 -8.152 0.78 0.76 0.71
v 17.661 10.182 -8.222 0.78 0.76 0.71
v 17.652 9.932 -8.332 0.78 0.76 0.71
v 23.028 9.550 -8.939 0.78 0.76 0.71
v 23.106 9.550 -8.384 0.78 0.76 0.71
v 23.106 9.630 -8.384 0.78 0.76 0.71
v 23.090 9.880 -8.493 0.78 0.76 0.71
v 23.081 10.500 -8.563 0.78 0.76 0.71
v 23.053 10.500 -8.761 0.78 0.76 0.71
v 23.044 9.880 -8.830 0.78 0.76 0.71
v 23.028 9.630 -8.939 0.78 0.76 0.71
v 28.366 9.108 -9.823 0.78 0.76 0.71
v 28.468 9.108 -9.272 0.78 0.76 0.71
v 28.468 9.188 -9.272 0.78 0.76 0.71
v 28.448 9.438 -9.381 0.78 0.76 0.71
v 28.435 10.058 -9.449 0.78 0.76 0.71
v 28.398 10.058 -9.646 0.78 0.76 0.71
v 28.386 9.438 -9.715 0.78 0.76 0.71
v 28.366 9.188 -9.823 0.78 0.76 0.71
v 33.666 8.548 -10.906 0.78 0.76 0.71
v 33.785 8.548 -10.359 0.78 0.76 0.71
v 33.785 8.628 -10.359 0.78 0.76 0.71
v 33.761 8.878 -10.467 0.78 0.76 0.71
v 33.747 9.498 -10.535 0.78 0.76 0.71
v 33.704 9.498 -10.730 0.78 0.76 0.71
v 33.689 8.878 -10.799 0.78 0.76 0.71
v 33.666 8.628 -10.906 0.78 0.76 0.71
v 38.931 7.892 -12.112 0.78 0.76 0.71
v 39.059 7.892 -11.567 0.78 0.76 0.71
v 39.059 7.972 -11.567 0.78 0.76 0.71
v 39.034 8.222 -11.674 0.78 0.76 0.71
v 39.018 8.842 -11.742 0.78 0.76 0.71
v 38.972 8.842 -11.937 0.78 0.76 0.71
v 38.956 8.222 -12.005 0.78 0.76 0.71
v 38.931 7.972 -12.112 0.78 0.76 0.71
v 44.162 7.163 -13.365 0.78 0.76 0.71
v 44.291 7.163 -12.820 0.78 0.76 0.71
v 44.291 7.243 -12.820 0.78 0.76 0.71
v 44.266 7.493 -12.927 0.78 0.76 0.71
v 44.250 8.113 -12.995 0.78 0.76 0.71
v 44.203 8.113 -13.190 0.78 0.76 0.71
v 44.187 7.493 -13.258 0.78 0.76 0.71
v 44.162 7.243 -13.365 0.78 0.76 0.71
v 49.358 6.381 -14.592 0.78 0.76 0.71
v 49.482 6.381 -14.046 0.78 0.76 0.71
v 49.482 6.461 -14.046 0.78 0.76 0.71
v 49.458 6.711 -14.153 0.78 0.76 0.71
v 49.443 7.331 -14.221 0.78 0.76 0.71
v 49.398 7.331 -14.416 0.78 0.76 0.71
v 49.383 6.711 -14.484 0.78 0.76 0.71
v 49.358 6.461 -14.592 0.78 0.76 0.71
v 54.520 5.570 -15.720 0.78 0.76 0.71
v 54.632 5.570 -15.171 0.78 0.76 0.71
v 54.632 5.650 -15.171 0.78 0.76 0.71
v 54.610 5.900 -15.279 0.78 0.76 0.71
v 54.596 6.520 -15.347 0.78 0.76 0.71
v 54.556 6.520 -15.543 0.78 0.76 0.71
v 54.542 5.900 -15.612 0.78 0.76 0.71
v 54.520 5.650 -15.720 0.78 0.76 0.71
v 59.646 4.751 -16.678 0.78 0.76 0.71
v 59.737 4.751 -16.125 0.78 0.76 0.71
v 59.737 4.831 -16.125 0.78 0.76 0.71
v 59.719 5.081 -16.234 0.78 0.76 0.71
v 59.708 5.701 -16.303 0.78 0.76 0.71
v 59.675 5.701 -16.500 0.78 0.76 0.71
v 59.664 5.081 -16.569 0.78 0.76 0.71
v 59.646 4.831 -16.678 0.78 0.76 0.71
v 64.734 3.946 -17.396 0.78 0.76 0.71
v 64.796 3.946 -16.840 0.78 0.76 0.71
v 64.796 4.026 -16.840 0.78 0.76 0.71
v 64.784 4.276 -16.949 0.78 0.76 0.71
v 64.776 4.896 -17.019 0.78 0.76 0.71
v 64.754 4.896 -17.217 0.78 0.76 0.71
v 64.746 4.276 -17.287 0.78 0.76 0.71
v 64.734 4.026 -17.396 0.78 0.76 0.71
v 69.792 3.177 -17.808 0.78 0.76 0.71
v 69.819 3.177 -17.249 0.78 0.76 0.71
v 69.819 3.257 -17.249 0.78 0.76 0.71
v 69.813 3.507 -17.359 0.78 0.76 0.71
v 69.810 4.127 -17.429 0.78 0.76 0.71
v 69.800 4.127 -17.629 0.78 0.76 0.71
v 69.797 3.507 -17.698 0.78 0.76 0.71
v 69.792 3.257 -17.808 0.78 0.76 0.71
v 74.908 2.466 -17.880 0.78 0.76 0.71
v 74.912 2.466 -17.320 0.78 0.76 0.71
v 74.912 2.546 -17.320 0.78 0.76 0.71
v 74.911 2.796 -17.430 0.78 0.76 0.71
v 74.910 3.416 -17.500 0.78 0.76 0.71
v 74.909 3.416 -17.700 0.78 0.76 0.71
v 74.908 2.796 -17.770 0.78 0.76 0.71
v 74.908 2.546 -17.880 0.78 0.76 0.71
v 80.111 1.835 -17.880 0.78 0.76 0.71
v 80.111 1.835 -17.320 0.78 0.76 0.71
v 80.111 1.915 -17.320 0.78 0.76 0.71
v 80.111 2.165 -17.430 0.78 0.76 0.71
v 80.111 2.785 -17.500 0.78 0.76 0.71
v 80.111 2.785 -17.700 0.78 0.76 0.71
v 80.111 2.165 -17.770 0.78 0.76 0.71
v 80.111 1.915 -17.880 0.78 0.76 0.71
v 85.333 1.306 -17.880 0.78 0.76 0.71
v 85.333 1.306 -17.320 0.78 0.76 0.71
v 85.333 1.386 -17.320 0.78 0.76 0.71
v 85.333 1.636 -17.430 0.78 0.76 0.71
v 85.333 2.256 -17.500 0.78 0.76 0.71
v 85.333 2.256 -17.700 0.78 0.76 0.71
v 85.333 1.636 -17.770 0.78 0.76 0.71
v 85.333 1.386 -17.880 0.78 0.76 0.71
v 90.556 0.900 -17.880 0.78 0.76 0.71
v 90.556 0.900 -17.320 0.78 0.76 0.71
v 90.556 0.980 -17.320 0.78 0.76 0.71
v 90.556 1.230 -17.430 0.78 0.76 0.71
v 90.556 1.850 -17.500 0.78 0.76 0.71
v 90.556 1.850 -17.700 0.78 0.76 0.71
v 90.556 1.230 -17.770 0.78 0.76 0.71
v 90.556 0.980 -17.880 0.78 0.76 0.71
v 95.778 0.641 -17.880 0.78 0.76 0.71
v 95.778 0.641 -17.320 0.78 0.76 0.71
v 95.778 0.721 -17.320 0.78 0.76 0.71
v 95.778 0.971 -17.430 0.78 0.76 0.71
v 95.778 1.591 -17.500 0.78 0.76 0.71
v 95.778 1.591 -17.700 0.78 0.76 0.71
v 95.778 0.971 -17.770 0.78 0.76 0.71
v 95.778 0.721 -17.880 0.78 0.76 0.71
v 101.000 0.550 -17.880 0.78 0.76 0.71
v 101.000 0.550 -17.320 0.78 0.76 0.71
v 101.000 0.630 -17.320 0.78 0.76 0.71
v 101.000 0.880 -17.430 0.78 0.76 0.71
v 101.000 1.500 -17.500 0.78 0.76 0.71
v 101.000 1.500 -17.700 0.78 0.76 0.71
v 101.000 0.880 -17.770 0.78 0.76 0.71
v 101.000 0.630 -17.880 0.78 0.76 0.71
v 25.989 0.000 -14.299 0.66 0.64 0.6
v 29.789 0.000 -14.299 0.66 0.64 0.6
v 29.789 0.000 -10.499 0.66 0.64 0.6
v 25.989 0.000 -10.499 0.66 0.64 0.6
v 25.989 0.450 -14.299 0.66 0.64 0.6
v 29.789 0.450 -14.299 0.66 0.64 0.6
v 29.789 0.450 -10.499 0.66 0.64 0.6
v 25.989 0.450 -10.499 0.66 0.64 0.6
v 29.039 0.450 -12.399 0.78 0.76 0.71
v 28.464 0.450 -11.403 0.78 0.76 0.71
v 27.314 0.450 -11.403 0.78 0.76 0.71
v 26.739 0.450 -12.399 0.78 0.76 0.71
v 27.314 0.450 -13.395 0.78 0.76 0.71
v 28.464 0.450 -13.395 0.78 0.76 0.71
v 28.789 8.058 -12.399 0.78 0.76 0.71
v 28.339 8.058 -11.620 0.78 0.76 0.71
v 27.439 8.058 -11.620 0.78 0.76 0.71
v 26.989 8.058 -12.399 0.78 0.76 0.71
v 27.439 8.058 -13.179 0.78 0.76 0.71
v 28.339 8.058 -13.179 0.78 0.76 0.71
v 46.878 0.000 -19.047 0.66 0.64 0.6
v 50.678 0.000 -19.047 0.66 0.64 0.6
v 50.678 0.000 -15.247 0.66 0.64 0.6
v 46.878 0.000 -15.247 0.66 0.64 0.6
v 46.878 0.450 -19.047 0.66 0.64 0.6
v 50.678 0.450 -19.047 0.66 0.64 0.6
v 50.678 0.450 -15.247 0.66 0.64 0.6
v 46.878 0.450 -15.247 0.66 0.64 0.6
v 49.928 0.450 -17.147 0.78 0.76 0.71
v 49.353 0.450 -16.151 0.78 0.76 0.71
v 48.203 0.450 -16.151 0.78 0.76 0.71
v 47.628 0.450 -17.147 0.78 0.76 0.71
v 48.203 0.450 -18.143 0.78 0.76 0.71
v 49.353 0.450 -18.143 0.78 0.76 0.71
v 49.678 5.331 -17.147 0.78 0.76 0.71
v 49.228 5.331 -16.367 0.78 0.76 0.71
v 48.328 5.331 -16.367 0.78 0.76 0.71
v 47.878 5.331 -17.147 0.78 0.76 0.71
v 48.328 5.331 -17.926 0.78 0.76 0.71
v 49.228 5.331 -17.926 0.78 0.76 0.71
v -7.001 10.000 -7.500 0.78 0.76 0.71
v -6.999 10.000 -13.900 0.78 0.76 0.71
v -6.999 9.650 -13.900 0.78 0.76 0.71
v -6.999 9.050 -13.000 0.78 0.76 0.71
v -7.001 9.050 -8.400 0.78 0.76 0.71
v -7.001 9.650 -7.500 0.78 0.76 0.71
v -12.297 9.993 -7.503 0.78 0.76 0.71
v -12.148 9.993 -13.901 0.78 0.76 0.71
v -12.148 9.643 -13.901 0.78 0.76 0.71
v -12.169 9.043 -13.002 0.78 0.76 0.71
v -12.276 9.043 -8.403 0.78 0.76 0.71
v -12.297 9.643 -7.503 0.78 0.76 0.71
v -17.698 9.852 -7.754 0.78 0.76 0.71
v -17.190 9.852 -14.133 0.78 0.76 0.71
v -17.190 9.502 -14.133 0.78 0.76 0.71
v -17.262 8.902 -13.236 0.78 0.76 0.71
v -17.627 8.902 -8.651 0.78 0.76 0.71
v -17.698 9.502 -7.754 0.78 0.76 0.71
v -23.108 9.550 -8.364 0.78 0.76 0.71
v -22.225 9.550 -14.703 0.78 0.76 0.71
v -22.225 9.200 -14.703 0.78 0.76 0.71
v -22.349 8.600 -13.812 0.78 0.76 0.71
v -22.984 8.600 -9.256 0.78 0.76 0.71
v -23.108 9.200 -8.364 0.78 0.76 0.71
v -28.471 9.108 -9.253 0.78 0.76 0.71
v -27.307 9.108 -15.546 0.78 0.76 0.71
v -27.307 8.758 -15.546 0.78 0.76 0.71
v -27.470 8.158 -14.661 0.78 0.76 0.71
v -28.307 8.158 -10.138 0.78 0.76 0.71
v -28.471 8.758 -9.253 0.78 0.76 0.71
v -33.789 8.548 -10.339 0.78 0.76 0.71
v -32.433 8.548 -16.594 0.78 0.76 0.71
v -32.433 8.198 -16.594 0.78 0.76 0.71
v -32.624 7.598 -15.715 0.78 0.76 0.71
v -33.598 7.598 -11.219 0.78 0.76 0.71
v -33.789 8.198 -10.339 0.78 0.76 0.71
v -39.063 7.892 -11.547 0.78 0.76 0.71
v -37.603 7.892 -17.778 0.78 0.76 0.71
v -37.603 7.542 -17.778 0.78 0.76 0.71
v -37.809 6.942 -16.902 0.78 0.76 0.71
v -38.858 6.942 -12.423 0.78 0.76 0.71
v -39.063 7.542 -11.547 0.78 0.76 0.71
v -44.296 7.163 -12.801 0.78 0.76 0.71
v -42.815 7.163 -19.027 0.78 0.76 0.71
v -42.815 6.813 -19.027 0.78 0.76 0.71
v -43.023 6.213 -18.152 0.78 0.76 0.71
v -44.088 6.213 -13.676 0.78 0.76 0.71
v -44.296 6.813 -12.801 0.78 0.76 0.71
v -49.487 6.381 -14.026 0.78 0.76 0.71
v -48.069 6.381 -20.267 0.78 0.76 0.71
v -48.069 6.031 -20.267 0.78 0.76 0.71
v -48.268 5.431 -19.389 0.78 0.76 0.71
v -49.287 5.431 -14.904 0.78 0.76 0.71
v -49.487 6.031 -14.026 0.78 0.76 0.71
v -54.636 5.570 -15.151 0.78 0.76 0.71
v -53.364 5.570 -21.424 0.78 0.76 0.71
v -53.364 5.220 -21.424 0.78 0.76 0.71
v -53.543 4.620 -20.542 0.78 0.76 0.71
v -54.457 4.620 -16.033 0.78 0.76 0.71
v -54.636 5.220 -15.151 0.78 0.76 0.71
v -59.740 4.751 -16.105 0.78 0.76 0.71
v -58.704 4.751 -22.421 0.78 0.76 0.71
v -58.704 4.401 -22.421 0.78 0.76 0.71
v -58.850 3.801 -21.533 0.78 0.76 0.71
v -59.594 3.801 -16.994 0.78 0.76 0.71
v -59.740 4.401 -16.105 0.78 0.76 0.71
v -64.798 3.946 -16.820 0.78 0.76 0.71
v -64.091 3.946 -23.181 0.78 0.76 0.71
v -64.091 3.596 -23.181 0.78 0.76 0.71
v -64.190 2.996 -22.286 0.78 0.76 0.71
v -64.699 2.996 -17.714 0.78 0.76 0.71
v -64.798 3.596 -16.820 0.78 0.76 0.71
v -69.820 3.177 -17.229 0.78 0.76 0.71
v -69.514 3.177 -23.622 0.78 0.76 0.71
v -69.514 2.827 -23.622 0.78 0.76 0.71
v -69.557 2.227 -22.723 0.78 0.76 0.71
v -69.777 2.227 -18.128 0.78 0.76 0.71
v -69.820 2.827 -17.229 0.78 0.76 0.71
v -74.912 2.466 -17.300 0.78 0.76 0.71
v -74.866 2.466 -23.700 0.78 0.76 0.71
v -74.866 2.116 -23.700 0.78 0.76 0.71
v -74.872 1.516 -22.800 0.78 0.76 0.71
v -74.905 1.516 -18.200 0.78 0.76 0.71
v -74.912 2.116 -17.300 0.78 0.76 0.71
v -80.111 1.835 -17.300 0.78 0.76 0.71
v -80.111 1.835 -23.700 0.78 0.76 0.71
v -80.111 1.485 -23.700 0.78 0.76 0.71
v -80.111 0.885 -22.800 0.78 0.76 0.71
v -80.111 0.885 -18.200 0.78 0.76 0.71
v -80.111 1.485 -17.300 0.78 0.76 0.71
v -85.333 1.306 -17.300 0.78 0.76 0.71
v -85.333 1.306 -23.700 0.78 0.76 0.71
v -85.333 0.956 -23.700 0.78 0.76 0.71
v -85.333 0.356 -22.800 0.78 0.76 0.71
v -85.333 0.356 -18.200 0.78 0.76 0.71
v -85.333 0.956 -17.300 0.78 0.76 0.71
v -90.556 0.900 -17.300 0.78 0.76 0.71
v -90.556 0.900 -23.700 0.78 0.76 0.71
v -90.556 0.550 -23.700 0.78 0.76 0.71
v -90.556 -0.050 -22.800 0.78 0.76 0.71
v -90.556 -0.050 -18.200 0.78 0.76 0.71
v -90.556 0.550 -17.300 0.78 0.76 0.71
v -95.778 0.641 -17.300 0.78 0.76 0.71
v -95.778 0.641 -23.700 0.78 0.76 0.71
v -95.778 0.291 -23.700 0.78 0.76 0.71
v -95.778 -0.309 -22.800 0.78 0.76 0.71
v -95.778 -0.309 -18.200 0.78 0.76 0.71
v -95.778 0.291 -17.300 0.78 0.76 0.71
v -101.000 0.550 -17.300 0.78 0.76 0.71
v -101.000 0.550 -23.700 0.78 0.76 0.71
v -101.000 0.200 -23.700 0.78 0.76 0.71
v -101.000 -0.400 -22.800 0.78 0.76 0.71
v -101.000 -0.400 -18.200 0.78 0.76 0.71
v -101.000 0.200 -17.300 0.78 0.76 0.71
v -7.001 10.000 -7.520 0.78 0.76 0.71
v -7.001 10.000 -8.080 0.78 0.76 0.71
v -7.001 10.080 -8.080 0.78 0.76 0.71
v -7.001 10.330 -7.970 0.78 0.76 0.71
v -7.001 10.950 -7.900 0.78 0.76 0.71
v -7.001 10.950 -7.700 0.78 0.76 0.71
v -7.001 10.330 -7.630 0.78 0.76 0.71
v -7.001 10.080 -7.520 0.78 0.76 0.71
v -12.296 9.993 -7.523 0.78 0.76 0.71
v -12.283 9.993 -8.083 0.78 0.76 0.71
v -12.283 10.073 -8.083 0.78 0.76 0.71
v -12.286 10.323 -7.973 0.78 0.76 0.71
v -12.288 10.943 -7.903 0.78 0.76 0.71
v -12.292 10.943 -7.703 0.78 0.76 0.71
v -12.294 10.323 -7.633 0.78 0.76 0.71
v -12.296 10.073 -7.523 0.78 0.76 0.71
v -17.697 9.852 -7.774 0.78 0.76 0.71
v -17.652 9.852 -8.332 0.78 0.76 0.71
v -17.652 9.932 -8.332 0.78 0.76 0.71
v -17.661 10.182 -8.222 0.78 0.76 0.71
v -17.667 10.802 -8.152 0.78 0.76 0.71
v -17.683 10.802 -7.953 0.78 0.76 0.71
v -17.688 10.182 -7.883 0.78 0.76 0.71
v -17.697 9.932 -7.774 0.78 0.76 0.71
v -23.106 9.550 -8.384 0.78 0.76 0.71
v -23.028 9.550 -8.939 0.78 0.76 0.71
v -23.028 9.630 -8.939 0.78 0.76 0.71
v -23.044 9.880 -8.830 0.78 0.76 0.71
v -23.053 10.500 -8.761 0.78 0.76 0.71
v -23.081 10.500 -8.563 0.78 0.76 0.71
v -23.090 9.880 -8.493 0.78 0.76 0.71
v -23.106 9.630 -8.384 0.78 0.76 0.71
v -28.468 9.108 -9.272 0.78 0.76 0.71
v -28.366 9.108 -9.823 0.78 0.76 0.71
v -28.366 9.188 -9.823 0.78 0.76 0.71
v -28.386 9.438 -9.715 0.78 0.76 0.71
v -28.398 10.058 -9.646 0.78 0.76 0.71
v -28.435 10.058 -9.449 0.78 0.76 0.71
v -28.448 9.438 -9.381 0.78 0.76 0.71
v -28.468 9.188 -9.272 0.78 0.76 0.71
v -33.785 8.548 -10.359 0.78 0.76 0.71
v -33.666 8.548 -10.906 0.78 0.76 0.71
v -33.666 8.628 -10.906 0.78 0.76 0.71
v -33.689 8.878 -10.799 0.78 0.76 0.71
v -33.704 9.498 -10.730 0.78 0.76 0.71
v -33.747 9.498 -10.535 0.78 0.76 0.71
v -33.761 8.878 -10.467 0.78 0.76 0.71
v -33.785 8.628 -10.359 0.78 0.76 0.71
v -39.059 7.892 -11.567 0.78 0.76 0.71
v -38.931 7.892 -12.112 0.78 0.76 0.71
v -38.931 7.972 -12.112 0.78 0.76 0.71
v -38.956 8.222 -12.005 0.78 0.76 0.71
v -38.972 8.842 -11.937 0.78 0.76 0.71
v -39.018 8.842 -11.742 0.78 0.76 0.71
v -39.034 8.222 -11.674 0.78 0.76 0.71
v -39.059 7.972 -11.567 0.78 0.76 0.71
v -44.291 7.163 -12.820 0.78 0.76 0.71
v -44.162 7.163 -13.365 0.78 0.76 0.71
v -44.162 7.243 -13.365 0.78 0.76 0.71
v -44.187 7.493 -13.258 0.78 0.76 0.71
v -44.203 8.113 -13.190 0.78 0.76 0.71
v -44.250 8.113 -12.995 0.78 0.76 0.71
v -44.266 7.493 -12.927 0.78 0.76 0.71
v -44.291 7.243 -12.820 0.78 0.76 0.71
v -49.482 6.381 -14.046 0.78 0.76 0.71
v -49.358 6.381 -14.592 0.78 0.76 0.71
v -49.358 6.461 -14.592 0.78 0.76 0.71
v -49.383 6.711 -14.484 0.78 0.76 0.71
v -49.398 7.331 -14.416 0.78 0.76 0.71
v -49.443 7.331 -14.221 0.78 0.76 0.71
v -49.458 6.711 -14.153 0.78 0.76 0.71
v -49.482 6.461 -14.046 0.78 0.76 0.71
v -54.632 5.570 -15.171 0.78 0.76 0.71
v -54.520 5.570 -15.720 0.78 0.76 0.71
v -54.520 5.650 -15.720 0.78 0.76 0.71
v -54.542 5.900 -15.612 0.78 0.76 0.71
v -54.556 6.520 -15.543 0.78 0.76 0.71
v -54.596 6.520 -15.347 0.78 0.76 0.71
v -54.610 5.900 -15.279 0.78 0.76 0.71
v -54.632 5.650 -15.171 0.78 0.76 0.71
v -59.737 4.751 -16.125 0.78 0.76 0.71
v -59.646 4.751 -16.678 0.78 0.76 0.71
v -59.646 4.831 -16.678 0.78 0.76 0.71
v -59.664 5.081 -16.569 0.78 0.76 0.71
v -59.675 5.701 -16.500 0.78 0.76 0.71
v -59.708 5.701 -16.303 0.78 0.76 0.71
v -59.719 5.081 -16.234 0.78 0.76 0.71
v -59.737 4.831 -16.125 0.78 0.76 0.71
v -64.796 3.946 -16.840 0.78 0.76 0.71
v -64.734 3.946 -17.396 0.78 0.76 0.71
v -64.734 4.026 -17.396 0.78 0.76 0.71
v -64.746 4.276 -17.287 0.78 0.76 0.71
v -64.754 4.896 -17.217 0.78 0.76 0.71
v -64.776 4.896 -17.019 0.78 0.76 0.71
v -64.784 4.276 -16.949 0.78 0.76 0.71
v -64.796 4.026 -16.840 0.78 0.76 0.71
v -69.819 3.177 -17.249 0.78 0.76 0.71
v -69.792 3.177 -17.808 0.78 0.76 0.71
v -69.792 3.257 -17.808 0.78 0.76 0.71
v -69.797 3.507 -17.698 0.78 0.76 0.71
v -69.800 4.127 -17.629 0.78 0.76 0.71
v -69.810 4.127 -17.429 0.78 0.76 0.71
v -69.813 3.507 -17.359 0.78 0.76 0.71
v -69.819 3.257 -17.249 0.78 0.76 0.71
v -74.912 2.466 -17.320 0.78 0.76 0.71
v -74.908 2.466 -17.880 0.78 0.76 0.71
v -74.908 2.546 -17.880 0.78 0.76 0.71
v -74.908 2.796 -17.770 0.78 0.76 0.71
v -74.909 3.416 -17.700 0.78 0.76 0.71
v -74.910 3.416 -17.500 0.78 0.76 0.71
v -74.911 2.796 -17.430 0.78 0.76 0.71
v -74.912 2.546 -17.320 0.78 0.76 0.71
v -80.111 1.835 -17.320 0.78 0.76 0.71
v -80.111 1.835 -17.880 0.78 0.76 0.71
v -80.111 1.915 -17.880 0.78 0.76 0.71
v -80.111 2.165 -17.770 0.78 0.76 0.71
v -80.111 2.785 -17.700 0.78 0.76 0.71
v -80.111 2.785 -17.500 0.78 0.76 0.71
v -80.111 2.165 -17.430 0.78 0.76 0.71
v -80.111 1.915 -17.320 0.78 0.76 0.71
v -85.333 1.306 -17.320 0.78 0.76 0.71
v -85.333 1.306 -17.880 0.78 0.76 0.71
v -85.333 1.386 -17.880 0.78 0.76 0.71
v -85.333 1.636 -17.770 0.78 0.76 0.71
v -85.333 2.256 -17.700 0.78 0.76 0.71
v -85.333 2.256 -17.500 0.78 0.76 0.71
v -85.333 1.636 -17.430 0.78 0.76 0.71
v -85.333 1.386 -17.320 0.78 0.76 0.71
v -90.556 0.900 -17.320 0.78 0.76 0.71
v -90.556 0.900 -17.880 0.78 0.76 0.71
v -90.556 0.980 -17.880 0.78 0.76 0.71
v -90.556 1.230 -17.770 0.78 0.76 0.71
v -90.556 1.850 -17.700 0.78 0.76 0.71
v -90.556 1.850 -17.500 0.78 0.76 0.71
v -90.556 1.230 -17.430 0.78 0.76 0.71
v -90.556 0.980 -17.320 0.78 0.76 0.71
v -95.778 0.641 -17.320 0.78 0.76 0.71
v -95.778 0.641 -17.880 0.78 0.76 0.71
v -95.778 0.721 -17.880 0.78 0.76 0.71
v -95.778 0.971 -17.770 0.78 0.76 0.71
v -95.778 1.591 -17.700 0.78 0.76 0.71
v -95.778 1.591 -17.500 0.78 0.76 0.71
v -95.778 0.971 -17.430 0.78 0.76 0.71
v -95.778 0.721 -17.320 0.78 0.76 0.71
v -101.000 0.550 -17.320 0.78 0.76 0.71
v -101.000 0.550 -17.880 0.78 0.76 0.71
v -101.000 0.630 -17.880 0.78 0.76 0.71
v -101.000 0.880 -17.770 0.78 0.76 0.71
v -101.000 1.500 -17.700 0.78 0.76 0.71
v -101.000 1.500 -17.500 0.78 0.76 0.71
v -101.000 0.880 -17.430 0.78 0.76 0.71
v -101.000 0.630 -17.320 0.78 0.76 0.71
v -6.999 10.000 -13.320 0.78 0.76 0.71
v -6.999 10.000 -13.880 0.78 0.76 0.71
v -6.999 10.080 -13.880 0.78 0.76 0.71
v -6.999 10.330 -13.770 0.78 0.76 0.71
v -6.999 10.950 -13.700 0.78 0.76 0.71
v -6.999 10.950 -13.500 0.78 0.76 0.71
v -6.999 10.330 -13.430 0.78 0.76 0.71
v -6.999 10.080 -13.320 0.78 0.76 0.71
v -12.161 9.993 -13.321 0.78 0.76 0.71
v -12.148 9.993 -13.881 0.78 0.76 0.71
v -12.148 10.073 -13.881 0.78 0.76 0.71
v -12.151 10.323 -13.771 0.78 0.76 0.71
v -12.152 10.943 -13.701 0.78 0.76 0.71
v -12.157 10.943 -13.501 0.78 0.76 0.71
v -12.159 10.323 -13.431 0.78 0.76 0.71
v -12.161 10.073 -13.321 0.78 0.76 0.71
v -17.236 9.852 -13.555 0.78 0.76 0.71
v -17.192 9.852 -14.114 0.78 0.76 0.71
v -17.192 9.932 -14.114 0.78 0.76 0.71
v -17.201 10.182 -14.004 0.78 0.76 0.71
v -17.206 10.802 -13.934 0.78 0.76 0.71
v -17.222 10.802 -13.735 0.78 0.76 0.71
v -17.228 10.182 -13.665 0.78 0.76 0.71
v -17.236 9.932 -13.555 0.78 0.76 0.71
v -22.305 9.550 -14.129 0.78 0.76 0.71
v -22.228 9.550 -14.683 0.78 0.76 0.71
v -22.228 9.630 -14.683 0.78 0.76 0.71
v -22.243 9.880 -14.574 0.78 0.76 0.71
v -22.253 10.500 -14.505 0.78 0.76 0.71
v -22.280 10.500 -14.307 0.78 0.76 0.71
v -22.290 9.880 -14.238 0.78 0.76 0.71
v -22.305 9.630 -14.129 0.78 0.76 0.71
v -27.412 9.108 -14.976 0.78 0.76 0.71
v -27.310 9.108 -15.526 0.78 0.76 0.71
v -27.310 9.188 -15.526 0.78 0.76 0.71
v -27.330 9.438 -15.418 0.78 0.76 0.71
v -27.343 10.058 -15.349 0.78 0.76 0.71
v -27.379 10.058 -15.153 0.78 0.76 0.71
v -27.392 9.438 -15.084 0.78 0.76 0.71
v -27.412 9.188 -14.976 0.78 0.76 0.71
v -32.556 8.548 -16.027 0.78 0.76 0.71
v -32.438 8.548 -16.575 0.78 0.76 0.71
v -32.438 8.628 -16.575 0.78 0.76 0.71
v -32.461 8.878 -16.467 0.78 0.76 0.71
v -32.476 9.498 -16.399 0.78 0.76 0.71
v -32.518 9.498 -16.203 0.78 0.76 0.71
v -32.533 8.878 -16.135 0.78 0.76 0.71
v -32.556 8.628 -16.027 0.78 0.76 0.71
v -37.736 7.892 -17.214 0.78 0.76 0.71
v -37.608 7.892 -17.759 0.78 0.76 0.71
v -37.608 7.972 -17.759 0.78 0.76 0.71
v -37.633 8.222 -17.652 0.78 0.76 0.71
v -37.649 8.842 -17.584 0.78 0.76 0.71
v -37.695 8.842 -17.389 0.78 0.76 0.71
v -37.711 8.222 -17.321 0.78 0.76 0.71
v -37.736 7.972 -17.214 0.78 0.76 0.71
v -42.949 7.163 -18.463 0.78 0.76 0.71
v -42.820 7.163 -19.008 0.78 0.76 0.71
v -42.820 7.243 -19.008 0.78 0.76 0.71
v -42.845 7.493 -18.901 0.78 0.76 0.71
v -42.861 8.113 -18.833 0.78 0.76 0.71
v -42.908 8.113 -18.638 0.78 0.76 0.71
v -42.924 7.493 -18.570 0.78 0.76 0.71
v -42.949 7.243 -18.463 0.78 0.76 0.71
v -48.197 6.381 -19.701 0.78 0.76 0.71
v -48.073 6.381 -20.248 0.78 0.76 0.71
v -48.073 6.461 -20.248 0.78 0.76 0.71
v -48.097 6.711 -20.140 0.78 0.76 0.71
v -48.113 7.331 -20.072 0.78 0.76 0.71
v -48.157 7.331 -19.877 0.78 0.76 0.71
v -48.173 6.711 -19.809 0.78 0.76 0.71
v -48.197 6.461 -19.701 0.78 0.76 0.71
v -53.480 5.570 -20.855 0.78 0.76 0.71
v -53.368 5.570 -21.404 0.78 0.76 0.71
v -53.368 5.650 -21.404 0.78 0.76 0.71
v -53.390 5.900 -21.296 0.78 0.76 0.71
v -53.404 6.520 -21.228 0.78 0.76 0.71
v -53.444 6.520 -21.032 0.78 0.76 0.71
v -53.458 5.900 -20.963 0.78 0.76 0.71
v -53.480 5.650 -20.855 0.78 0.76 0.71
v -58.798 4.751 -21.849 0.78 0.76 0.71
v -58.708 4.751 -22.401 0.78 0.76 0.71
v -58.708 4.831 -22.401 0.78 0.76 0.71
v -58.725 5.081 -22.293 0.78 0.76 0.71
v -58.737 5.701 -22.224 0.78 0.76 0.71
v -58.769 5.701 -22.026 0.78 0.76 0.71
v -58.780 5.081 -21.957 0.78 0.76 0.71
v -58.798 4.831 -21.849 0.78 0.76 0.71
v -64.155 3.946 -22.604 0.78 0.76 0.71
v -64.093 3.946 -23.161 0.78 0.76 0.71
v -64.093 4.026 -23.161 0.78 0.76 0.71
v -64.105 4.276 -23.051 0.78 0.76 0.71
v -64.113 4.896 -22.982 0.78 0.76 0.71
v -64.135 4.896 -22.783 0.78 0.76 0.71
v -64.143 4.276 -22.714 0.78 0.76 0.71
v -64.155 4.026 -22.604 0.78 0.76 0.71
v -69.541 3.177 -23.042 0.78 0.76 0.71
v -69.515 3.177 -23.602 0.78 0.76 0.71
v -69.515 3.257 -23.602 0.78 0.76 0.71
v -69.520 3.507 -23.492 0.78 0.76 0.71
v -69.523 4.127 -23.422 0.78 0.76 0.71
v -69.533 4.127 -23.222 0.78 0.76 0.71
v -69.536 3.507 -23.152 0.78 0.76 0.71
v -69.541 3.257 -23.042 0.78 0.76 0.71
v -74.870 2.466 -23.120 0.78 0.76 0.71
v -74.866 2.466 -23.680 0.78 0.76 0.71
v -74.866 2.546 -23.680 0.78 0.76 0.71
v -74.867 2.796 -23.570 0.78 0.76 0.71
v -74.867 3.416 -23.500 0.78 0.76 0.71
v -74.869 3.416 -23.300 0.78 0.76 0.71
v -74.869 2.796 -23.230 0.78 0.76 0.71
v -74.870 2.546 -23.120 0.78 0.76 0.71
v -80.111 1.835 -23.120 0.78 0.76 0.71
v -80.111 1.835 -23.680 0.78 0.76 0.71
v -80.111 1.915 -23.680 0.78 0.76 0.71
v -80.111 2.165 -23.570 0.78 0.76 0.71
v -80.111 2.785 -23.500 0.78 0.76 0.71
v -80.111 2.785 -23.300 0.78 0.76 0.71
v -80.111 2.165 -23.230 0.78 0.76 0.71
v -80.111 1.915 -23.120 0.78 0.76 0.71
v -85.333 1.306 -23.120 0.78 0.76 0.71
v -85.333 1.306 -23.680 0.78 0.76 0.71
v -85.333 1.386 -23.680 0.78 0.76 0.71
v -85.333 1.636 -23.570 0.78 0.76 0.71
v -85.333 2.256 -23.500 0.78 0.76 0.71
v -85.333 2.256 -23.300 0.78 0.76 0.71
v -85.333 1.636 -23.230 0.78 0.76 0.71
v -85.333 1.386 -23.120 0.78 0.76 0.71
v -90.556 0.900 -23.120 0.78 0.76 0.71
v -90.556 0.900 -23.680 0.78 0.76 0.71
v -90.556 0.980 -23.680 0.78 0.76 0.71
v -90.556 1.230 -23.570 0.78 0.76 0.71
v -90.556 1.850 -23.500 0.78 0.76 0.71
v -90.556 1.850 -23.300 0.78 0.76 0.71
v -90.556 1.230 -23.230 0.78 0.76 0.71
v -90.556 0.980 -23.120 0.78 0.76 0.71
v -95.778 0.641 -23.120 0.78 0.76 0.71
v -95.778 0.641 -23.680 0.78 0.76 0.71
v -95.778 0.721 -23.680 0.78 0.76 0.71
v -95.778 0.971 -23.570 0.78 0.76 0.71
v -95.778 1.591 -23.500 0.78 0.76 0.71
v -95.778 1.591 -23.300 0.78 0.76 0.71
v -95.778 0.971 -23.230 0.78 0.76 0.71
v -95.778 0.721 -23.120 0.78 0.76 0.71
v -101.000 0.550 -23.120 0.78 0.76 0.71
v -101.000 0.550 -23.680 0.78 0.76 0.71
v -101.000 0.630 -23.680 0.78 0.76 0.71
v -101.000 0.880 -23.570 0.78 0.76 0.71
v -101.000 1.500 -23.500 0.78 0.76 0.71
v -101.000 1.500 -23.300 0.78 0.76 0.71
v -101.000 0.880 -23.230 0.78 0.76 0.71
v -101.000 0.630 -23.120 0.78 0.76 0.71
v -29.789 0.000 -14.299 0.66 0.64 0.6
v -25.989 0.000 -14.299 0.66 0.64 0.6
v -25.989 0.000 -10.499 0.66 0.64 0.6
v -29.789 0.000 -10.499 0.66 0.64 0.6
v -29.789 0.450 -14.299 0.66 0.64 0.6
v -25.989 0.450 -14.299 0.66 0.64 0.6
v -25.989 0.450 -10.499 0.66 0.64 0.6
v -29.789 0.450 -10.499 0.66 0.64 0.6
v -26.739 0.450 -12.399 0.78 0.76 0.71
v -27.314 0.450 -11.403 0.78 0.76 0.71
v -28.464 0.450 -11.403 0.78 0.76 0.71
v -29.039 0.450 -12.399 0.78 0.76 0.71
v -28.464 0.450 -13.395 0.78 0.76 0.71
v -27.314 0.450 -13.395 0.78 0.76 0.71
v -26.989 8.058 -12.399 0.78 0.76 0.71
v -27.439 8.058 -11.620 0.78 0.76 0.71
v -28.339 8.058 -11.620 0.78 0.76 0.71
v -28.789 8.058 -12.399 0.78 0.76 0.71
v -28.339 8.058 -13.179 0.78 0.76 0.71
v -27.439 8.058 -13.179 0.78 0.76 0.71
v -50.678 0.000 -19.047 0.66 0.64 0.6
v -46.878 0.000 -19.047 0.66 0.64 0.6
v -46.878 0.000 -15.247 0.66 0.64 0.6
v -50.678 0.000 -15.247 0.66 0.64 0.6
v -50.678 0.450 -19.047 0.66 0.64 0.6
v -46.878 0.450 -19.047 0.66 0.64 0.6
v -46.878 0.450 -15.247 0.66 0.64 0.6
v -50.678 0.450 -15.247 0.66 0.64 0.6
v -47.628 0.450 -17.147 0.78 0.76 0.71
v -48.203 0.450 -16.151 0.78 0.76 0.71
v -49.353 0.450 -16.151 0.78 0.76 0.71
v -49.928 0.450 -17.147 0.78 0.76 0.71
v -49.353 0.450 -18.143 0.78 0.76 0.71
v -48.203 0.450 -18.143 0.78 0.76 0.71
v -47.878 5.331 -17.147 0.78 0.76 0.71
v -48.328 5.331 -16.367 0.78 0.76 0.71
v -49.228 5.331 -16.367 0.78 0.76 0.71
v -49.678 5.331 -17.147 0.78 0.76 0.71
v -49.228 5.331 -17.926 0.78 0.76 0.71
v -48.328 5.331 -17.926 0.78 0.76 0.71
v -103.000 10.000 -7.480 0.78 0.76 0.71
v -103.000 10.000 -6.920 0.78 0.76 0.71
v -103.000 10.080 -6.920 0.78 0.76 0.71
v -103.000 10.330 -7.030 0.78 0.76 0.71
v -103.000 11.050 -7.100 0.78 0.76 0.71
v -103.000 11.050 -7.300 0.78 0.76 0.71
v -103.000 10.330 -7.370 0.78 0.76 0.71
v -103.000 10.080 -7.480 0.78 0.76 0.71
v -83.700 10.000 -7.480 0.78 0.76 0.71
v -83.700 10.000 -6.920 0.78 0.76 0.71
v -83.700 10.080 -6.920 0.78 0.76 0.71
v -83.700 10.330 -7.030 0.78 0.76 0.71
v -83.700 11.050 -7.100 0.78 0.76 0.71
v -83.700 11.050 -7.300 0.78 0.76 0.71
v -83.700 10.330 -7.370 0.78 0.76 0.71
v -83.700 10.080 -7.480 0.78 0.76 0.71
v -64.400 10.000 -7.480 0.78 0.76 0.71
v -64.400 10.000 -6.920 0.78 0.76 0.71
v -64.400 10.080 -6.920 0.78 0.76 0.71
v -64.400 10.330 -7.030 0.78 0.76 0.71
v -64.400 11.050 -7.100 0.78 0.76 0.71
v -64.400 11.050 -7.300 0.78 0.76 0.71
v -64.400 10.330 -7.370 0.78 0.76 0.71
v -64.400 10.080 -7.480 0.78 0.76 0.71
v -45.100 10.000 -7.480 0.78 0.76 0.71
v -45.100 10.000 -6.920 0.78 0.76 0.71
v -45.100 10.080 -6.920 0.78 0.76 0.71
v -45.100 10.330 -7.030 0.78 0.76 0.71
v -45.100 11.050 -7.100 0.78 0.76 0.71
v -45.100 11.050 -7.300 0.78 0.76 0.71
v -45.100 10.330 -7.370 0.78 0.76 0.71
v -45.100 10.080 -7.480 0.78 0.76 0.71
v -25.800 10.000 -7.480 0.78 0.76 0.71
v -25.800 10.000 -6.920 0.78 0.76 0.71
v -25.800 10.080 -6.920 0.78 0.76 0.71
v -25.800 10.330 -7.030 0.78 0.76 0.71
v -25.800 11.050 -7.100 0.78 0.76 0.71
v -25.800 11.050 -7.300 0.78 0.76 0.71
v -25.800 10.330 -7.370 0.78 0.76 0.71
v -25.800 10.080 -7.480 0.78 0.76 0.71
v -7.000 10.000 -7.480 0.78 0.76 0.71
v -7.000 10.000 -6.920 0.78 0.76 0.71
v -7.000 10.080 -6.920 0.78 0.76 0.71
v -7.000 10.330 -7.030 0.78 0.76 0.71
v -7.000 11.050 -7.100 0.78 0.76 0.71
v -7.000 11.050 -7.300 0.78 0.76 0.71
v -7.000 10.330 -7.370 0.78 0.76 0.71
v -7.000 10.080 -7.480 0.78 0.76 0.71
v 7.000 10.000 -7.480 0.78 0.76 0.71
v 7.000 10.000 -6.920 0.78 0.76 0.71
v 7.000 10.080 -6.920 0.78 0.76 0.71
v 7.000 10.330 -7.030 0.78 0.76 0.71
v 7.000 11.050 -7.100 0.78 0.76 0.71
v 7.000 11.050 -7.300 0.78 0.76 0.71
v 7.000 10.330 -7.370 0.78 0.76 0.71
v 7.000 10.080 -7.480 0.78 0.76 0.71
v 25.800 10.000 -7.480 0.78 0.76 0.71
v 25.800 10.000 -6.920 0.78 0.76 0.71
v 25.800 10.080 -6.920 0.78 0.76 0.71
v 25.800 10.330 -7.030 0.78 0.76 0.71
v 25.800 11.050 -7.100 0.78 0.76 0.71
v 25.800 11.050 -7.300 0.78 0.76 0.71
v 25.800 10.330 -7.370 0.78 0.76 0.71
v 25.800 10.080 -7.480 0.78 0.76 0.71
v 45.100 10.000 -7.480 0.78 0.76 0.71
v 45.100 10.000 -6.920 0.78 0.76 0.71
v 45.100 10.080 -6.920 0.78 0.76 0.71
v 45.100 10.330 -7.030 0.78 0.76 0.71
v 45.100 11.050 -7.100 0.78 0.76 0.71
v 45.100 11.050 -7.300 0.78 0.76 0.71
v 45.100 10.330 -7.370 0.78 0.76 0.71
v 45.100 10.080 -7.480 0.78 0.76 0.71
v 64.400 10.000 -7.480 0.78 0.76 0.71
v 64.400 10.000 -6.920 0.78 0.76 0.71
v 64.400 10.080 -6.920 0.78 0.76 0.71
v 64.400 10.330 -7.030 0.78 0.76 0.71
v 64.400 11.050 -7.100 0.78 0.76 0.71
v 64.400 11.050 -7.300 0.78 0.76 0.71
v 64.400 10.330 -7.370 0.78 0.76 0.71
v 64.400 10.080 -7.480 0.78 0.76 0.71
v 83.700 10.000 -7.480 0.78 0.76 0.71
v 83.700 10.000 -6.920 0.78 0.76 0.71
v 83.700 10.080 -6.920 0.78 0.76 0.71
v 83.700 10.330 -7.030 0.78 0.76 0.71
v 83.700 11.050 -7.100 0.78 0.76 0.71
v 83.700 11.050 -7.300 0.78 0.76 0.71
v 83.700 10.330 -7.370 0.78 0.76 0.71
v 83.700 10.080 -7.480 0.78 0.76 0.71
v 103.000 10.000 -7.480 0.78 0.76 0.71
v 103.000 10.000 -6.920 0.78 0.76 0.71
v 103.000 10.080 -6.920 0.78 0.76 0.71
v 103.000 10.330 -7.030 0.78 0.76 0.71
v 103.000 11.050 -7.100 0.78 0.76 0.71
v 103.000 11.050 -7.300 0.78 0.76 0.71
v 103.000 10.330 -7.370 0.78 0.76 0.71
v 103.000 10.080 -7.480 0.78 0.76 0.71
v -103.000 10.000 6.920 0.78 0.76 0.71
v -103.000 10.000 7.480 0.78 0.76 0.71
v -103.000 10.080 7.480 0.78 0.76 0.71
v -103.000 10.330 7.370 0.78 0.76 0.71
v -103.000 11.050 7.300 0.78 0.76 0.71
v -103.000 11.050 7.100 0.78 0.76 0.71
v -103.000 10.330 7.030 0.78 0.76 0.71
v -103.000 10.080 6.920 0.78 0.76 0.71
v -80.111 10.000 6.920 0.78 0.76 0.71
v -80.111 10.000 7.480 0.78 0.76 0.71
v -80.111 10.080 7.480 0.78 0.76 0.71
v -80.111 10.330 7.370 0.78 0.76 0.71
v -80.111 11.050 7.300 0.78 0.76 0.71
v -80.111 11.050 7.100 0.78 0.76 0.71
v -80.111 10.330 7.030 0.78 0.76 0.71
v -80.111 10.080 6.920 0.78 0.76 0.71
v -57.222 10.000 6.920 0.78 0.76 0.71
v -57.222 10.000 7.480 0.78 0.76 0.71
v -57.222 10.080 7.480 0.78 0.76 0.71
v -57.222 10.330 7.370 0.78 0.76 0.71
v -57.222 11.050 7.300 0.78 0.76 0.71
v -57.222 11.050 7.100 0.78 0.76 0.71
v -57.222 10.330 7.030 0.78 0.76 0.71
v -57.222 10.080 6.920 0.78 0.76 0.71
v -34.333 10.000 6.920 0.78 0.76 0.71
v -34.333 10.000 7.480 0.78 0.76 0.71
v -34.333 10.080 7.480 0.78 0.76 0.71
v -34.333 10.330 7.370 0.78 0.76 0.71
v -34.333 11.050 7.300 0.78 0.76 0.71
v -34.333 11.050 7.100 0.78 0.76 0.71
v -34.333 10.330 7.030 0.78 0.76 0.71
v -34.333 10.080 6.920 0.78 0.76 0.71
v -11.444 10.000 6.920 0.78 0.76 0.71
v -11.444 10.000 7.480 0.78 0.76 0.71
v -11.444 10.080 7.480 0.78 0.76 0.71
v -11.444 10.330 7.370 0.78 0.76 0.71
v -11.444 11.050 7.300 0.78 0.76 0.71
v -11.444 11.050 7.100 0.78 0.76 0.71
v -11.444 10.330 7.030 0.78 0.76 0.71
v -11.444 10.080 6.920 0.78 0.76 0.71
v 11.444 10.000 6.920 0.78 0.76 0.71
v 11.444 10.000 7.480 0.78 0.76 0.71
v 11.444 10.080 7.480 0.78 0.76 0.71
v 11.444 10.330 7.370 0.78 0.76 0.71
v 11.444 11.050 7.300 0.78 0.76 0.71
v 11.444 11.050 7.100 0.78 0.76 0.71
v 11.444 10.330 7.030 0.78 0.76 0.71
v 11.444 10.080 6.920 0.78 0.76 0.71
v 34.333 10.000 6.920 0.78 0.76 0.71
v 34.333 10.000 7.480 0.78 0.76 0.71
v 34.333 10.080 7.480 0.78 0.76 0.71
v 34.333 10.330 7.370 0.78 0.76 0.71
v 34.333 11.050 7.300 0.78 0.76 0.71
v 34.333 11.050 7.100 0.78 0.76 0.71
v 34.333 10.330 7.030 0.78 0.76 0.71
v 34.333 10.080 6.920 0.78 0.76 0.71
v 57.222 10.000 6.920 0.78 0.76 0.71
v 57.222 10.000 7.480 0.78 0.76 0.71
v 57.222 10.080 7.480 0.78 0.76 0.71
v 57.222 10.330 7.370 0.78 0.76 0.71
v 57.222 11.050 7.300 0.78 0.76 0.71
v 57.222 11.050 7.100 0.78 0.76 0.71
v 57.222 10.330 7.030 0.78 0.76 0.71
v 57.222 10.080 6.920 0.78 0.76 0.71
v 80.111 10.000 6.920 0.78 0.76 0.71
v 80.111 10.000 7.480 0.78 0.76 0.71
v 80.111 10.080 7.480 0.78 0.76 0.71
v 80.111 10.330 7.370 0.78 0.76 0.71
v 80.111 11.050 7.300 0.78 0.76 0.71
v 80.111 11.050 7.100 0.78 0.76 0.71
v 80.111 10.330 7.030 0.78 0.76 0.71
v 80.111 10.080 6.920 0.78 0.76 0.71
v 103.000 10.000 6.920 0.78 0.76 0.71
v 103.000 10.000 7.480 0.78 0.76 0.71
v 103.000 10.080 7.480 0.78 0.76 0.71
v 103.000 10.330 7.370 0.78 0.76 0.71
v 103.000 11.050 7.300 0.78 0.76 0.71
v 103.000 11.050 7.100 0.78 0.76 0.71
v 103.000 10.330 7.030 0.78 0.76 0.71
v 103.000 10.080 6.920 0.78 0.76 0.71
v -103.000 10.000 -0.280 0.66 0.64 0.6
v -103.000 10.000 0.280 0.66 0.64 0.6
v -103.000 10.080 0.280 0.66 0.64 0.6
v -103.000 10.330 0.170 0.66 0.64 0.6
v -103.000 10.900 0.100 0.66 0.64 0.6
v -103.000 10.900 -0.100 0.66 0.64 0.6
v -103.000 10.330 -0.170 0.66 0.64 0.6
v -103.000 10.080 -0.280 0.66 0.64 0.6
v -80.111 10.000 -0.280 0.66 0.64 0.6
v -80.111 10.000 0.280 0.66 0.64 0.6
v -80.111 10.080 0.280 0.66 0.64 0.6
v -80.111 10.330 0.170 0.66 0.64 0.6
v -80.111 10.900 0.100 0.66 0.64 0.6
v -80.111 10.900 -0.100 0.66 0.64 0.6
v -80.111 10.330 -0.170 0.66 0.64 0.6
v -80.111 10.080 -0.280 0.66 0.64 0.6
v -57.222 10.000 -0.280 0.66 0.64 0.6
v -57.222 10.000 0.280 0.66 0.64 0.6
v -57.222 10.080 0.280 0.66 0.64 0.6
v -57.222 10.330 0.170 0.66 0.64 0.6
v -57.222 10.900 0.100 0.66 0.64 0.6
v -57.222 10.900 -0.100 0.66 0.64 0.6
v -57.222 10.330 -0.170 0.66 0.64 0.6
v -57.222 10.080 -0.280 0.66 0.64 0.6
v -34.333 10.000 -0.280 0.66 0.64 0.6
v -34.333 10.000 0.280 0.66 0.64 0.6
v -34.333 10.080 0.280 0.66 0.64 0.6
v -34.333 10.330 0.170 0.66 0.64 0.6
v -34.333 10.900 0.100 0.66 0.64 0.6
v -34.333 10.900 -0.100 0.66 0.64 0.6
v -34.333 10.330 -0.170 0.66 0.64 0.6
v -34.333 10.080 -0.280 0.66 0.64 0.6
v -11.444 10.000 -0.280 0.66 0.64 0.6
v -11.444 10.000 0.280 0.66 0.64 0.6
v -11.444 10.080 0.280 0.66 0.64 0.6
v -11.444 10.330 0.170 0.66 0.64 0.6
v -11.444 10.900 0.100 0.66 0.64 0.6
v -11.444 10.900 -0.100 0.66 0.64 0.6
v -11.444 10.330 -0.170 0.66 0.64 0.6
v -11.444 10.080 -0.280 0.66 0.64 0.6
v 11.444 10.000 -0.280 0.66 0.64 0.6
v 11.444 10.000 0.280 0.66 0.64 0.6
v 11.444 10.080 0.280 0.66 0.64 0.6
v 11.444 10.330 0.170 0.66 0.64 0.6
v 11.444 10.900 0.100 0.66 0.64 0.6
v 11.444 10.900 -0.100 0.66 0.64 0.6
v 11.444 10.330 -0.170 0.66 0.64 0.6
v 11.444 10.080 -0.280 0.66 0.64 0.6
v 34.333 10.000 -0.280 0.66 0.64 0.6
v 34.333 10.000 0.280 0.66 0.64 0.6
v 34.333 10.080 0.280 0.66 0.64 0.6
v 34.333 10.330 0.170 0.66 0.64 0.6
v 34.333 10.900 0.100 0.66 0.64 0.6
v 34.333 10.900 -0.100 0.66 0.64 0.6
v 34.333 10.330 -0.170 0.66 0.64 0.6
v 34.333 10.080 -0.280 0.66 0.64 0.6
v 57.222 10.000 -0.280 0.66 0.64 0.6
v 57.222 10.000 0.280 0.66 0.64 0.6
v 57.222 10.080 0.280 0.66 0.64 0.6
v 57.222 10.330 0.170 0.66 0.64 0.6
v 57.222 10.900 0.100 0.66 0.64 0.6
v 57.222 10.900 -0.100 0.66 0.64 0.6
v 57.222 10.330 -0.170 0.66 0.64 0.6
v 57.222 10.080 -0.280 0.66 0.64 0.6
v 80.111 10.000 -0.280 0.66 0.64 0.6
v 80.111 10.000 0.280 0.66 0.64 0.6
v 80.111 10.080 0.280 0.66 0.64 0.6
v 80.111 10.330 0.170 0.66 0.64 0.6
v 80.111 10.900 0.100 0.66 0.64 0.6
v 80.111 10.900 -0.100 0.66 0.64 0.6
v 80.111 10.330 -0.170 0.66 0.64 0.6
v 80.111 10.080 -0.280 0.66 0.64 0.6
v 103.000 10.000 -0.280 0.66 0.64 0.6
v 103.000 10.000 0.280 0.66 0.64 0.6
v 103.000 10.080 0.280 0.66 0.64 0.6
v 103.000 10.330 0.170 0.66 0.64 0.6
v 103.000 10.900 0.100 0.66 0.64 0.6
v 103.000 10.900 -0.100 0.66 0.64 0.6
v 103.000 10.330 -0.170 0.66 0.64 0.6
v 103.000 10.080 -0.280 0.66 0.64 0.6
v -102.000 10.020 -3.500 0.9 0.9 0.88
v -79.333 10.020 -3.500 0.9 0.9 0.88
v -79.333 10.020 -3.300 0.9 0.9 0.88
v -102.000 10.020 -3.300 0.9 0.9 0.88
v -102.000 10.040 -3.500 0.9 0.9 0.88
v -79.333 10.040 -3.500 0.9 0.9 0.88
v -79.333 10.040 -3.300 0.9 0.9 0.88
v -102.000 10.040 -3.300 0.9 0.9 0.88
v -79.333 10.020 -3.500 0.9 0.9 0.88
v -56.667 10.020 -3.500 0.9 0.9 0.88
v -56.667 10.020 -3.300 0.9 0.9 0.88
v -79.333 10.020 -3.300 0.9 0.9 0.88
v -79.333 10.040 -3.500 0.9 0.9 0.88
v -56.667 10.040 -3.500 0.9 0.9 0.88
v -56.667 10.040 -3.300 0.9 0.9 0.88
v -79.333 10.040 -3.300 0.9 0.9 0.88
v -56.667 10.020 -3.500 0.9 0.9 0.88
v -34.000 10.020 -3.500 0.9 0.9 0.88
v -34.000 10.020 -3.300 0.9 0.9 0.88
v -56.667 10.020 -3.300 0.9 0.9 0.88
v -56.667 10.040 -3.500 0.9 0.9 0.88
v -34.000 10.040 -3.500 0.9 0.9 0.88
v -34.000 10.040 -3.300 0.9 0.9 0.88
v -56.667 10.040 -3.300 0.9 0.9 0.88
v -34.000 10.020 -3.500 0.9 0.9 0.88
v -11.333 10.020 -3.500 0.9 0.9 0.88
v -11.333 10.020 -3.300 0.9 0.9 0.88
v -34.000 10.020 -3.300 0.9 0.9 0.88
v -34.000 10.040 -3.500 0.9 0.9 0.88
v -11.333 10.040 -3.500 0.9 0.9 0.88
v -11.333 10.040 -3.300 0.9 0.9 0.88
v -34.000 10.040 -3.300 0.9 0.9 0.88
v -11.333 10.020 -3.500 0.9 0.9 0.88
v 11.333 10.020 -3.500 0.9 0.9 0.88
v 11.333 10.020 -3.300 0.9 0.9 0.88
v -11.333 10.020 -3.300 0.9 0.9 0.88
v -11.333 10.040 -3.500 0.9 0.9 0.88
v 11.333 10.040 -3.500 0.9 0.9 0.88
v 11.333 10.040 -3.300 0.9 0.9 0.88
v -11.333 10.040 -3.300 0.9 0.9 0.88
v 11.333 10.020 -3.500 0.9 0.9 0.88
v 34.000 10.020 -3.500 0.9 0.9 0.88
v 34.000 10.020 -3.300 0.9 0.9 0.88
v 11.333 10.020 -3.300 0.9 0.9 0.88
v 11.333 10.040 -3.500 0.9 0.9 0.88
v 34.000 10.040 -3.500 0.9 0.9 0.88
v 34.000 10.040 -3.300 0.9 0.9 0.88
v 11.333 10.040 -3.300 0.9 0.9 0.88
v 34.000 10.020 -3.500 0.9 0.9 0.88
v 56.667 10.020 -3.500 0.9 0.9 0.88
v 56.667 10.020 -3.300 0.9 0.9 0.88
v 34.000 10.020 -3.300 0.9 0.9 0.88
v 34.000 10.040 -3.500 0.9 0.9 0.88
v 56.667 10.040 -3.500 0.9 0.9 0.88
v 56.667 10.040 -3.300 0.9 0.9 0.88
v 34.000 10.040 -3.300 0.9 0.9 0.88
v 56.667 10.020 -3.500 0.9 0.9 0.88
v 79.333 10.020 -3.500 0.9 0.9 0.88
v 79.333 10.020 -3.300 0.9 0.9 0.88
v 56.667 10.020 -3.300 0.9 0.9 0.88
v 56.667 10.040 -3.500 0.9 0.9 0.88
v 79.333 10.040 -3.500 0.9 0.9 0.88
v 79.333 10.040 -3.300 0.9 0.9 0.88
v 56.667 10.040 -3.300 0.9 0.9 0.88
v 79.333 10.020 -3.500 0.9 0.9 0.88
v 102.000 10.020 -3.500 0.9 0.9 0.88
v 102.000 10.020 -3.300 0.9 0.9 0.88
v 79.333 10.020 -3.300 0.9 0.9 0.88
v 79.333 10.040 -3.500 0.9 0.9 0.88
v 102.000 10.040 -3.500 0.9 0.9 0.88
v 102.000 10.040 -3.300 0.9 0.9 0.88
v 79.333 10.040 -3.300 0.9 0.9 0.88
v -102.000 10.020 3.300 0.9 0.9 0.88
v -79.333 10.020 3.300 0.9 0.9 0.88
v -79.333 10.020 3.500 0.9 0.9 0.88
v -102.000 10.020 3.500 0.9 0.9 0.88
v -102.000 10.040 3.300 0.9 0.9 0.88
v -79.333 10.040 3.300 0.9 0.9 0.88
v -79.333 10.040 3.500 0.9 0.9 0.88
v -102.000 10.040 3.500 0.9 0.9 0.88
v -79.333 10.020 3.300 0.9 0.9 0.88
v -56.667 10.020 3.300 0.9 0.9 0.88
v -56.667 10.020 3.500 0.9 0.9 0.88
v -79.333 10.020 3.500 0.9 0.9 0.88
v -79.333 10.040 3.300 0.9 0.9 0.88
v -56.667 10.040 3.300 0.9 0.9 0.88
v -56.667 10.040 3.500 0.9 0.9 0.88
v -79.333 10.040 3.500 0.9 0.9 0.88
v -56.667 10.020 3.300 0.9 0.9 0.88
v -34.000 10.020 3.300 0.9 0.9 0.88
v -34.000 10.020 3.500 0.9 0.9 0.88
v -56.667 10.020 3.500 0.9 0.9 0.88
v -56.667 10.040 3.300 0.9 0.9 0.88
v -34.000 10.040 3.300 0.9 0.9 0.88
v -34.000 10.040 3.500 0.9 0.9 0.88
v -56.667 10.040 3.500 0.9 0.9 0.88
v -34.000 10.020 3.300 0.9 0.9 0.88
v -11.333 10.020 3.300 0.9 0.9 0.88
v -11.333 10.020 3.500 0.9 0.9 0.88
v -34.000 10.020 3.500 0.9 0.9 0.88
v -34.000 10.040 3.300 0.9 0.9 0.88
v -11.333 10.040 3.300 0.9 0.9 0.88
v -11.333 10.040 3.500 0.9 0.9 0.88
v -34.000 10.040 3.500 0.9 0.9 0.88
v -11.333 10.020 3.300 0.9 0.9 0.88
v 11.333 10.020 3.300 0.9 0.9 0.88
v 11.333 10.020 3.500 0.9 0.9 0.88
v -11.333 10.020 3.500 0.9 0.9 0.88
v -11.333 10.040 3.300 0.9 0.9 0.88
v 11.333 10.040 3.300 0.9 0.9 0.88
v 11.333 10.040 3.500 0.9 0.9 0.88
v -11.333 10.040 3.500 0.9 0.9 0.88
v 11.333 10.020 3.300 0.9 0.9 0.88
v 34.000 10.020 3.300 0.9 0.9 0.88
v 34.000 10.020 3.500 0.9 0.9 0.88
v 11.333 10.020 3.500 0.9 0.9 0.88
v 11.333 10.040 3.300 0.9 0.9 0.88
v 34.000 10.040 3.300 0.9 0.9 0.88
v 34.000 10.040 3.500 0.9 0.9 0.88
v 11.333 10.040 3.500 0.9 0.9 0.88
v 34.000 10.020 3.300 0.9 0.9 0.88
v 56.667 10.020 3.300 0.9 0.9 0.88
v 56.667 10.020 3.500 0.9 0.9 0.88
v 34.000 10.020 3.500 0.9 0.9 0.88
v 34.000 10.040 3.300 0.9 0.9 0.88
v 56.667 10.040 3.300 0.9 0.9 0.88
v 56.667 10.040 3.500 0.9 0.9 0.88
v 34.000 10.040 3.500 0.9 0.9 0.88
v 56.667 10.020 3.300 0.9 0.9 0.88
v 79.333 10.020 3.300 0.9 0.9 0.88
v 79.333 10.020 3.500 0.9 0.9 0.88
v 56.667 10.020 3.500 0.9 0.9 0.88
v 56.667 10.040 3.300 0.9 0.9 0.88
v 79.333 10.040 3.300 0.9 0.9 0.88
v 79.333 10.040 3.500 0.9 0.9 0.88
v 56.667 10.040 3.500 0.9 0.9 0.88
v 79.333 10.020 3.300 0.9 0.9 0.88
v 102.000 10.020 3.300 0.9 0.9 0.88
v 102.000 10.020 3.500 0.9 0.9 0.88
v 79.333 10.020 3.500 0.9 0.9 0.88
v 79.333 10.040 3.300 0.9 0.9 0.88
v 102.000 10.040 3.300 0.9 0.9 0.88
v 102.000 10.040 3.500 0.9 0.9 0.88
v 79.333 10.040 3.500 0.9 0.9 0.88
v -101.000 10.020 -1.700 0.9 0.9 0.88
v -97.000 10.020 -1.700 0.9 0.9 0.88
v -97.000 10.020 -1.500 0.9 0.9 0.88
v -101.000 10.020 -1.500 0.9 0.9 0.88
v -101.000 10.040 -1.700 0.9 0.9 0.88
v -97.000 10.040 -1.700 0.9 0.9 0.88
v -97.000 10.040 -1.500 0.9 0.9 0.88
v -101.000 10.040 -1.500 0.9 0.9 0.88
v -92.000 10.020 -1.700 0.9 0.9 0.88
v -88.000 10.020 -1.700 0.9 0.9 0.88
v -88.000 10.020 -1.500 0.9 0.9 0.88
v -92.000 10.020 -1.500 0.9 0.9 0.88
v -92.000 10.040 -1.700 0.9 0.9 0.88
v -88.000 10.040 -1.700 0.9 0.9 0.88
v -88.000 10.040 -1.500 0.9 0.9 0.88
v -92.000 10.040 -1.500 0.9 0.9 0.88
v -83.000 10.020 -1.700 0.9 0.9 0.88
v -79.000 10.020 -1.700 0.9 0.9 0.88
v -79.000 10.020 -1.500 0.9 0.9 0.88
v -83.000 10.020 -1.500 0.9 0.9 0.88
v -83.000 10.040 -1.700 0.9 0.9 0.88
v -79.000 10.040 -1.700 0.9 0.9 0.88
v -79.000 10.040 -1.500 0.9 0.9 0.88
v -83.000 10.040 -1.500 0.9 0.9 0.88
v -74.000 10.020 -1.700 0.9 0.9 0.88
v -70.000 10.020 -1.700 0.9 0.9 0.88
v -70.000 10.020 -1.500 0.9 0.9 0.88
v -74.000 10.020 -1.500 0.9 0.9 0.88
v -74.000 10.040 -1.700 0.9 0.9 0.88
v -70.000 10.040 -1.700 0.9 0.9 0.88
v -70.000 10.040 -1.500 0.9 0.9 0.88
v -74.000 10.040 -1.500 0.9 0.9 0.88
v -65.000 10.020 -1.700 0.9 0.9 0.88
v -61.000 10.020 -1.700 0.9 0.9 0.88
v -61.000 10.020 -1.500 0.9 0.9 0.88
v -65.000 10.020 -1.500 0.9 0.9 0.88
v -65.000 10.040 -1.700 0.9 0.9 0.88
v -61.000 10.040 -1.700 0.9 0.9 0.88
v -61.000 10.040 -1.500 0.9 0.9 0.88
v -65.000 10.040 -1.500 0.9 0.9 0.88
v -56.000 10.020 -1.700 0.9 0.9 0.88
v -52.000 10.020 -1.700 0.9 0.9 0.88
v -52.000 10.020 -1.500 0.9 0.9 0.88
v -56.000 10.020 -1.500 0.9 0.9 0.88
v -56.000 10.040 -1.700 0.9 0.9 0.88
v -52.000 10.040 -1.700 0.9 0.9 0.88
v -52.000 10.040 -1.500 0.9 0.9 0.88
v -56.000 10.040 -1.500 0.9 0.9 0.88
v -47.000 10.020 -1.700 0.9 0.9 0.88
v -43.000 10.020 -1.700 0.9 0.9 0.88
v -43.000 10.020 -1.500 0.9 0.9 0.88
v -47.000 10.020 -1.500 0.9 0.9 0.88
v -47.000 10.040 -1.700 0.9 0.9 0.88
v -43.000 10.040 -1.700 0.9 0.9 0.88
v -43.000 10.040 -1.500 0.9 0.9 0.88
v -47.000 10.040 -1.500 0.9 0.9 0.88
v -38.000 10.020 -1.700 0.9 0.9 0.88
v -34.000 10.020 -1.700 0.9 0.9 0.88
v -34.000 10.020 -1.500 0.9 0.9 0.88
v -38.000 10.020 -1.500 0.9 0.9 0.88
v -38.000 10.040 -1.700 0.9 0.9 0.88
v -34.000 10.040 -1.700 0.9 0.9 0.88
v -34.000 10.040 -1.500 0.9 0.9 0.88
v -38.000 10.040 -1.500 0.9 0.9 0.88
v -29.000 10.020 -1.700 0.9 0.9 0.88
v -25.000 10.020 -1.700 0.9 0.9 0.88
v -25.000 10.020 -1.500 0.9 0.9 0.88
v -29.000 10.020 -1.500 0.9 0.9 0.88
v -29.000 10.040 -1.700 0.9 0.9 0.88
v -25.000 10.040 -1.700 0.9 0.9 0.88
v -25.000 10.040 -1.500 0.9 0.9 0.88
v -29.000 10.040 -1.500 0.9 0.9 0.88
v -20.000 10.020 -1.700 0.9 0.9 0.88
v -16.000 10.020 -1.700 0.9 0.9 0.88
v -16.000 10.020 -1.500 0.9 0.9 0.88
v -20.000 10.020 -1.500 0.9 0.9 0.88
v -20.000 10.040 -1.700 0.9 0.9 0.88
v -16.000 10.040 -1.700 0.9 0.9 0.88
v -16.000 10.040 -1.500 0.9 0.9 0.88
v -20.000 10.040 -1.500 0.9 0.9 0.88
v -11.000 10.020 -1.700 0.9 0.9 0.88
v -7.000 10.020 -1.700 0.9 0.9 0.88
v -7.000 10.020 -1.500 0.9 0.9 0.88
v -11.000 10.020 -1.500 0.9 0.9 0.88
v -11.000 10.040 -1.700 0.9 0.9 0.88
v -7.000 10.040 -1.700 0.9 0.9 0.88
v -7.000 10.040 -1.500 0.9 0.9 0.88
v -11.000 10.040 -1.500 0.9 0.9 0.88
v -2.000 10.020 -1.700 0.9 0.9 0.88
v 2.000 10.020 -1.700 0.9 0.9 0.88
v 2.000 10.020 -1.500 0.9 0.9 0.88
v -2.000 10.020 -1.500 0.9 0.9 0.88
v -2.000 10.040 -1.700 0.9 0.9 0.88
v 2.000 10.040 -1.700 0.9 0.9 0.88
v 2.000 10.040 -1.500 0.9 0.9 0.88
v -2.000 10.040 -1.500 0.9 0.9 0.88
v 7.000 10.020 -1.700 0.9 0.9 0.88
v 11.000 10.020 -1.700 0.9 0.9 0.88
v 11.000 10.020 -1.500 0.9 0.9 0.88
v 7.000 10.020 -1.500 0.9 0.9 0.88
v 7.000 10.040 -1.700 0.9 0.9 0.88
v 11.000 10.040 -1.700 0.9 0.9 0.88
v 11.000 10.040 -1.500 0.9 0.9 0.88
v 7.000 10.040 -1.500 0.9 0.9 0.88
v 16.000 10.020 -1.700 0.9 0.9 0.88
v 20.000 10.020 -1.700 0.9 0.9 0.88
v 20.000 10.020 -1.500 0.9 0.9 0.88
v 16.000 10.020 -1.500 0.9 0.9 0.88
v 16.000 10.040 -1.700 0.9 0.9 0.88
v 20.000 10.040 -1.700 0.9 0.9 0.88
v 20.000 10.040 -1.500 0.9 0.9 0.88
v 16.000 10.040 -1.500 0.9 0.9 0.88
v 25.000 10.020 -1.700 0.9 0.9 0.88
v 29.000 10.020 -1.700 0.9 0.9 0.88
v 29.000 10.020 -1.500 0.9 0.9 0.88
v 25.000 10.020 -1.500 0.9 0.9 0.88
v 25.000 10.040 -1.700 0.9 0.9 0.88
v 29.000 10.040 -1.700 0.9 0.9 0.88
v 29.000 10.040 -1.500 0.9 0.9 0.88
v 25.000 10.040 -1.500 0.9 0.9 0.88
v 34.000 10.020 -1.700 0.9 0.9 0.88
v 38.000 10.020 -1.700 0.9 0.9 0.88
v 38.000 10.020 -1.500 0.9 0.9 0.88
v 34.000 10.020 -1.500 0.9 0.9 0.88
v 34.000 10.040 -1.700 0.9 0.9 0.88
v 38.000 10.040 -1.700 0.9 0.9 0.88
v 38.000 10.040 -1.500 0.9 0.9 0.88
v 34.000 10.040 -1.500 0.9 0.9 0.88
v 43.000 10.020 -1.700 0.9 0.9 0.88
v 47.000 10.020 -1.700 0.9 0.9 0.88
v 47.000 10.020 -1.500 0.9 0.9 0.88
v 43.000 10.020 -1.500 0.9 0.9 0.88
v 43.000 10.040 -1.700 0.9 0.9 0.88
v 47.000 10.040 -1.700 0.9 0.9 0.88
v 47.000 10.040 -1.500 0.9 0.9 0.88
v 43.000 10.040 -1.500 0.9 0.9 0.88
v 52.000 10.020 -1.700 0.9 0.9 0.88
v 56.000 10.020 -1.700 0.9 0.9 0.88
v 56.000 10.020 -1.500 0.9 0.9 0.88
v 52.000 10.020 -1.500 0.9 0.9 0.88
v 52.000 10.040 -1.700 0.9 0.9 0.88
v 56.000 10.040 -1.700 0.9 0.9 0.88
v 56.000 10.040 -1.500 0.9 0.9 0.88
v 52.000 10.040 -1.500 0.9 0.9 0.88
v 61.000 10.020 -1.700 0.9 0.9 0.88
v 65.000 10.020 -1.700 0.9 0.9 0.88
v 65.000 10.020 -1.500 0.9 0.9 0.88
v 61.000 10.020 -1.500 0.9 0.9 0.88
v 61.000 10.040 -1.700 0.9 0.9 0.88
v 65.000 10.040 -1.700 0.9 0.9 0.88
v 65.000 10.040 -1.500 0.9 0.9 0.88
v 61.000 10.040 -1.500 0.9 0.9 0.88
v 70.000 10.020 -1.700 0.9 0.9 0.88
v 74.000 10.020 -1.700 0.9 0.9 0.88
v 74.000 10.020 -1.500 0.9 0.9 0.88
v 70.000 10.020 -1.500 0.9 0.9 0.88
v 70.000 10.040 -1.700 0.9 0.9 0.88
v 74.000 10.040 -1.700 0.9 0.9 0.88
v 74.000 10.040 -1.500 0.9 0.9 0.88
v 70.000 10.040 -1.500 0.9 0.9 0.88
v 79.000 10.020 -1.700 0.9 0.9 0.88
v 83.000 10.020 -1.700 0.9 0.9 0.88
v 83.000 10.020 -1.500 0.9 0.9 0.88
v 79.000 10.020 -1.500 0.9 0.9 0.88
v 79.000 10.040 -1.700 0.9 0.9 0.88
v 83.000 10.040 -1.700 0.9 0.9 0.88
v 83.000 10.040 -1.500 0.9 0.9 0.88
v 79.000 10.040 -1.500 0.9 0.9 0.88
v 88.000 10.020 -1.700 0.9 0.9 0.88
v 92.000 10.020 -1.700 0.9 0.9 0.88
v 92.000 10.020 -1.500 0.9 0.9 0.88
v 88.000 10.020 -1.500 0.9 0.9 0.88
v 88.000 10.040 -1.700 0.9 0.9 0.88
v 92.000 10.040 -1.700 0.9 0.9 0.88
v 92.000 10.040 -1.500 0.9 0.9 0.88
v 88.000 10.040 -1.500 0.9 0.9 0.88
v 97.000 10.020 -1.700 0.9 0.9 0.88
v 101.000 10.020 -1.700 0.9 0.9 0.88
v 101.000 10.020 -1.500 0.9 0.9 0.88
v 97.000 10.020 -1.500 0.9 0.9 0.88
v 97.000 10.040 -1.700 0.9 0.9 0.88
v 101.000 10.040 -1.700 0.9 0.9 0.88
v 101.000 10.040 -1.500 0.9 0.9 0.88
v 97.000 10.040 -1.500 0.9 0.9 0.88
v -101.000 10.020 1.500 0.9 0.9 0.88
v -97.000 10.020 1.500 0.9 0.9 0.88
v -97.000 10.020 1.700 0.9 0.9 0.88
v -101.000 10.020 1.700 0.9 0.9 0.88
v -101.000 10.040 1.500 0.9 0.9 0.88
v -97.000 10.040 1.500 0.9 0.9 0.88
v -97.000 10.040 1.700 0.9 0.9 0.88
v -101.000 10.040 1.700 0.9 0.9 0.88
v -92.000 10.020 1.500 0.9 0.9 0.88
v -88.000 10.020 1.500 0.9 0.9 0.88
v -88.000 10.020 1.700 0.9 0.9 0.88
v -92.000 10.020 1.700 0.9 0.9 0.88
v -92.000 10.040 1.500 0.9 0.9 0.88
v -88.000 10.040 1.500 0.9 0.9 0.88
v -88.000 10.040 1.700 0.9 0.9 0.88
v -92.000 10.040 1.700 0.9 0.9 0.88
v -83.000 10.020 1.500 0.9 0.9 0.88
v -79.000 10.020 1.500 0.9 0.9 0.88
v -79.000 10.020 1.700 0.9 0.9 0.88
v -83.000 10.020 1.700 0.9 0.9 0.88
v -83.000 10.040 1.500 0.9 0.9 0.88
v -79.000 10.040 1.500 0.9 0.9 0.88
v -79.000 10.040 1.700 0.9 0.9 0.88
v -83.000 10.040 1.700 0.9 0.9 0.88
v -74.000 10.020 1.500 0.9 0.9 0.88
v -70.000 10.020 1.500 0.9 0.9 0.88
v -70.000 10.020 1.700 0.9 0.9 0.88
v -74.000 10.020 1.700 0.9 0.9 0.88
v -74.000 10.040 1.500 0.9 0.9 0.88
v -70.000 10.040 1.500 0.9 0.9 0.88
v -70.000 10.040 1.700 0.9 0.9 0.88
v -74.000 10.040 1.700 0.9 0.9 0.88
v -65.000 10.020 1.500 0.9 0.9 0.88
v -61.000 10.020 1.500 0.9 0.9 0.88
v -61.000 10.020 1.700 0.9 0.9 0.88
v -65.000 10.020 1.700 0.9 0.9 0.88
v -65.000 10.040 1.500 0.9 0.9 0.88
v -61.000 10.040 1.500 0.9 0.9 0.88
v -61.000 10.040 1.700 0.9 0.9 0.88
v -65.000 10.040 1.700 0.9 0.9 0.88
v -56.000 10.020 1.500 0.9 0.9 0.88
v -52.000 10.020 1.500 0.9 0.9 0.88
v -52.000 10.020 1.700 0.9 0.9 0.88
v -56.000 10.020 1.700 0.9 0.9 0.88
v -56.000 10.040 1.500 0.9 0.9 0.88
v -52.000 10.040 1.500 0.9 0.9 0.88
v -52.000 10.040 1.700 0.9 0.9 0.88
v -56.000 10.040 1.700 0.9 0.9 0.88
v -47.000 10.020 1.500 0.9 0.9 0.88
v -43.000 10.020 1.500 0.9 0.9 0.88
v -43.000 10.020 1.700 0.9 0.9 0.88
v -47.000 10.020 1.700 0.9 0.9 0.88
v -47.000 10.040 1.500 0.9 0.9 0.88
v -43.000 10.040 1.500 0.9 0.9 0.88
v -43.000 10.040 1.700 0.9 0.9 0.88
v -47.000 10.040 1.700 0.9 0.9 0.88
v -38.000 10.020 1.500 0.9 0.9 0.88
v -34.000 10.020 1.500 0.9 0.9 0.88
v -34.000 10.020 1.700 0.9 0.9 0.88
v -38.000 10.020 1.700 0.9 0.9 0.88
v -38.000 10.040 1.500 0.9 0.9 0.88
v -34.000 10.040 1.500 0.9 0.9 0.88
v -34.000 10.040 1.700 0.9 0.9 0.88
v -38.000 10.040 1.700 0.9 0.9 0.88
v -29.000 10.020 1.500 0.9 0.9 0.88
v -25.000 10.020 1.500 0.9 0.9 0.88
v -25.000 10.020 1.700 0.9 0.9 0.88
v -29.000 10.020 1.700 0.9 0.9 0.88
v -29.000 10.040 1.500 0.9 0.9 0.88
v -25.000 10.040 1.500 0.9 0.9 0.88
v -25.000 10.040 1.700 0.9 0.9 0.88
v -29.000 10.040 1.700 0.9 0.9 0.88
v -20.000 10.020 1.500 0.9 0.9 0.88
v -16.000 10.020 1.500 0.9 0.9 0.88
v -16.000 10.020 1.700 0.9 0.9 0.88
v -20.000 10.020 1.700 0.9 0.9 0.88
v -20.000 10.040 1.500 0.9 0.9 0.88
v -16.000 10.040 1.500 0.9 0.9 0.88
v -16.000 10.040 1.700 0.9 0.9 0.88
v -20.000 10.040 1.700 0.9 0.9 0.88
v -11.000 10.020 1.500 0.9 0.9 0.88
v -7.000 10.020 1.500 0.9 0.9 0.88
v -7.000 10.020 1.700 0.9 0.9 0.88
v -11.000 10.020 1.700 0.9 0.9 0.88
v -11.000 10.040 1.500 0.9 0.9 0.88
v -7.000 10.040 1.500 0.9 0.9 0.88
v -7.000 10.040 1.700 0.9 0.9 0.88
v -11.000 10.040 1.700 0.9 0.9 0.88
v -2.000 10.020 1.500 0.9 0.9 0.88
v 2.000 10.020 1.500 0.9 0.9 0.88
v 2.000 10.020 1.700 0.9 0.9 0.88
v -2.000 10.020 1.700 0.9 0.9 0.88
v -2.000 10.040 1.500 0.9 0.9 0.88
v 2.000 10.040 1.500 0.9 0.9 0.88
v 2.000 10.040 1.700 0.9 0.9 0.88
v -2.000 10.040 1.700 0.9 0.9 0.88
v 7.000 10.020 1.500 0.9 0.9 0.88
v 11.000 10.020 1.500 0.9 0.9 0.88
v 11.000 10.020 1.700 0.9 0.9 0.88
v 7.000 10.020 1.700 0.9 0.9 0.88
v 7.000 10.040 1.500 0.9 0.9 0.88
v 11.000 10.040 1.500 0.9 0.9 0.88
v 11.000 10.040 1.700 0.9 0.9 0.88
v 7.000 10.040 1.700 0.9 0.9 0.88
v 16.000 10.020 1.500 0.9 0.9 0.88
v 20.000 10.020 1.500 0.9 0.9 0.88
v 20.000 10.020 1.700 0.9 0.9 0.88
v 16.000 10.020 1.700 0.9 0.9 0.88
v 16.000 10.040 1.500 0.9 0.9 0.88
v 20.000 10.040 1.500 0.9 0.9 0.88
v 20.000 10.040 1.700 0.9 0.9 0.88
v 16.000 10.040 1.700 0.9 0.9 0.88
v 25.000 10.020 1.500 0.9 0.9 0.88
v 29.000 10.020 1.500 0.9 0.9 0.88
v 29.000 10.020 1.700 0.9 0.9 0.88
v 25.000 10.020 1.700 0.9 0.9 0.88
v 25.000 10.040 1.500 0.9 0.9 0.88
v 29.000 10.040 1.500 0.9 0.9 0.88
v 29.000 10.040 1.700 0.9 0.9 0.88
v 25.000 10.040 1.700 0.9 0.9 0.88
v 34.000 10.020 1.500 0.9 0.9 0.88
v 38.000 10.020 1.500 0.9 0.9 0.88
v 38.000 10.020 1.700 0.9 0.9 0.88
v 34.000 10.020 1.700 0.9 0.9 0.88
v 34.000 10.040 1.500 0.9 0.9 0.88
v 38.000 10.040 1.500 0.9 0.9 0.88
v 38.000 10.040 1.700 0.9 0.9 0.88
v 34.000 10.040 1.700 0.9 0.9 0.88
v 43.000 10.020 1.500 0.9 0.9 0.88
v 47.000 10.020 1.500 0.9 0.9 0.88
v 47.000 10.020 1.700 0.9 0.9 0.88
v 43.000 10.020 1.700 0.9 0.9 0.88
v 43.000 10.040 1.500 0.9 0.9 0.88
v 47.000 10.040 1.500 0.9 0.9 0.88
v 47.000 10.040 1.700 0.9 0.9 0.88
v 43.000 10.040 1.700 0.9 0.9 0.88
v 52.000 10.020 1.500 0.9 0.9 0.88
v 56.000 10.020 1.500 0.9 0.9 0.88
v 56.000 10.020 1.700 0.9 0.9 0.88
v 52.000 10.020 1.700 0.9 0.9 0.88
v 52.000 10.040 1.500 0.9 0.9 0.88
v 56.000 10.040 1.500 0.9 0.9 0.88
v 56.000 10.040 1.700 0.9 0.9 0.88
v 52.000 10.040 1.700 0.9 0.9 0.88
v 61.000 10.020 1.500 0.9 0.9 0.88
v 65.000 10.020 1.500 0.9 0.9 0.88
v 65.000 10.020 1.700 0.9 0.9 0.88
v 61.000 10.020 1.700 0.9 0.9 0.88
v 61.000 10.040 1.500 0.9 0.9 0.88
v 65.000 10.040 1.500 0.9 0.9 0.88
v 65.000 10.040 1.700 0.9 0.9 0.88
v 61.000 10.040 1.700 0.9 0.9 0.88
v 70.000 10.020 1.500 0.9 0.9 0.88
v 74.000 10.020 1.500 0.9 0.9 0.88
v 74.000 10.020 1.700 0.9 0.9 0.88
v 70.000 10.020 1.700 0.9 0.9 0.88
v 70.000 10.040 1.500 0.9 0.9 0.88
v 74.000 10.040 1.500 0.9 0.9 0.88
v 74.000 10.040 1.700 0.9 0.9 0.88
v 70.000 10.040 1.700 0.9 0.9 0.88
v 79.000 10.020 1.500 0.9 0.9 0.88
v 83.000 10.020 1.500 0.9 0.9 0.88
v 83.000 10.020 1.700 0.9 0.9 0.88
v 79.000 10.020 1.700 0.9 0.9 0.88
v 79.000 10.040 1.500 0.9 0.9 0.88
v 83.000 10.040 1.500 0.9 0.9 0.88
v 83.000 10.040 1.700 0.9 0.9 0.88
v 79.000 10.040 1.700 0.9 0.9 0.88
v 88.000 10.020 1.500 0.9 0.9 0.88
v 92.000 10.020 1.500 0.9 0.9 0.88
v 92.000 10.020 1.700 0.9 0.9 0.88
v 88.000 10.020 1.700 0.9 0.9 0.88
v 88.000 10.040 1.500 0.9 0.9 0.88
v 92.000 10.040 1.500 0.9 0.9 0.88
v 92.000 10.040 1.700 0.9 0.9 0.88
v 88.000 10.040 1.700 0.9 0.9 0.88
v 97.000 10.020 1.500 0.9 0.9 0.88
v 101.000 10.020 1.500 0.9 0.9 0.88
v 101.000 10.020 1.700 0.9 0.9 0.88
v 97.000 10.020 1.700 0.9 0.9 0.88
v 97.000 10.040 1.500 0.9 0.9 0.88
v 101.000 10.040 1.500 0.9 0.9 0.88
v 101.000 10.040 1.700 0.9 0.9 0.88
v 97.000 10.040 1.700 0.9 0.9 0.88
v -102.000 10.020 -6.750 0.9 0.9 0.88
v -79.333 10.020 -6.750 0.9 0.9 0.88
v -79.333 10.020 -6.550 0.9 0.9 0.88
v -102.000 10.020 -6.550 0.9 0.9 0.88
v -102.000 10.040 -6.750 0.9 0.9 0.88
v -79.333 10.040 -6.750 0.9 0.9 0.88
v -79.333 10.040 -6.550 0.9 0.9 0.88
v -102.000 10.040 -6.550 0.9 0.9 0.88
v -79.333 10.020 -6.750 0.9 0.9 0.88
v -56.667 10.020 -6.750 0.9 0.9 0.88
v -56.667 10.020 -6.550 0.9 0.9 0.88
v -79.333 10.020 -6.550 0.9 0.9 0.88
v -79.333 10.040 -6.750 0.9 0.9 0.88
v -56.667 10.040 -6.750 0.9 0.9 0.88
v -56.667 10.040 -6.550 0.9 0.9 0.88
v -79.333 10.040 -6.550 0.9 0.9 0.88
v -56.667 10.020 -6.750 0.9 0.9 0.88
v -34.000 10.020 -6.750 0.9 0.9 0.88
v -34.000 10.020 -6.550 0.9 0.9 0.88
v -56.667 10.020 -6.550 0.9 0.9 0.88
v -56.667 10.040 -6.750 0.9 0.9 0.88
v -34.000 10.040 -6.750 0.9 0.9 0.88
v -34.000 10.040 -6.550 0.9 0.9 0.88
v -56.667 10.040 -6.550 0.9 0.9 0.88
v -34.000 10.020 -6.750 0.9 0.9 0.88
v -11.333 10.020 -6.750 0.9 0.9 0.88
v -11.333 10.020 -6.550 0.9 0.9 0.88
v -34.000 10.020 -6.550 0.9 0.9 0.88
v -34.000 10.040 -6.750 0.9 0.9 0.88
v -11.333 10.040 -6.750 0.9 0.9 0.88
v -11.333 10.040 -6.550 0.9 0.9 0.88
v -34.000 10.040 -6.550 0.9 0.9 0.88
v -11.333 10.020 -6.750 0.9 0.9 0.88
v 11.333 10.020 -6.750 0.9 0.9 0.88
v 11.333 10.020 -6.550 0.9 0.9 0.88
v -11.333 10.020 -6.550 0.9 0.9 0.88
v -11.333 10.040 -6.750 0.9 0.9 0.88
v 11.333 10.040 -6.750 0.9 0.9 0.88
v 11.333 10.040 -6.550 0.9 0.9 0.88
v -11.333 10.040 -6.550 0.9 0.9 0.88
v 11.333 10.020 -6.750 0.9 0.9 0.88
v 34.000 10.020 -6.750 0.9 0.9 0.88
v 34.000 10.020 -6.550 0.9 0.9 0.88
v 11.333 10.020 -6.550 0.9 0.9 0.88
v 11.333 10.040 -6.750 0.9 0.9 0.88
v 34.000 10.040 -6.750 0.9 0.9 0.88
v 34.000 10.040 -6.550 0.9 0.9 0.88
v 11.333 10.040 -6.550 0.9 0.9 0.88
v 34.000 10.020 -6.750 0.9 0.9 0.88
v 56.667 10.020 -6.750 0.9 0.9 0.88
v 56.667 10.020 -6.550 0.9 0.9 0.88
v 34.000 10.020 -6.550 0.9 0.9 0.88
v 34.000 10.040 -6.750 0.9 0.9 0.88
v 56.667 10.040 -6.750 0.9 0.9 0.88
v 56.667 10.040 -6.550 0.9 0.9 0.88
v 34.000 10.040 -6.550 0.9 0.9 0.88
v 56.667 10.020 -6.750 0.9 0.9 0.88
v 79.333 10.020 -6.750 0.9 0.9 0.88
v 79.333 10.020 -6.550 0.9 0.9 0.88
v 56.667 10.020 -6.550 0.9 0.9 0.88
v 56.667 10.040 -6.750 0.9 0.9 0.88
v 79.333 10.040 -6.750 0.9 0.9 0.88
v 79.333 10.040 -6.550 0.9 0.9 0.88
v 56.667 10.040 -6.550 0.9 0.9 0.88
v 79.333 10.020 -6.750 0.9 0.9 0.88
v 102.000 10.020 -6.750 0.9 0.9 0.88
v 102.000 10.020 -6.550 0.9 0.9 0.88
v 79.333 10.020 -6.550 0.9 0.9 0.88
v 79.333 10.040 -6.750 0.9 0.9 0.88
v 102.000 10.040 -6.750 0.9 0.9 0.88
v 102.000 10.040 -6.550 0.9 0.9 0.88
v 79.333 10.040 -6.550 0.9 0.9 0.88
v -102.000 10.020 6.550 0.9 0.9 0.88
v -79.333 10.020 6.550 0.9 0.9 0.88
v -79.333 10.020 6.750 0.9 0.9 0.88
v -102.000 10.020 6.750 0.9 0.9 0.88
v -102.000 10.040 6.550 0.9 0.9 0.88
v -79.333 10.040 6.550 0.9 0.9 0.88
v -79.333 10.040 6.750 0.9 0.9 0.88
v -102.000 10.040 6.750 0.9 0.9 0.88
v -79.333 10.020 6.550 0.9 0.9 0.88
v -56.667 10.020 6.550 0.9 0.9 0.88
v -56.667 10.020 6.750 0.9 0.9 0.88
v -79.333 10.020 6.750 0.9 0.9 0.88
v -79.333 10.040 6.550 0.9 0.9 0.88
v -56.667 10.040 6.550 0.9 0.9 0.88
v -56.667 10.040 6.750 0.9 0.9 0.88
v -79.333 10.040 6.750 0.9 0.9 0.88
v -56.667 10.020 6.550 0.9 0.9 0.88
v -34.000 10.020 6.550 0.9 0.9 0.88
v -34.000 10.020 6.750 0.9 0.9 0.88
v -56.667 10.020 6.750 0.9 0.9 0.88
v -56.667 10.040 6.550 0.9 0.9 0.88
v -34.000 10.040 6.550 0.9 0.9 0.88
v -34.000 10.040 6.750 0.9 0.9 0.88
v -56.667 10.040 6.750 0.9 0.9 0.88
v -34.000 10.020 6.550 0.9 0.9 0.88
v -11.333 10.020 6.550 0.9 0.9 0.88
v -11.333 10.020 6.750 0.9 0.9 0.88
v -34.000 10.020 6.750 0.9 0.9 0.88
v -34.000 10.040 6.550 0.9 0.9 0.88
v -11.333 10.040 6.550 0.9 0.9 0.88
v -11.333 10.040 6.750 0.9 0.9 0.88
v -34.000 10.040 6.750 0.9 0.9 0.88
v -11.333 10.020 6.550 0.9 0.9 0.88
v 11.333 10.020 6.550 0.9 0.9 0.88
v 11.333 10.020 6.750 0.9 0.9 0.88
v -11.333 10.020 6.750 0.9 0.9 0.88
v -11.333 10.040 6.550 0.9 0.9 0.88
v 11.333 10.040 6.550 0.9 0.9 0.88
v 11.333 10.040 6.750 0.9 0.9 0.88
v -11.333 10.040 6.750 0.9 0.9 0.88
v 11.333 10.020 6.550 0.9 0.9 0.88
v 34.000 10.020 6.550 0.9 0.9 0.88
v 34.000 10.020 6.750 0.9 0.9 0.88
v 11.333 10.020 6.750 0.9 0.9 0.88
v 11.333 10.040 6.550 0.9 0.9 0.88
v 34.000 10.040 6.550 0.9 0.9 0.88
v 34.000 10.040 6.750 0.9 0.9 0.88
v 11.333 10.040 6.750 0.9 0.9 0.88
v 34.000 10.020 6.550 0.9 0.9 0.88
v 56.667 10.020 6.550 0.9 0.9 0.88
v 56.667 10.020 6.750 0.9 0.9 0.88
v 34.000 10.020 6.750 0.9 0.9 0.88
v 34.000 10.040 6.550 0.9 0.9 0.88
v 56.667 10.040 6.550 0.9 0.9 0.88
v 56.667 10.040 6.750 0.9 0.9 0.88
v 34.000 10.040 6.750 0.9 0.9 0.88
v 56.667 10.020 6.550 0.9 0.9 0.88
v 79.333 10.020 6.550 0.9 0.9 0.88
v 79.333 10.020 6.750 0.9 0.9 0.88
v 56.667 10.020 6.750 0.9 0.9 0.88
v 56.667 10.040 6.550 0.9 0.9 0.88
v 79.333 10.040 6.550 0.9 0.9 0.88
v 79.333 10.040 6.750 0.9 0.9 0.88
v 56.667 10.040 6.750 0.9 0.9 0.88
v 79.333 10.020 6.550 0.9 0.9 0.88
v 102.000 10.020 6.550 0.9 0.9 0.88
v 102.000 10.020 6.750 0.9 0.9 0.88
v 79.333 10.020 6.750 0.9 0.9 0.88
v 79.333 10.040 6.550 0.9 0.9 0.88
v 102.000 10.040 6.550 0.9 0.9 0.88
v 102.000 10.040 6.750 0.9 0.9 0.88
v 79.333 10.040 6.750 0.9 0.9 0.88
v -86.840 0.000 0.000 0.4 0.43 0.46
v -87.000 0.000 0.160 0.4 0.43 0.46
v -87.160 0.000 0.000 0.4 0.43 0.46
v -87.000 0.000 -0.160 0.4 0.43 0.46
v -86.890 17.500 0.000 0.4 0.43 0.46
v -87.000 17.500 0.110 0.4 0.43 0.46
v -87.110 17.500 0.000 0.4 0.43 0.46
v -87.000 17.500 -0.110 0.4 0.43 0.46
v -87.090 17.380 -2.600 0.4 0.43 0.46
v -86.910 17.380 -2.600 0.4 0.43 0.46
v -86.910 17.380 0.000 0.4 0.43 0.46
v -87.090 17.380 0.000 0.4 0.43 0.46
v -87.090 17.500 -2.600 0.4 0.43 0.46
v -86.910 17.500 -2.600 0.4 0.43 0.46
v -86.910 17.500 0.000 0.4 0.43 0.46
v -87.090 17.500 0.000 0.4 0.43 0.46
v -87.280 17.160 -2.820 0.98 0.94 0.72
v -86.720 17.160 -2.820 0.98 0.94 0.72
v -86.720 17.160 -2.380 0.98 0.94 0.72
v -87.280 17.160 -2.380 0.98 0.94 0.72
v -87.280 17.440 -2.820 0.98 0.94 0.72
v -86.720 17.440 -2.820 0.98 0.94 0.72
v -86.720 17.440 -2.380 0.98 0.94 0.72
v -87.280 17.440 -2.380 0.98 0.94 0.72
v -87.090 17.380 0.000 0.4 0.43 0.46
v -86.910 17.380 0.000 0.4 0.43 0.46
v -86.910 17.380 2.600 0.4 0.43 0.46
v -87.090 17.380 2.600 0.4 0.43 0.46
v -87.090 17.500 0.000 0.4 0.43 0.46
v -86.910 17.500 0.000 0.4 0.43 0.46
v -86.910 17.500 2.600 0.4 0.43 0.46
v -87.090 17.500 2.600 0.4 0.43 0.46
v -87.280 17.160 2.380 0.98 0.94 0.72
v -86.720 17.160 2.380 0.98 0.94 0.72
v -86.720 17.160 2.820 0.98 0.94 0.72
v -87.280 17.160 2.820 0.98 0.94 0.72
v -87.280 17.440 2.380 0.98 0.94 0.72
v -86.720 17.440 2.380 0.98 0.94 0.72
v -86.720 17.440 2.820 0.98 0.94 0.72
v -87.280 17.440 2.820 0.98 0.94 0.72
v -52.840 0.000 0.000 0.4 0.43 0.46
v -53.000 0.000 0.160 0.4 0.43 0.46
v -53.160 0.000 0.000 0.4 0.43 0.46
v -53.000 0.000 -0.160 0.4 0.43 0.46
v -52.890 17.500 0.000 0.4 0.43 0.46
v -53.000 17.500 0.110 0.4 0.43 0.46
v -53.110 17.500 0.000 0.4 0.43 0.46
v -53.000 17.500 -0.110 0.4 0.43 0.46
v -53.090 17.380 -2.600 0.4 0.43 0.46
v -52.910 17.380 -2.600 0.4 0.43 0.46
v -52.910 17.380 0.000 0.4 0.43 0.46
v -53.090 17.380 0.000 0.4 0.43 0.46
v -53.090 17.500 -2.600 0.4 0.43 0.46
v -52.910 17.500 -2.600 0.4 0.43 0.46
v -52.910 17.500 0.000 0.4 0.43 0.46
v -53.090 17.500 0.000 0.4 0.43 0.46
v -53.280 17.160 -2.820 0.98 0.94 0.72
v -52.720 17.160 -2.820 0.98 0.94 0.72
v -52.720 17.160 -2.380 0.98 0.94 0.72
v -53.280 17.160 -2.380 0.98 0.94 0.72
v -53.280 17.440 -2.820 0.98 0.94 0.72
v -52.720 17.440 -2.820 0.98 0.94 0.72
v -52.720 17.440 -2.380 0.98 0.94 0.72
v -53.280 17.440 -2.380 0.98 0.94 0.72
v -53.090 17.380 0.000 0.4 0.43 0.46
v -52.910 17.380 0.000 0.4 0.43 0.46
v -52.910 17.380 2.600 0.4 0.43 0.46
v -53.090 17.380 2.600 0.4 0.43 0.46
v -53.090 17.500 0.000 0.4 0.43 0.46
v -52.910 17.500 0.000 0.4 0.43 0.46
v -52.910 17.500 2.600 0.4 0.43 0.46
v -53.090 17.500 2.600 0.4 0.43 0.46
v -53.280 17.160 2.380 0.98 0.94 0.72
v -52.720 17.160 2.380 0.98 0.94 0.72
v -52.720 17.160 2.820 0.98 0.94 0.72
v -53.280 17.160 2.820 0.98 0.94 0.72
v -53.280 17.440 2.380 0.98 0.94 0.72
v -52.720 17.440 2.380 0.98 0.94 0.72
v -52.720 17.440 2.820 0.98 0.94 0.72
v -53.280 17.440 2.820 0.98 0.94 0.72
v -18.840 0.000 0.000 0.4 0.43 0.46
v -19.000 0.000 0.160 0.4 0.43 0.46
v -19.160 0.000 0.000 0.4 0.43 0.46
v -19.000 0.000 -0.160 0.4 0.43 0.46
v -18.890 17.500 0.000 0.4 0.43 0.46
v -19.000 17.500 0.110 0.4 0.43 0.46
v -19.110 17.500 0.000 0.4 0.43 0.46
v -19.000 17.500 -0.110 0.4 0.43 0.46
v -19.090 17.380 -2.600 0.4 0.43 0.46
v -18.910 17.380 -2.600 0.4 0.43 0.46
v -18.910 17.380 0.000 0.4 0.43 0.46
v -19.090 17.380 0.000 0.4 0.43 0.46
v -19.090 17.500 -2.600 0.4 0.43 0.46
v -18.910 17.500 -2.600 0.4 0.43 0.46
v -18.910 17.500 0.000 0.4 0.43 0.46
v -19.090 17.500 0.000 0.4 0.43 0.46
v -19.280 17.160 -2.820 0.98 0.94 0.72
v -18.720 17.160 -2.820 0.98 0.94 0.72
v -18.720 17.160 -2.380 0.98 0.94 0.72
v -19.280 17.160 -2.380 0.98 0.94 0.72
v -19.280 17.440 -2.820 0.98 0.94 0.72
v -18.720 17.440 -2.820 0.98 0.94 0.72
v -18.720 17.440 -2.380 0.98 0.94 0.72
v -19.280 17.440 -2.380 0.98 0.94 0.72
v -19.090 17.380 0.000 0.4 0.43 0.46
v -18.910 17.380 0.000 0.4 0.43 0.46
v -18.910 17.380 2.600 0.4 0.43 0.46
v -19.090 17.380 2.600 0.4 0.43 0.46
v -19.090 17.500 0.000 0.4 0.43 0.46
v -18.910 17.500 0.000 0.4 0.43 0.46
v -18.910 17.500 2.600 0.4 0.43 0.46
v -19.090 17.500 2.600 0.4 0.43 0.46
v -19.280 17.160 2.380 0.98 0.94 0.72
v -18.720 17.160 2.380 0.98 0.94 0.72
v -18.720 17.160 2.820 0.98 0.94 0.72
v -19.280 17.160 2.820 0.98 0.94 0.72
v -19.280 17.440 2.380 0.98 0.94 0.72
v -18.720 17.440 2.380 0.98 0.94 0.72
v -18.720 17.440 2.820 0.98 0.94 0.72
v -19.280 17.440 2.820 0.98 0.94 0.72
v 15.160 0.000 0.000 0.4 0.43 0.46
v 15.000 0.000 0.160 0.4 0.43 0.46
v 14.840 0.000 0.000 0.4 0.43 0.46
v 15.000 0.000 -0.160 0.4 0.43 0.46
v 15.110 17.500 0.000 0.4 0.43 0.46
v 15.000 17.500 0.110 0.4 0.43 0.46
v 14.890 17.500 0.000 0.4 0.43 0.46
v 15.000 17.500 -0.110 0.4 0.43 0.46
v 14.910 17.380 -2.600 0.4 0.43 0.46
v 15.090 17.380 -2.600 0.4 0.43 0.46
v 15.090 17.380 0.000 0.4 0.43 0.46
v 14.910 17.380 0.000 0.4 0.43 0.46
v 14.910 17.500 -2.600 0.4 0.43 0.46
v 15.090 17.500 -2.600 0.4 0.43 0.46
v 15.090 17.500 0.000 0.4 0.43 0.46
v 14.910 17.500 0.000 0.4 0.43 0.46
v 14.720 17.160 -2.820 0.98 0.94 0.72
v 15.280 17.160 -2.820 0.98 0.94 0.72
v 15.280 17.160 -2.380 0.98 0.94 0.72
v 14.720 17.160 -2.380 0.98 0.94 0.72
v 14.720 17.440 -2.820 0.98 0.94 0.72
v 15.280 17.440 -2.820 0.98 0.94 0.72
v 15.280 17.440 -2.380 0.98 0.94 0.72
v 14.720 17.440 -2.380 0.98 0.94 0.72
v 14.910 17.380 0.000 0.4 0.43 0.46
v 15.090 17.380 0.000 0.4 0.43 0.46
v 15.090 17.380 2.600 0.4 0.43 0.46
v 14.910 17.380 2.600 0.4 0.43 0.46
v 14.910 17.500 0.000 0.4 0.43 0.46
v 15.090 17.500 0.000 0.4 0.43 0.46
v 15.090 17.500 2.600 0.4 0.43 0.46
v 14.910 17.500 2.600 0.4 0.43 0.46
v 14.720 17.160 2.380 0.98 0.94 0.72
v 15.280 17.160 2.380 0.98 0.94 0.72
v 15.280 17.160 2.820 0.98 0.94 0.72
v 14.720 17.160 2.820 0.98 0.94 0.72
v 14.720 17.440 2.380 0.98 0.94 0.72
v 15.280 17.440 2.380 0.98 0.94 0.72
v 15.280 17.440 2.820 0.98 0.94 0.72
v 14.720 17.440 2.820 0.98 0.94 0.72
v 49.160 0.000 0.000 0.4 0.43 0.46
v 49.000 0.000 0.160 0.4 0.43 0.46
v 48.840 0.000 0.000 0.4 0.43 0.46
v 49.000 0.000 -0.160 0.4 0.43 0.46
v 49.110 17.500 0.000 0.4 0.43 0.46
v 49.000 17.500 0.110 0.4 0.43 0.46
v 48.890 17.500 0.000 0.4 0.43 0.46
v 49.000 17.500 -0.110 0.4 0.43 0.46
v 48.910 17.380 -2.600 0.4 0.43 0.46
v 49.090 17.380 -2.600 0.4 0.43 0.46
v 49.090 17.380 0.000 0.4 0.43 0.46
v 48.910 17.380 0.000 0.4 0.43 0.46
v 48.910 17.500 -2.600 0.4 0.43 0.46
v 49.090 17.500 -2.600 0.4 0.43 0.46
v 49.090 17.500 0.000 0.4 0.43 0.46
v 48.910 17.500 0.000 0.4 0.43 0.46
v 48.720 17.160 -2.820 0.98 0.94 0.72
v 49.280 17.160 -2.820 0.98 0.94 0.72
v 49.280 17.160 -2.380 0.98 0.94 0.72
v 48.720 17.160 -2.380 0.98 0.94 0.72
v 48.720 17.440 -2.820 0.98 0.94 0.72
v 49.280 17.440 -2.820 0.98 0.94 0.72
v 49.280 17.440 -2.380 0.98 0.94 0.72
v 48.720 17.440 -2.380 0.98 0.94 0.72
v 48.910 17.380 0.000 0.4 0.43 0.46
v 49.090 17.380 0.000 0.4 0.43 0.46
v 49.090 17.380 2.600 0.4 0.43 0.46
v 48.910 17.380 2.600 0.4 0.43 0.46
v 48.910 17.500 0.000 0.4 0.43 0.46
v 49.090 17.500 0.000 0.4 0.43 0.46
v 49.090 17.500 2.600 0.4 0.43 0.46
v 48.910 17.500 2.600 0.4 0.43 0.46
v 48.720 17.160 2.380 0.98 0.94 0.72
v 49.280 17.160 2.380 0.98 0.94 0.72
v 49.280 17.160 2.820 0.98 0.94 0.72
v 48.720 17.160 2.820 0.98 0.94 0.72
v 48.720 17.440 2.380 0.98 0.94 0.72
v 49.280 17.440 2.380 0.98 0.94 0.72
v 49.280 17.440 2.820 0.98 0.94 0.72
v 48.720 17.440 2.820 0.98 0.94 0.72
v 83.160 0.000 0.000 0.4 0.43 0.46
v 83.000 0.000 0.160 0.4 0.43 0.46
v 82.840 0.000 0.000 0.4 0.43 0.46
v 83.000 0.000 -0.160 0.4 0.43 0.46
v 83.110 17.500 0.000 0.4 0.43 0.46
v 83.000 17.500 0.110 0.4 0.43 0.46
v 82.890 17.500 0.000 0.4 0.43 0.46
v 83.000 17.500 -0.110 0.4 0.43 0.46
v 82.910 17.380 -2.600 0.4 0.43 0.46
v 83.090 17.380 -2.600 0.4 0.43 0.46
v 83.090 17.380 0.000 0.4 0.43 0.46
v 82.910 17.380 0.000 0.4 0.43 0.46
v 82.910 17.500 -2.600 0.4 0.43 0.46
v 83.090 17.500 -2.600 0.4 0.43 0.46
v 83.090 17.500 0.000 0.4 0.43 0.46
v 82.910 17.500 0.000 0.4 0.43 0.46
v 82.720 17.160 -2.820 0.98 0.94 0.72
v 83.280 17.160 -2.820 0.98 0.94 0.72
v 83.280 17.160 -2.380 0.98 0.94 0.72
v 82.720 17.160 -2.380 0.98 0.94 0.72
v 82.720 17.440 -2.820 0.98 0.94 0.72
v 83.280 17.440 -2.820 0.98 0.94 0.72
v 83.280 17.440 -2.380 0.98 0.94 0.72
v 82.720 17.440 -2.380 0.98 0.94 0.72
v 82.910 17.380 0.000 0.4 0.43 0.46
v 83.090 17.380 0.000 0.4 0.43 0.46
v 83.090 17.380 2.600 0.4 0.43 0.46
v 82.910 17.380 2.600 0.4 0.43 0.46
v 82.910 17.500 0.000 0.4 0.43 0.46
v 83.090 17.500 0.000 0.4 0.43 0.46
v 83.090 17.500 2.600 0.4 0.43 0.46
v 82.910 17.500 2.600 0.4 0.43 0.46
v 82.720 17.160 2.380 0.98 0.94 0.72
v 83.280 17.160 2.380 0.98 0.94 0.72
v 83.280 17.160 2.820 0.98 0.94 0.72
v 82.720 17.160 2.820 0.98 0.94 0.72
v 82.720 17.440 2.380 0.98 0.94 0.72
v 83.280 17.440 2.380 0.98 0.94 0.72
v 83.280 17.440 2.820 0.98 0.94 0.72
v 82.720 17.440 2.820 0.98 0.94 0.72
v -88.150 10.360 -6.120 0.87 0.88 0.89
v -83.850 10.360 -6.120 0.87 0.88 0.89
v -83.850 10.760 -6.120 0.87 0.88 0.89
v -84.550 10.800 -6.120 0.87 0.88 0.89
v -85.100 11.420 -6.120 0.87 0.88 0.89
v -86.800 11.460 -6.120 0.87 0.88 0.89
v -87.400 10.820 -6.120 0.87 0.88 0.89
v -88.150 10.760 -6.120 0.87 0.88 0.89
v -88.150 10.360 -4.280 0.87 0.88 0.89
v -83.850 10.360 -4.280 0.87 0.88 0.89
v -83.850 10.760 -4.280 0.87 0.88 0.89
v -84.550 10.800 -4.280 0.87 0.88 0.89
v -85.100 11.420 -4.280 0.87 0.88 0.89
v -86.800 11.460 -4.280 0.87 0.88 0.89
v -87.400 10.820 -4.280 0.87 0.88 0.89
v -88.150 10.760 -4.280 0.87 0.88 0.89
v -84.700 10.820 -6.000 0.26 0.33 0.39
v -85.080 11.420 -6.000 0.26 0.33 0.39
v -86.780 11.460 -6.000 0.26 0.33 0.39
v -87.280 10.860 -6.000 0.26 0.33 0.39
v -84.700 10.820 -4.400 0.26 0.33 0.39
v -85.080 11.420 -4.400 0.26 0.33 0.39
v -86.780 11.460 -4.400 0.26 0.33 0.39
v -87.280 10.860 -4.400 0.26 0.33 0.39
v -54.150 10.360 -3.320 0.68 0.19 0.16
v -49.850 10.360 -3.320 0.68 0.19 0.16
v -49.850 10.760 -3.320 0.68 0.19 0.16
v -50.550 10.800 -3.320 0.68 0.19 0.16
v -51.100 11.420 -3.320 0.68 0.19 0.16
v -52.800 11.460 -3.320 0.68 0.19 0.16
v -53.400 10.820 -3.320 0.68 0.19 0.16
v -54.150 10.760 -3.320 0.68 0.19 0.16
v -54.150 10.360 -1.480 0.68 0.19 0.16
v -49.850 10.360 -1.480 0.68 0.19 0.16
v -49.850 10.760 -1.480 0.68 0.19 0.16
v -50.550 10.800 -1.480 0.68 0.19 0.16
v -51.100 11.420 -1.480 0.68 0.19 0.16
v -52.800 11.460 -1.480 0.68 0.19 0.16
v -53.400 10.820 -1.480 0.68 0.19 0.16
v -54.150 10.760 -1.480 0.68 0.19 0.16
v -50.700 10.820 -3.200 0.26 0.33 0.39
v -51.080 11.420 -3.200 0.26 0.33 0.39
v -52.780 11.460 -3.200 0.26 0.33 0.39
v -53.280 10.860 -3.200 0.26 0.33 0.39
v -50.700 10.820 -1.600 0.26 0.33 0.39
v -51.080 11.420 -1.600 0.26 0.33 0.39
v -52.780 11.460 -1.600 0.26 0.33 0.39
v -53.280 10.860 -1.600 0.26 0.33 0.39
v -22.150 10.360 -6.120 0.38 0.42 0.46
v -17.850 10.360 -6.120 0.38 0.42 0.46
v -17.850 10.760 -6.120 0.38 0.42 0.46
v -18.550 10.800 -6.120 0.38 0.42 0.46
v -19.100 11.420 -6.120 0.38 0.42 0.46
v -20.800 11.460 -6.120 0.38 0.42 0.46
v -21.400 10.820 -6.120 0.38 0.42 0.46
v -22.150 10.760 -6.120 0.38 0.42 0.46
v -22.150 10.360 -4.280 0.38 0.42 0.46
v -17.850 10.360 -4.280 0.38 0.42 0.46
v -17.850 10.760 -4.280 0.38 0.42 0.46
v -18.550 10.800 -4.280 0.38 0.42 0.46
v -19.100 11.420 -4.280 0.38 0.42 0.46
v -20.800 11.460 -4.280 0.38 0.42 0.46
v -21.400 10.820 -4.280 0.38 0.42 0.46
v -22.150 10.760 -4.280 0.38 0.42 0.46
v -18.700 10.820 -6.000 0.26 0.33 0.39
v -19.080 11.420 -6.000 0.26 0.33 0.39
v -20.780 11.460 -6.000 0.26 0.33 0.39
v -21.280 10.860 -6.000 0.26 0.33 0.39
v -18.700 10.820 -4.400 0.26 0.33 0.39
v -19.080 11.420 -4.400 0.26 0.33 0.39
v -20.780 11.460 -4.400 0.26 0.33 0.39
v -21.280 10.860 -4.400 0.26 0.33 0.39
v 13.850 10.360 -3.320 0.19 0.36 0.58
v 18.150 10.360 -3.320 0.19 0.36 0.58
v 18.150 10.760 -3.320 0.19 0.36 0.58
v 17.450 10.800 -3.320 0.19 0.36 0.58
v 16.900 11.420 -3.320 0.19 0.36 0.58
v 15.200 11.460 -3.320 0.19 0.36 0.58
v 14.600 10.820 -3.320 0.19 0.36 0.58
v 13.850 10.760 -3.320 0.19 0.36 0.58
v 13.850 10.360 -1.480 0.19 0.36 0.58
v 18.150 10.360 -1.480 0.19 0.36 0.58
v 18.150 10.760 -1.480 0.19 0.36 0.58
v 17.450 10.800 -1.480 0.19 0.36 0.58
v 16.900 11.420 -1.480 0.19 0.36 0.58
v 15.200 11.460 -1.480 0.19 0.36 0.58
v 14.600 10.820 -1.480 0.19 0.36 0.58
v 13.850 10.760 -1.480 0.19 0.36 0.58
v 17.300 10.820 -3.200 0.26 0.33 0.39
v 16.920 11.420 -3.200 0.26 0.33 0.39
v 15.220 11.460 -3.200 0.26 0.33 0.39
v 14.720 10.860 -3.200 0.26 0.33 0.39
v 17.300 10.820 -1.600 0.26 0.33 0.39
v 16.920 11.420 -1.600 0.26 0.33 0.39
v 15.220 11.460 -1.600 0.26 0.33 0.39
v 14.720 10.860 -1.600 0.26 0.33 0.39
v 49.850 10.360 -6.120 0.86 0.68 0.13
v 54.150 10.360 -6.120 0.86 0.68 0.13
v 54.150 10.760 -6.120 0.86 0.68 0.13
v 53.450 10.800 -6.120 0.86 0.68 0.13
v 52.900 11.420 -6.120 0.86 0.68 0.13
v 51.200 11.460 -6.120 0.86 0.68 0.13
v 50.600 10.820 -6.120 0.86 0.68 0.13
v 49.850 10.760 -6.120 0.86 0.68 0.13
v 49.850 10.360 -4.280 0.86 0.68 0.13
v 54.150 10.360 -4.280 0.86 0.68 0.13
v 54.150 10.760 -4.280 0.86 0.68 0.13
v 53.450 10.800 -4.280 0.86 0.68 0.13
v 52.900 11.420 -4.280 0.86 0.68 0.13
v 51.200 11.460 -4.280 0.86 0.68 0.13
v 50.600 10.820 -4.280 0.86 0.68 0.13
v 49.850 10.760 -4.280 0.86 0.68 0.13
v 53.300 10.820 -6.000 0.26 0.33 0.39
v 52.920 11.420 -6.000 0.26 0.33 0.39
v 51.220 11.460 -6.000 0.26 0.33 0.39
v 50.720 10.860 -6.000 0.26 0.33 0.39
v 53.300 10.820 -4.400 0.26 0.33 0.39
v 52.920 11.420 -4.400 0.26 0.33 0.39
v 51.220 11.460 -4.400 0.26 0.33 0.39
v 50.720 10.860 -4.400 0.26 0.33 0.39
v 85.850 10.360 -3.320 0.87 0.88 0.89
v 90.150 10.360 -3.320 0.87 0.88 0.89
v 90.150 10.760 -3.320 0.87 0.88 0.89
v 89.450 10.800 -3.320 0.87 0.88 0.89
v 88.900 11.420 -3.320 0.87 0.88 0.89
v 87.200 11.460 -3.320 0.87 0.88 0.89
v 86.600 10.820 -3.320 0.87 0.88 0.89
v 85.850 10.760 -3.320 0.87 0.88 0.89
v 85.850 10.360 -1.480 0.87 0.88 0.89
v 90.150 10.360 -1.480 0.87 0.88 0.89
v 90.150 10.760 -1.480 0.87 0.88 0.89
v 89.450 10.800 -1.480 0.87 0.88 0.89
v 88.900 11.420 -1.480 0.87 0.88 0.89
v 87.200 11.460 -1.480 0.87 0.88 0.89
v 86.600 10.820 -1.480 0.87 0.88 0.89
v 85.850 10.760 -1.480 0.87 0.88 0.89
v 89.300 10.820 -3.200 0.26 0.33 0.39
v 88.920 11.420 -3.200 0.26 0.33 0.39
v 87.220 11.460 -3.200 0.26 0.33 0.39
v 86.720 10.860 -3.200 0.26 0.33 0.39
v 89.300 10.820 -1.600 0.26 0.33 0.39
v 88.920 11.420 -1.600 0.26 0.33 0.39
v 87.220 11.460 -1.600 0.26 0.33 0.39
v 86.720 10.860 -1.600 0.26 0.33 0.39
v -72.150 10.360 1.480 0.38 0.42 0.46
v -67.850 10.360 1.480 0.38 0.42 0.46
v -67.850 10.760 1.480 0.38 0.42 0.46
v -68.550 10.800 1.480 0.38 0.42 0.46
v -69.100 11.420 1.480 0.38 0.42 0.46
v -70.800 11.460 1.480 0.38 0.42 0.46
v -71.400 10.820 1.480 0.38 0.42 0.46
v -72.150 10.760 1.480 0.38 0.42 0.46
v -72.150 10.360 3.320 0.38 0.42 0.46
v -67.850 10.360 3.320 0.38 0.42 0.46
v -67.850 10.760 3.320 0.38 0.42 0.46
v -68.550 10.800 3.320 0.38 0.42 0.46
v -69.100 11.420 3.320 0.38 0.42 0.46
v -70.800 11.460 3.320 0.38 0.42 0.46
v -71.400 10.820 3.320 0.38 0.42 0.46
v -72.150 10.760 3.320 0.38 0.42 0.46
v -68.700 10.820 1.600 0.26 0.33 0.39
v -69.080 11.420 1.600 0.26 0.33 0.39
v -70.780 11.460 1.600 0.26 0.33 0.39
v -71.280 10.860 1.600 0.26 0.33 0.39
v -68.700 10.820 3.200 0.26 0.33 0.39
v -69.080 11.420 3.200 0.26 0.33 0.39
v -70.780 11.460 3.200 0.26 0.33 0.39
v -71.280 10.860 3.200 0.26 0.33 0.39
v -34.150 10.360 4.280 0.87 0.88 0.89
v -29.850 10.360 4.280 0.87 0.88 0.89
v -29.850 10.760 4.280 0.87 0.88 0.89
v -30.550 10.800 4.280 0.87 0.88 0.89
v -31.100 11.420 4.280 0.87 0.88 0.89
v -32.800 11.460 4.280 0.87 0.88 0.89
v -33.400 10.820 4.280 0.87 0.88 0.89
v -34.150 10.760 4.280 0.87 0.88 0.89
v -34.150 10.360 6.120 0.87 0.88 0.89
v -29.850 10.360 6.120 0.87 0.88 0.89
v -29.850 10.760 6.120 0.87 0.88 0.89
v -30.550 10.800 6.120 0.87 0.88 0.89
v -31.100 11.420 6.120 0.87 0.88 0.89
v -32.800 11.460 6.120 0.87 0.88 0.89
v -33.400 10.820 6.120 0.87 0.88 0.89
v -34.150 10.760 6.120 0.87 0.88 0.89
v -30.700 10.820 4.400 0.26 0.33 0.39
v -31.080 11.420 4.400 0.26 0.33 0.39
v -32.780 11.460 4.400 0.26 0.33 0.39
v -33.280 10.860 4.400 0.26 0.33 0.39
v -30.700 10.820 6.000 0.26 0.33 0.39
v -31.080 11.420 6.000 0.26 0.33 0.39
v -32.780 11.460 6.000 0.26 0.33 0.39
v -33.280 10.860 6.000 0.26 0.33 0.39
v 5.850 10.360 1.480 0.68 0.19 0.16
v 10.150 10.360 1.480 0.68 0.19 0.16
v 10.150 10.760 1.480 0.68 0.19 0.16
v 9.450 10.800 1.480 0.68 0.19 0.16
v 8.900 11.420 1.480 0.68 0.19 0.16
v 7.200 11.460 1.480 0.68 0.19 0.16
v 6.600 10.820 1.480 0.68 0.19 0.16
v 5.850 10.760 1.480 0.68 0.19 0.16
v 5.850 10.360 3.320 0.68 0.19 0.16
v 10.150 10.360 3.320 0.68 0.19 0.16
v 10.150 10.760 3.320 0.68 0.19 0.16
v 9.450 10.800 3.320 0.68 0.19 0.16
v 8.900 11.420 3.320 0.68 0.19 0.16
v 7.200 11.460 3.320 0.68 0.19 0.16
v 6.600 10.820 3.320 0.68 0.19 0.16
v 5.850 10.760 3.320 0.68 0.19 0.16
v 9.300 10.820 1.600 0.26 0.33 0.39
v 8.920 11.420 1.600 0.26 0.33 0.39
v 7.220 11.460 1.600 0.26 0.33 0.39
v 6.720 10.860 1.600 0.26 0.33 0.39
v 9.300 10.820 3.200 0.26 0.33 0.39
v 8.920 11.420 3.200 0.26 0.33 0.39
v 7.220 11.460 3.200 0.26 0.33 0.39
v 6.720 10.860 3.200 0.26 0.33 0.39
v 41.850 10.360 4.280 0.19 0.36 0.58
v 46.150 10.360 4.280 0.19 0.36 0.58
v 46.150 10.760 4.280 0.19 0.36 0.58
v 45.450 10.800 4.280 0.19 0.36 0.58
v 44.900 11.420 4.280 0.19 0.36 0.58
v 43.200 11.460 4.280 0.19 0.36 0.58
v 42.600 10.820 4.280 0.19 0.36 0.58
v 41.850 10.760 4.280 0.19 0.36 0.58
v 41.850 10.360 6.120 0.19 0.36 0.58
v 46.150 10.360 6.120 0.19 0.36 0.58
v 46.150 10.760 6.120 0.19 0.36 0.58
v 45.450 10.800 6.120 0.19 0.36 0.58
v 44.900 11.420 6.120 0.19 0.36 0.58
v 43.200 11.460 6.120 0.19 0.36 0.58
v 42.600 10.820 6.120 0.19 0.36 0.58
v 41.850 10.760 6.120 0.19 0.36 0.58
v 45.300 10.820 4.400 0.26 0.33 0.39
v 44.920 11.420 4.400 0.26 0.33 0.39
v 43.220 11.460 4.400 0.26 0.33 0.39
v 42.720 10.860 4.400 0.26 0.33 0.39
v 45.300 10.820 6.000 0.26 0.33 0.39
v 44.920 11.420 6.000 0.26 0.33 0.39
v 43.220 11.460 6.000 0.26 0.33 0.39
v 42.720 10.860 6.000 0.26 0.33 0.39
v 75.850 10.360 1.480 0.87 0.88 0.89
v 80.150 10.360 1.480 0.87 0.88 0.89
v 80.150 10.760 1.480 0.87 0.88 0.89
v 79.450 10.800 1.480 0.87 0.88 0.89
v 78.900 11.420 1.480 0.87 0.88 0.89
v 77.200 11.460 1.480 0.87 0.88 0.89
v 76.600 10.820 1.480 0.87 0.88 0.89
v 75.850 10.760 1.480 0.87 0.88 0.89
v 75.850 10.360 3.320 0.87 0.88 0.89
v 80.150 10.360 3.320 0.87 0.88 0.89
v 80.150 10.760 3.320 0.87 0.88 0.89
v 79.450 10.800 3.320 0.87 0.88 0.89
v 78.900 11.420 3.320 0.87 0.88 0.89
v 77.200 11.460 3.320 0.87 0.88 0.89
v 76.600 10.820 3.320 0.87 0.88 0.89
v 75.850 10.760 3.320 0.87 0.88 0.89
v 79.300 10.820 1.600 0.26 0.33 0.39
v 78.920 11.420 1.600 0.26 0.33 0.39
v 77.220 11.460 1.600 0.26 0.33 0.39
v 76.720 10.860 1.600 0.26 0.33 0.39
v 79.300 10.820 3.200 0.26 0.33 0.39
v 78.920 11.420 3.200 0.26 0.33 0.39
v 77.220 11.460 3.200 0.26 0.33 0.39
v 76.720 10.860 3.200 0.26 0.33 0.39
v 25.530 9.488 -13.280 0.68 0.19 0.16
v 29.830 9.488 -13.280 0.68 0.19 0.16
v 29.830 9.888 -13.280 0.68 0.19 0.16
v 29.130 9.928 -13.280 0.68 0.19 0.16
v 28.580 10.548 -13.280 0.68 0.19 0.16
v 26.880 10.588 -13.280 0.68 0.19 0.16
v 26.280 9.948 -13.280 0.68 0.19 0.16
v 25.530 9.888 -13.280 0.68 0.19 0.16
v 25.530 9.488 -11.440 0.68 0.19 0.16
v 29.830 9.488 -11.440 0.68 0.19 0.16
v 29.830 9.888 -11.440 0.68 0.19 0.16
v 29.130 9.928 -11.440 0.68 0.19 0.16
v 28.580 10.548 -11.440 0.68 0.19 0.16
v 26.880 10.588 -11.440 0.68 0.19 0.16
v 26.280 9.948 -11.440 0.68 0.19 0.16
v 25.530 9.888 -11.440 0.68 0.19 0.16
v 28.980 9.948 -13.160 0.26 0.33 0.39
v 28.600 10.548 -13.160 0.26 0.33 0.39
v 26.900 10.588 -13.160 0.26 0.33 0.39
v 26.400 9.988 -13.160 0.26 0.33 0.39
v 28.980 9.948 -11.560 0.26 0.33 0.39
v 28.600 10.548 -11.560 0.26 0.33 0.39
v 26.900 10.588 -11.560 0.26 0.33 0.39
v 26.400 9.988 -11.560 0.26 0.33 0.39
v 56.550 5.193 -20.095 0.87 0.88 0.89
v 60.850 5.193 -20.095 0.87 0.88 0.89
v 60.850 5.593 -20.095 0.87 0.88 0.89
v 60.150 5.633 -20.095 0.87 0.88 0.89
v 59.600 6.253 -20.095 0.87 0.88 0.89
v 57.900 6.293 -20.095 0.87 0.88 0.89
v 57.300 5.653 -20.095 0.87 0.88 0.89
v 56.550 5.593 -20.095 0.87 0.88 0.89
v 56.550 5.193 -18.255 0.87 0.88 0.89
v 60.850 5.193 -18.255 0.87 0.88 0.89
v 60.850 5.593 -18.255 0.87 0.88 0.89
v 60.150 5.633 -18.255 0.87 0.88 0.89
v 59.600 6.253 -18.255 0.87 0.88 0.89
v 57.900 6.293 -18.255 0.87 0.88 0.89
v 57.300 5.653 -18.255 0.87 0.88 0.89
v 56.550 5.593 -18.255 0.87 0.88 0.89
v 60.000 5.653 -19.975 0.26 0.33 0.39
v 59.620 6.253 -19.975 0.26 0.33 0.39
v 57.920 6.293 -19.975 0.26 0.33 0.39
v 57.420 5.693 -19.975 0.26 0.33 0.39
v 60.000 5.653 -18.375 0.26 0.33 0.39
v 59.620 6.253 -18.375 0.26 0.33 0.39
v 57.920 6.293 -18.375 0.26 0.33 0.39
v 57.420 5.693 -18.375 0.26 0.33 0.39
v 81.930 1.782 -21.420 0.86 0.68 0.13
v 86.230 1.782 -21.420 0.86 0.68 0.13
v 86.230 2.182 -21.420 0.86 0.68 0.13
v 85.530 2.222 -21.420 0.86 0.68 0.13
v 84.980 2.842 -21.420 0.86 0.68 0.13
v 83.280 2.882 -21.420 0.86 0.68 0.13
v 82.680 2.242 -21.420 0.86 0.68 0.13
v 81.930 2.182 -21.420 0.86 0.68 0.13
v 81.930 1.782 -19.580 0.86 0.68 0.13
v 86.230 1.782 -19.580 0.86 0.68 0.13
v 86.230 2.182 -19.580 0.86 0.68 0.13
v 85.530 2.222 -19.580 0.86 0.68 0.13
v 84.980 2.842 -19.580 0.86 0.68 0.13
v 83.280 2.882 -19.580 0.86 0.68 0.13
v 82.680 2.242 -19.580 0.86 0.68 0.13
v 81.930 2.182 -19.580 0.86 0.68 0.13
v 85.380 2.242 -21.300 0.26 0.33 0.39
v 85.000 2.842 -21.300 0.26 0.33 0.39
v 83.300 2.882 -21.300 0.26 0.33 0.39
v 82.800 2.282 -21.300 0.26 0.33 0.39
v 85.380 2.242 -19.700 0.26 0.33 0.39
v 85.000 2.842 -19.700 0.26 0.33 0.39
v 83.300 2.882 -19.700 0.26 0.33 0.39
v 82.800 2.282 -19.700 0.26 0.33 0.39
v -29.830 9.488 -13.280 0.68 0.19 0.16
v -25.530 9.488 -13.280 0.68 0.19 0.16
v -25.530 9.888 -13.280 0.68 0.19 0.16
v -26.230 9.928 -13.280 0.68 0.19 0.16
v -26.780 10.548 -13.280 0.68 0.19 0.16
v -28.480 10.588 -13.280 0.68 0.19 0.16
v -29.080 9.948 -13.280 0.68 0.19 0.16
v -29.830 9.888 -13.280 0.68 0.19 0.16
v -29.830 9.488 -11.440 0.68 0.19 0.16
v -25.530 9.488 -11.440 0.68 0.19 0.16
v -25.530 9.888 -11.440 0.68 0.19 0.16
v -26.230 9.928 -11.440 0.68 0.19 0.16
v -26.780 10.548 -11.440 0.68 0.19 0.16
v -28.480 10.588 -11.440 0.68 0.19 0.16
v -29.080 9.948 -11.440 0.68 0.19 0.16
v -29.830 9.888 -11.440 0.68 0.19 0.16
v -26.380 9.948 -13.160 0.26 0.33 0.39
v -26.760 10.548 -13.160 0.26 0.33 0.39
v -28.460 10.588 -13.160 0.26 0.33 0.39
v -28.960 9.988 -13.160 0.26 0.33 0.39
v -26.380 9.948 -11.560 0.26 0.33 0.39
v -26.760 10.548 -11.560 0.26 0.33 0.39
v -28.460 10.588 -11.560 0.26 0.33 0.39
v -28.960 9.988 -11.560 0.26 0.33 0.39
v -60.850 5.193 -20.095 0.87 0.88 0.89
v -56.550 5.193 -20.095 0.87 0.88 0.89
v -56.550 5.593 -20.095 0.87 0.88 0.89
v -57.250 5.633 -20.095 0.87 0.88 0.89
v -57.800 6.253 -20.095 0.87 0.88 0.89
v -59.500 6.293 -20.095 0.87 0.88 0.89
v -60.100 5.653 -20.095 0.87 0.88 0.89
v -60.850 5.593 -20.095 0.87 0.88 0.89
v -60.850 5.193 -18.255 0.87 0.88 0.89
v -56.550 5.193 -18.255 0.87 0.88 0.89
v -56.550 5.593 -18.255 0.87 0.88 0.89
v -57.250 5.633 -18.255 0.87 0.88 0.89
v -57.800 6.253 -18.255 0.87 0.88 0.89
v -59.500 6.293 -18.255 0.87 0.88 0.89
v -60.100 5.653 -18.255 0.87 0.88 0.89
v -60.850 5.593 -18.255 0.87 0.88 0.89
v -57.400 5.653 -19.975 0.26 0.33 0.39
v -57.780 6.253 -19.975 0.26 0.33 0.39
v -59.480 6.293 -19.975 0.26 0.33 0.39
v -59.980 5.693 -19.975 0.26 0.33 0.39
v -57.400 5.653 -18.375 0.26 0.33 0.39
v -57.780 6.253 -18.375 0.26 0.33 0.39
v -59.480 6.293 -18.375 0.26 0.33 0.39
v -59.980 5.693 -18.375 0.26 0.33 0.39
v -86.230 1.782 -21.420 0.86 0.68 0.13
v -81.930 1.782 -21.420 0.86 0.68 0.13
v -81.930 2.182 -21.420 0.86 0.68 0.13
v -82.630 2.222 -21.420 0.86 0.68 0.13
v -83.180 2.842 -21.420 0.86 0.68 0.13
v -84.880 2.882 -21.420 0.86 0.68 0.13
v -85.480 2.242 -21.420 0.86 0.68 0.13
v -86.230 2.182 -21.420 0.86 0.68 0.13
v -86.230 1.782 -19.580 0.86 0.68 0.13
v -81.930 1.782 -19.580 0.86 0.68 0.13
v -81.930 2.182 -19.580 0.86 0.68 0.13
v -82.630 2.222 -19.580 0.86 0.68 0.13
v -83.180 2.842 -19.580 0.86 0.68 0.13
v -84.880 2.882 -19.580 0.86 0.68 0.13
v -85.480 2.242 -19.580 0.86 0.68 0.13
v -86.230 2.182 -19.580 0.86 0.68 0.13
v -82.780 2.242 -21.300 0.26 0.33 0.39
v -83.160 2.842 -21.300 0.26 0.33 0.39
v -84.860 2.882 -21.300 0.26 0.33 0.39
v -85.360 2.282 -21.300 0.26 0.33 0.39
v -82.780 2.242 -19.700 0.26 0.33 0.39
v -83.160 2.842 -19.700 0.26 0.33 0.39
v -84.860 2.882 -19.700 0.26 0.33 0.39
v -85.360 2.282 -19.700 0.26 0.33 0.39
v -94.150 0.450 -24.820 0.19 0.36 0.58
v -89.850 0.450 -24.820 0.19 0.36 0.58
v -89.850 0.850 -24.820 0.19 0.36 0.58
v -90.550 0.890 -24.820 0.19 0.36 0.58
v -91.100 1.510 -24.820 0.19 0.36 0.58
v -92.800 1.550 -24.820 0.19 0.36 0.58
v -93.400 0.910 -24.820 0.19 0.36 0.58
v -94.150 0.850 -24.820 0.19 0.36 0.58
v -94.150 0.450 -22.980 0.19 0.36 0.58
v -89.850 0.450 -22.980 0.19 0.36 0.58
v -89.850 0.850 -22.980 0.19 0.36 0.58
v -90.550 0.890 -22.980 0.19 0.36 0.58
v -91.100 1.510 -22.980 0.19 0.36 0.58
v -92.800 1.550 -22.980 0.19 0.36 0.58
v -93.400 0.910 -22.980 0.19 0.36 0.58
v -94.150 0.850 -22.980 0.19 0.36 0.58
v -90.700 0.910 -24.700 0.26 0.33 0.39
v -91.080 1.510 -24.700 0.26 0.33 0.39
v -92.780 1.550 -24.700 0.26 0.33 0.39
v -93.280 0.950 -24.700 0.26 0.33 0.39
v -90.700 0.910 -23.100 0.26 0.33 0.39
v -91.080 1.510 -23.100 0.26 0.33 0.39
v -92.780 1.550 -23.100 0.26 0.33 0.39
v -93.280 0.950 -23.100 0.26 0.33 0.39
v -66.150 0.450 -18.020 0.87 0.88 0.89
v -61.850 0.450 -18.020 0.87 0.88 0.89
v -61.850 0.850 -18.020 0.87 0.88 0.89
v -62.550 0.890 -18.020 0.87 0.88 0.89
v -63.100 1.510 -18.020 0.87 0.88 0.89
v -64.800 1.550 -18.020 0.87 0.88 0.89
v -65.400 0.910 -18.020 0.87 0.88 0.89
v -66.150 0.850 -18.020 0.87 0.88 0.89
v -66.150 0.450 -16.180 0.87 0.88 0.89
v -61.850 0.450 -16.180 0.87 0.88 0.89
v -61.850 0.850 -16.180 0.87 0.88 0.89
v -62.550 0.890 -16.180 0.87 0.88 0.89
v -63.100 1.510 -16.180 0.87 0.88 0.89
v -64.800 1.550 -16.180 0.87 0.88 0.89
v -65.400 0.910 -16.180 0.87 0.88 0.89
v -66.150 0.850 -16.180 0.87 0.88 0.89
v -62.700 0.910 -17.900 0.26 0.33 0.39
v -63.080 1.510 -17.900 0.26 0.33 0.39
v -64.780 1.550 -17.900 0.26 0.33 0.39
v -65.280 0.950 -17.900 0.26 0.33 0.39
v -62.700 0.910 -16.300 0.26 0.33 0.39
v -63.080 1.510 -16.300 0.26 0.33 0.39
v -64.780 1.550 -16.300 0.26 0.33 0.39
v -65.280 0.950 -16.300 0.26 0.33 0.39
v -42.150 0.450 -24.820 0.68 0.19 0.16
v -37.850 0.450 -24.820 0.68 0.19 0.16
v -37.850 0.850 -24.820 0.68 0.19 0.16
v -38.550 0.890 -24.820 0.68 0.19 0.16
v -39.100 1.510 -24.820 0.68 0.19 0.16
v -40.800 1.550 -24.820 0.68 0.19 0.16
v -41.400 0.910 -24.820 0.68 0.19 0.16
v -42.150 0.850 -24.820 0.68 0.19 0.16
v -42.150 0.450 -22.980 0.68 0.19 0.16
v -37.850 0.450 -22.980 0.68 0.19 0.16
v -37.850 0.850 -22.980 0.68 0.19 0.16
v -38.550 0.890 -22.980 0.68 0.19 0.16
v -39.100 1.510 -22.980 0.68 0.19 0.16
v -40.800 1.550 -22.980 0.68 0.19 0.16
v -41.400 0.910 -22.980 0.68 0.19 0.16
v -42.150 0.850 -22.980 0.68 0.19 0.16
v -38.700 0.910 -24.700 0.26 0.33 0.39
v -39.080 1.510 -24.700 0.26 0.33 0.39
v -40.780 1.550 -24.700 0.26 0.33 0.39
v -41.280 0.950 -24.700 0.26 0.33 0.39
v -38.700 0.910 -23.100 0.26 0.33 0.39
v -39.080 1.510 -23.100 0.26 0.33 0.39
v -40.780 1.550 -23.100 0.26 0.33 0.39
v -41.280 0.950 -23.100 0.26 0.33 0.39
v -14.150 0.450 -21.420 0.38 0.42 0.46
v -9.850 0.450 -21.420 0.38 0.42 0.46
v -9.850 0.850 -21.420 0.38 0.42 0.46
v -10.550 0.890 -21.420 0.38 0.42 0.46
v -11.100 1.510 -21.420 0.38 0.42 0.46
v -12.800 1.550 -21.420 0.38 0.42 0.46
v -13.400 0.910 -21.420 0.38 0.42 0.46
v -14.150 0.850 -21.420 0.38 0.42 0.46
v -14.150 0.450 -19.580 0.38 0.42 0.46
v -9.850 0.450 -19.580 0.38 0.42 0.46
v -9.850 0.850 -19.580 0.38 0.42 0.46
v -10.550 0.890 -19.580 0.38 0.42 0.46
v -11.100 1.510 -19.580 0.38 0.42 0.46
v -12.800 1.550 -19.580 0.38 0.42 0.46
v -13.400 0.910 -19.580 0.38 0.42 0.46
v -14.150 0.850 -19.580 0.38 0.42 0.46
v -10.700 0.910 -21.300 0.26 0.33 0.39
v -11.080 1.510 -21.300 0.26 0.33 0.39
v -12.780 1.550 -21.300 0.26 0.33 0.39
v -13.280 0.950 -21.300 0.26 0.33 0.39
v -10.700 0.910 -19.700 0.26 0.33 0.39
v -11.080 1.510 -19.700 0.26 0.33 0.39
v -12.780 1.550 -19.700 0.26 0.33 0.39
v -13.280 0.950 -19.700 0.26 0.33 0.39
v 17.850 0.450 -18.020 0.86 0.68 0.13
v 22.150 0.450 -18.020 0.86 0.68 0.13
v 22.150 0.850 -18.020 0.86 0.68 0.13
v 21.450 0.890 -18.020 0.86 0.68 0.13
v 20.900 1.510 -18.020 0.86 0.68 0.13
v 19.200 1.550 -18.020 0.86 0.68 0.13
v 18.600 0.910 -18.020 0.86 0.68 0.13
v 17.850 0.850 -18.020 0.86 0.68 0.13
v 17.850 0.450 -16.180 0.86 0.68 0.13
v 22.150 0.450 -16.180 0.86 0.68 0.13
v 22.150 0.850 -16.180 0.86 0.68 0.13
v 21.450 0.890 -16.180 0.86 0.68 0.13
v 20.900 1.510 -16.180 0.86 0.68 0.13
v 19.200 1.550 -16.180 0.86 0.68 0.13
v 18.600 0.910 -16.180 0.86 0.68 0.13
v 17.850 0.850 -16.180 0.86 0.68 0.13
v 21.300 0.910 -17.900 0.26 0.33 0.39
v 20.920 1.510 -17.900 0.26 0.33 0.39
v 19.220 1.550 -17.900 0.26 0.33 0.39
v 18.720 0.950 -17.900 0.26 0.33 0.39
v 21.300 0.910 -16.300 0.26 0.33 0.39
v 20.920 1.510 -16.300 0.26 0.33 0.39
v 19.220 1.550 -16.300 0.26 0.33 0.39
v 18.720 0.950 -16.300 0.26 0.33 0.39
v 53.850 0.450 -24.820 0.87 0.88 0.89
v 58.150 0.450 -24.820 0.87 0.88 0.89
v 58.150 0.850 -24.820 0.87 0.88 0.89
v 57.450 0.890 -24.820 0.87 0.88 0.89
v 56.900 1.510 -24.820 0.87 0.88 0.89
v 55.200 1.550 -24.820 0.87 0.88 0.89
v 54.600 0.910 -24.820 0.87 0.88 0.89
v 53.850 0.850 -24.820 0.87 0.88 0.89
v 53.850 0.450 -22.980 0.87 0.88 0.89
v 58.150 0.450 -22.980 0.87 0.88 0.89
v 58.150 0.850 -22.980 0.87 0.88 0.89
v 57.450 0.890 -22.980 0.87 0.88 0.89
v 56.900 1.510 -22.980 0.87 0.88 0.89
v 55.200 1.550 -22.980 0.87 0.88 0.89
v 54.600 0.910 -22.980 0.87 0.88 0.89
v 53.850 0.850 -22.980 0.87 0.88 0.89
v 57.300 0.910 -24.700 0.26 0.33 0.39
v 56.920 1.510 -24.700 0.26 0.33 0.39
v 55.220 1.550 -24.700 0.26 0.33 0.39
v 54.720 0.950 -24.700 0.26 0.33 0.39
v 57.300 0.910 -23.100 0.26 0.33 0.39
v 56.920 1.510 -23.100 0.26 0.33 0.39
v 55.220 1.550 -23.100 0.26 0.33 0.39
v 54.720 0.950 -23.100 0.26 0.33 0.39
v 81.850 0.450 -18.020 0.19 0.36 0.58
v 86.150 0.450 -18.020 0.19 0.36 0.58
v 86.150 0.850 -18.020 0.19 0.36 0.58
v 85.450 0.890 -18.020 0.19 0.36 0.58
v 84.900 1.510 -18.020 0.19 0.36 0.58
v 83.200 1.550 -18.020 0.19 0.36 0.58
v 82.600 0.910 -18.020 0.19 0.36 0.58
v 81.850 0.850 -18.020 0.19 0.36 0.58
v 81.850 0.450 -16.180 0.19 0.36 0.58
v 86.150 0.450 -16.180 0.19 0.36 0.58
v 86.150 0.850 -16.180 0.19 0.36 0.58
v 85.450 0.890 -16.180 0.19 0.36 0.58
v 84.900 1.510 -16.180 0.19 0.36 0.58
v 83.200 1.550 -16.180 0.19 0.36 0.58
v 82.600 0.910 -16.180 0.19 0.36 0.58
v 81.850 0.850 -16.180 0.19 0.36 0.58
v 85.300 0.910 -17.900 0.26 0.33 0.39
v 84.920 1.510 -17.900 0.26 0.33 0.39
v 83.220 1.550 -17.900 0.26 0.33 0.39
v 82.720 0.950 -17.900 0.26 0.33 0.39
v 85.300 0.910 -16.300 0.26 0.33 0.39
v 84.920 1.510 -16.300 0.26 0.33 0.39
v 83.220 1.550 -16.300 0.26 0.33 0.39
v 82.720 0.950 -16.300 0.26 0.33 0.39
v -98.780 0.150 -26.500 0.4 0.3 0.21
v -98.890 0.150 -26.309 0.4 0.3 0.21
v -99.110 0.150 -26.309 0.4 0.3 0.21
v -99.220 0.150 -26.500 0.4 0.3 0.21
v -99.110 0.150 -26.691 0.4 0.3 0.21
v -98.890 0.150 -26.691 0.4 0.3 0.21
v -98.840 2.730 -26.500 0.4 0.3 0.21
v -98.920 2.730 -26.361 0.4 0.3 0.21
v -99.080 2.730 -26.361 0.4 0.3 0.21
v -99.160 2.730 -26.500 0.4 0.3 0.21
v -99.080 2.730 -26.639 0.4 0.3 0.21
v -98.920 2.730 -26.639 0.4 0.3 0.21
v -97.440 2.600 -26.500 0.3 0.48 0.24
v -98.518 2.600 -25.016 0.3 0.48 0.24
v -100.262 2.600 -25.583 0.3 0.48 0.24
v -100.262 2.600 -27.417 0.3 0.48 0.24
v -98.518 2.600 -27.984 0.3 0.48 0.24
v -97.440 4.875 -26.500 0.3 0.48 0.24
v -98.518 4.875 -25.016 0.3 0.48 0.24
v -100.262 4.875 -25.583 0.3 0.48 0.24
v -100.262 4.875 -27.417 0.3 0.48 0.24
v -98.518 4.875 -27.984 0.3 0.48 0.24
v -97.440 4.875 -26.500 0.3 0.48 0.24
v -98.518 4.875 -25.016 0.3 0.48 0.24
v -100.262 4.875 -25.583 0.3 0.48 0.24
v -100.262 4.875 -27.417 0.3 0.48 0.24
v -98.518 4.875 -27.984 0.3 0.48 0.24
v -98.480 6.500 -26.500 0.3 0.48 0.24
v -98.839 6.500 -26.005 0.3 0.48 0.24
v -99.421 6.500 -26.194 0.3 0.48 0.24
v -99.421 6.500 -26.806 0.3 0.48 0.24
v -98.839 6.500 -26.995 0.3 0.48 0.24
v -84.780 0.150 -26.500 0.4 0.3 0.21
v -84.890 0.150 -26.309 0.4 0.3 0.21
v -85.110 0.150 -26.309 0.4 0.3 0.21
v -85.220 0.150 -26.500 0.4 0.3 0.21
v -85.110 0.150 -26.691 0.4 0.3 0.21
v -84.890 0.150 -26.691 0.4 0.3 0.21
v -84.840 2.982 -26.500 0.4 0.3 0.21
v -84.920 2.982 -26.361 0.4 0.3 0.21
v -85.080 2.982 -26.361 0.4 0.3 0.21
v -85.160 2.982 -26.500 0.4 0.3 0.21
v -85.080 2.982 -26.639 0.4 0.3 0.21
v -84.920 2.982 -26.639 0.4 0.3 0.21
v -83.296 2.840 -26.500 0.38 0.57 0.29
v -84.473 2.840 -24.879 0.38 0.57 0.29
v -86.379 2.840 -25.498 0.38 0.57 0.29
v -86.379 2.840 -27.502 0.38 0.57 0.29
v -84.473 2.840 -28.121 0.38 0.57 0.29
v -83.296 5.325 -26.500 0.38 0.57 0.29
v -84.473 5.325 -24.879 0.38 0.57 0.29
v -86.379 5.325 -25.498 0.38 0.57 0.29
v -86.379 5.325 -27.502 0.38 0.57 0.29
v -84.473 5.325 -28.121 0.38 0.57 0.29
v -83.296 5.325 -26.500 0.38 0.57 0.29
v -84.473 5.325 -24.879 0.38 0.57 0.29
v -86.379 5.325 -25.498 0.38 0.57 0.29
v -86.379 5.325 -27.502 0.38 0.57 0.29
v -84.473 5.325 -28.121 0.38 0.57 0.29
v -84.432 7.100 -26.500 0.38 0.57 0.29
v -84.824 7.100 -25.960 0.38 0.57 0.29
v -85.460 7.100 -26.166 0.38 0.57 0.29
v -85.460 7.100 -26.834 0.38 0.57 0.29
v -84.824 7.100 -27.040 0.38 0.57 0.29
v -70.780 0.150 -26.500 0.4 0.3 0.21
v -70.890 0.150 -26.309 0.4 0.3 0.21
v -71.110 0.150 -26.309 0.4 0.3 0.21
v -71.220 0.150 -26.500 0.4 0.3 0.21
v -71.110 0.150 -26.691 0.4 0.3 0.21
v -70.890 0.150 -26.691 0.4 0.3 0.21
v -70.840 3.234 -26.500 0.4 0.3 0.21
v -70.920 3.234 -26.361 0.4 0.3 0.21
v -71.080 3.234 -26.361 0.4 0.3 0.21
v -71.160 3.234 -26.500 0.4 0.3 0.21
v -71.080 3.234 -26.639 0.4 0.3 0.21
v -70.920 3.234 -26.639 0.4 0.3 0.21
v -69.152 3.080 -26.500 0.3 0.48 0.24
v -70.429 3.080 -24.742 0.3 0.48 0.24
v -72.495 3.080 -25.414 0.3 0.48 0.24
v -72.495 3.080 -27.586 0.3 0.48 0.24
v -70.429 3.080 -28.258 0.3 0.48 0.24
v -69.152 5.775 -26.500 0.3 0.48 0.24
v -70.429 5.775 -24.742 0.3 0.48 0.24
v -72.495 5.775 -25.414 0.3 0.48 0.24
v -72.495 5.775 -27.586 0.3 0.48 0.24
v -70.429 5.775 -28.258 0.3 0.48 0.24
v -69.152 5.775 -26.500 0.3 0.48 0.24
v -70.429 5.775 -24.742 0.3 0.48 0.24
v -72.495 5.775 -25.414 0.3 0.48 0.24
v -72.495 5.775 -27.586 0.3 0.48 0.24
v -70.429 5.775 -28.258 0.3 0.48 0.24
v -70.384 7.700 -26.500 0.3 0.48 0.24
v -70.810 7.700 -25.914 0.3 0.48 0.24
v -71.498 7.700 -26.138 0.3 0.48 0.24
v -71.498 7.700 -26.862 0.3 0.48 0.24
v -70.810 7.700 -27.086 0.3 0.48 0.24
v -56.780 0.150 -26.500 0.4 0.3 0.21
v -56.890 0.150 -26.309 0.4 0.3 0.21
v -57.110 0.150 -26.309 0.4 0.3 0.21
v -57.220 0.150 -26.500 0.4 0.3 0.21
v -57.110 0.150 -26.691 0.4 0.3 0.21
v -56.890 0.150 -26.691 0.4 0.3 0.21
v -56.840 2.730 -26.500 0.4 0.3 0.21
v -56.920 2.730 -26.361 0.4 0.3 0.21
v -57.080 2.730 -26.361 0.4 0.3 0.21
v -57.160 2.730 -26.500 0.4 0.3 0.21
v -57.080 2.730 -26.639 0.4 0.3 0.21
v -56.920 2.730 -26.639 0.4 0.3 0.21
v -55.440 2.600 -26.500 0.3 0.48 0.24
v -56.518 2.600 -25.016 0.3 0.48 0.24
v -58.262 2.600 -25.583 0.3 0.48 0.24
v -58.262 2.600 -27.417 0.3 0.48 0.24
v -56.518 2.600 -27.984 0.3 0.48 0.24
v -55.440 4.875 -26.500 0.3 0.48 0.24
v -56.518 4.875 -25.016 0.3 0.48 0.24
v -58.262 4.875 -25.583 0.3 0.48 0.24
v -58.262 4.875 -27.417 0.3 0.48 0.24
v -56.518 4.875 -27.984 0.3 0.48 0.24
v -55.440 4.875 -26.500 0.3 0.48 0.24
v -56.518 4.875 -25.016 0.3 0.48 0.24
v -58.262 4.875 -25.583 0.3 0.48 0.24
v -58.262 4.875 -27.417 0.3 0.48 0.24
v -56.518 4.875 -27.984 0.3 0.48 0.24
v -56.480 6.500 -26.500 0.3 0.48 0.24
v -56.839 6.500 -26.005 0.3 0.48 0.24
v -57.421 6.500 -26.194 0.3 0.48 0.24
v -57.421 6.500 -26.806 0.3 0.48 0.24
v -56.839 6.500 -26.995 0.3 0.48 0.24
v -42.780 0.150 -26.500 0.4 0.3 0.21
v -42.890 0.150 -26.309 0.4 0.3 0.21
v -43.110 0.150 -26.309 0.4 0.3 0.21
v -43.220 0.150 -26.500 0.4 0.3 0.21
v -43.110 0.150 -26.691 0.4 0.3 0.21
v -42.890 0.150 -26.691 0.4 0.3 0.21
v -42.840 2.982 -26.500 0.4 0.3 0.21
v -42.920 2.982 -26.361 0.4 0.3 0.21
v -43.080 2.982 -26.361 0.4 0.3 0.21
v -43.160 2.982 -26.500 0.4 0.3 0.21
v -43.080 2.982 -26.639 0.4 0.3 0.21
v -42.920 2.982 -26.639 0.4 0.3 0.21
v -41.296 2.840 -26.500 0.38 0.57 0.29
v -42.473 2.840 -24.879 0.38 0.57 0.29
v -44.379 2.840 -25.498 0.38 0.57 0.29
v -44.379 2.840 -27.502 0.38 0.57 0.29
v -42.473 2.840 -28.121 0.38 0.57 0.29
v -41.296 5.325 -26.500 0.38 0.57 0.29
v -42.473 5.325 -24.879 0.38 0.57 0.29
v -44.379 5.325 -25.498 0.38 0.57 0.29
v -44.379 5.325 -27.502 0.38 0.57 0.29
v -42.473 5.325 -28.121 0.38 0.57 0.29
v -41.296 5.325 -26.500 0.38 0.57 0.29
v -42.473 5.325 -24.879 0.38 0.57 0.29
v -44.379 5.325 -25.498 0.38 0.57 0.29
v -44.379 5.325 -27.502 0.38 0.57 0.29
v -42.473 5.325 -28.121 0.38 0.57 0.29
v -42.432 7.100 -26.500 0.38 0.57 0.29
v -42.824 7.100 -25.960 0.38 0.57 0.29
v -43.460 7.100 -26.166 0.38 0.57 0.29
v -43.460 7.100 -26.834 0.38 0.57 0.29
v -42.824 7.100 -27.040 0.38 0.57 0.29
v -28.780 0.150 -26.500 0.4 0.3 0.21
v -28.890 0.150 -26.309 0.4 0.3 0.21
v -29.110 0.150 -26.309 0.4 0.3 0.21
v -29.220 0.150 -26.500 0.4 0.3 0.21
v -29.110 0.150 -26.691 0.4 0.3 0.21
v -28.890 0.150 -26.691 0.4 0.3 0.21
v -28.840 3.234 -26.500 0.4 0.3 0.21
v -28.920 3.234 -26.361 0.4 0.3 0.21
v -29.080 3.234 -26.361 0.4 0.3 0.21
v -29.160 3.234 -26.500 0.4 0.3 0.21
v -29.080 3.234 -26.639 0.4 0.3 0.21
v -28.920 3.234 -26.639 0.4 0.3 0.21
v -27.152 3.080 -26.500 0.3 0.48 0.24
v -28.429 3.080 -24.742 0.3 0.48 0.24
v -30.495 3.080 -25.414 0.3 0.48 0.24
v -30.495 3.080 -27.586 0.3 0.48 0.24
v -28.429 3.080 -28.258 0.3 0.48 0.24
v -27.152 5.775 -26.500 0.3 0.48 0.24
v -28.429 5.775 -24.742 0.3 0.48 0.24
v -30.495 5.775 -25.414 0.3 0.48 0.24
v -30.495 5.775 -27.586 0.3 0.48 0.24
v -28.429 5.775 -28.258 0.3 0.48 0.24
v -27.152 5.775 -26.500 0.3 0.48 0.24
v -28.429 5.775 -24.742 0.3 0.48 0.24
v -30.495 5.775 -25.414 0.3 0.48 0.24
v -30.495 5.775 -27.586 0.3 0.48 0.24
v -28.429 5.775 -28.258 0.3 0.48 0.24
v -28.384 7.700 -26.500 0.3 0.48 0.24
v -28.810 7.700 -25.914 0.3 0.48 0.24
v -29.498 7.700 -26.138 0.3 0.48 0.24
v -29.498 7.700 -26.862 0.3 0.48 0.24
v -28.810 7.700 -27.086 0.3 0.48 0.24
v -14.780 0.150 -26.500 0.4 0.3 0.21
v -14.890 0.150 -26.309 0.4 0.3 0.21
v -15.110 0.150 -26.309 0.4 0.3 0.21
v -15.220 0.150 -26.500 0.4 0.3 0.21
v -15.110 0.150 -26.691 0.4 0.3 0.21
v -14.890 0.150 -26.691 0.4 0.3 0.21
v -14.840 2.730 -26.500 0.4 0.3 0.21
v -14.920 2.730 -26.361 0.4 0.3 0.21
v -15.080 2.730 -26.361 0.4 0.3 0.21
v -15.160 2.730 -26.500 0.4 0.3 0.21
v -15.080 2.730 -26.639 0.4 0.3 0.21
v -14.920 2.730 -26.639 0.4 0.3 0.21
v -13.440 2.600 -26.500 0.3 0.48 0.24
v -14.518 2.600 -25.016 0.3 0.48 0.24
v -16.262 2.600 -25.583 0.3 0.48 0.24
v -16.262 2.600 -27.417 0.3 0.48 0.24
v -14.518 2.600 -27.984 0.3 0.48 0.24
v -13.440 4.875 -26.500 0.3 0.48 0.24
v -14.518 4.875 -25.016 0.3 0.48 0.24
v -16.262 4.875 -25.583 0.3 0.48 0.24
v -16.262 4.875 -27.417 0.3 0.48 0.24
v -14.518 4.875 -27.984 0.3 0.48 0.24
v -13.440 4.875 -26.500 0.3 0.48 0.24
v -14.518 4.875 -25.016 0.3 0.48 0.24
v -16.262 4.875 -25.583 0.3 0.48 0.24
v -16.262 4.875 -27.417 0.3 0.48 0.24
v -14.518 4.875 -27.984 0.3 0.48 0.24
v -14.480 6.500 -26.500 0.3 0.48 0.24
v -14.839 6.500 -26.005 0.3 0.48 0.24
v -15.421 6.500 -26.194 0.3 0.48 0.24
v -15.421 6.500 -26.806 0.3 0.48 0.24
v -14.839 6.500 -26.995 0.3 0.48 0.24
v -0.780 0.150 -26.500 0.4 0.3 0.21
v -0.890 0.150 -26.309 0.4 0.3 0.21
v -1.110 0.150 -26.309 0.4 0.3 0.21
v -1.220 0.150 -26.500 0.4 0.3 0.21
v -1.110 0.150 -26.691 0.4 0.3 0.21
v -0.890 0.150 -26.691 0.4 0.3 0.21
v -0.840 2.982 -26.500 0.4 0.3 0.21
v -0.920 2.982 -26.361 0.4 0.3 0.21
v -1.080 2.982 -26.361 0.4 0.3 0.21
v -1.160 2.982 -26.500 0.4 0.3 0.21
v -1.080 2.982 -26.639 0.4 0.3 0.21
v -0.920 2.982 -26.639 0.4 0.3 0.21
v 0.704 2.840 -26.500 0.38 0.57 0.29
v -0.473 2.840 -24.879 0.38 0.57 0.29
v -2.379 2.840 -25.498 0.38 0.57 0.29
v -2.379 2.840 -27.502 0.38 0.57 0.29
v -0.473 2.840 -28.121 0.38 0.57 0.29
v 0.704 5.325 -26.500 0.38 0.57 0.29
v -0.473 5.325 -24.879 0.38 0.57 0.29
v -2.379 5.325 -25.498 0.38 0.57 0.29
v -2.379 5.325 -27.502 0.38 0.57 0.29
v -0.473 5.325 -28.121 0.38 0.57 0.29
v 0.704 5.325 -26.500 0.38 0.57 0.29
v -0.473 5.325 -24.879 0.38 0.57 0.29
v -2.379 5.325 -25.498 0.38 0.57 0.29
v -2.379 5.325 -27.502 0.38 0.57 0.29
v -0.473 5.325 -28.121 0.38 0.57 0.29
v -0.432 7.100 -26.500 0.38 0.57 0.29
v -0.824 7.100 -25.960 0.38 0.57 0.29
v -1.460 7.100 -26.166 0.38 0.57 0.29
v -1.460 7.100 -26.834 0.38 0.57 0.29
v -0.824 7.100 -27.040 0.38 0.57 0.29
v 13.220 0.150 -26.500 0.4 0.3 0.21
v 13.110 0.150 -26.309 0.4 0.3 0.21
v 12.890 0.150 -26.309 0.4 0.3 0.21
v 12.780 0.150 -26.500 0.4 0.3 0.21
v 12.890 0.150 -26.691 0.4 0.3 0.21
v 13.110 0.150 -26.691 0.4 0.3 0.21
v 13.160 3.234 -26.500 0.4 0.3 0.21
v 13.080 3.234 -26.361 0.4 0.3 0.21
v 12.920 3.234 -26.361 0.4 0.3 0.21
v 12.840 3.234 -26.500 0.4 0.3 0.21
v 12.920 3.234 -26.639 0.4 0.3 0.21
v 13.080 3.234 -26.639 0.4 0.3 0.21
v 14.848 3.080 -26.500 0.3 0.48 0.24
v 13.571 3.080 -24.742 0.3 0.48 0.24
v 11.505 3.080 -25.414 0.3 0.48 0.24
v 11.505 3.080 -27.586 0.3 0.48 0.24
v 13.571 3.080 -28.258 0.3 0.48 0.24
v 14.848 5.775 -26.500 0.3 0.48 0.24
v 13.571 5.775 -24.742 0.3 0.48 0.24
v 11.505 5.775 -25.414 0.3 0.48 0.24
v 11.505 5.775 -27.586 0.3 0.48 0.24
v 13.571 5.775 -28.258 0.3 0.48 0.24
v 14.848 5.775 -26.500 0.3 0.48 0.24
v 13.571 5.775 -24.742 0.3 0.48 0.24
v 11.505 5.775 -25.414 0.3 0.48 0.24
v 11.505 5.775 -27.586 0.3 0.48 0.24
v 13.571 5.775 -28.258 0.3 0.48 0.24
v 13.616 7.700 -26.500 0.3 0.48 0.24
v 13.190 7.700 -25.914 0.3 0.48 0.24
v 12.502 7.700 -26.138 0.3 0.48 0.24
v 12.502 7.700 -26.862 0.3 0.48 0.24
v 13.190 7.700 -27.086 0.3 0.48 0.24
v 27.220 0.150 -26.500 0.4 0.3 0.21
v 27.110 0.150 -26.309 0.4 0.3 0.21
v 26.890 0.150 -26.309 0.4 0.3 0.21
v 26.780 0.150 -26.500 0.4 0.3 0.21
v 26.890 0.150 -26.691 0.4 0.3 0.21
v 27.110 0.150 -26.691 0.4 0.3 0.21
v 27.160 2.730 -26.500 0.4 0.3 0.21
v 27.080 2.730 -26.361 0.4 0.3 0.21
v 26.920 2.730 -26.361 0.4 0.3 0.21
v 26.840 2.730 -26.500 0.4 0.3 0.21
v 26.920 2.730 -26.639 0.4 0.3 0.21
v 27.080 2.730 -26.639 0.4 0.3 0.21
v 28.560 2.600 -26.500 0.3 0.48 0.24
v 27.482 2.600 -25.016 0.3 0.48 0.24
v 25.738 2.600 -25.583 0.3 0.48 0.24
v 25.738 2.600 -27.417 0.3 0.48 0.24
v 27.482 2.600 -27.984 0.3 0.48 0.24
v 28.560 4.875 -26.500 0.3 0.48 0.24
v 27.482 4.875 -25.016 0.3 0.48 0.24
v 25.738 4.875 -25.583 0.3 0.48 0.24
v 25.738 4.875 -27.417 0.3 0.48 0.24
v 27.482 4.875 -27.984 0.3 0.48 0.24
v 28.560 4.875 -26.500 0.3 0.48 0.24
v 27.482 4.875 -25.016 0.3 0.48 0.24
v 25.738 4.875 -25.583 0.3 0.48 0.24
v 25.738 4.875 -27.417 0.3 0.48 0.24
v 27.482 4.875 -27.984 0.3 0.48 0.24
v 27.520 6.500 -26.500 0.3 0.48 0.24
v 27.161 6.500 -26.005 0.3 0.48 0.24
v 26.579 6.500 -26.194 0.3 0.48 0.24
v 26.579 6.500 -26.806 0.3 0.48 0.24
v 27.161 6.500 -26.995 0.3 0.48 0.24
v 41.220 0.150 -26.500 0.4 0.3 0.21
v 41.110 0.150 -26.309 0.4 0.3 0.21
v 40.890 0.150 -26.309 0.4 0.3 0.21
v 40.780 0.150 -26.500 0.4 0.3 0.21
v 40.890 0.150 -26.691 0.4 0.3 0.21
v 41.110 0.150 -26.691 0.4 0.3 0.21
v 41.160 2.982 -26.500 0.4 0.3 0.21
v 41.080 2.982 -26.361 0.4 0.3 0.21
v 40.920 2.982 -26.361 0.4 0.3 0.21
v 40.840 2.982 -26.500 0.4 0.3 0.21
v 40.920 2.982 -26.639 0.4 0.3 0.21
v 41.080 2.982 -26.639 0.4 0.3 0.21
v 42.704 2.840 -26.500 0.38 0.57 0.29
v 41.527 2.840 -24.879 0.38 0.57 0.29
v 39.621 2.840 -25.498 0.38 0.57 0.29
v 39.621 2.840 -27.502 0.38 0.57 0.29
v 41.527 2.840 -28.121 0.38 0.57 0.29
v 42.704 5.325 -26.500 0.38 0.57 0.29
v 41.527 5.325 -24.879 0.38 0.57 0.29
v 39.621 5.325 -25.498 0.38 0.57 0.29
v 39.621 5.325 -27.502 0.38 0.57 0.29
v 41.527 5.325 -28.121 0.38 0.57 0.29
v 42.704 5.325 -26.500 0.38 0.57 0.29
v 41.527 5.325 -24.879 0.38 0.57 0.29
v 39.621 5.325 -25.498 0.38 0.57 0.29
v 39.621 5.325 -27.502 0.38 0.57 0.29
v 41.527 5.325 -28.121 0.38 0.57 0.29
v 41.568 7.100 -26.500 0.38 0.57 0.29
v 41.176 7.100 -25.960 0.38 0.57 0.29
v 40.540 7.100 -26.166 0.38 0.57 0.29
v 40.540 7.100 -26.834 0.38 0.57 0.29
v 41.176 7.100 -27.040 0.38 0.57 0.29
v 55.220 0.150 -26.500 0.4 0.3 0.21
v 55.110 0.150 -26.309 0.4 0.3 0.21
v 54.890 0.150 -26.309 0.4 0.3 0.21
v 54.780 0.150 -26.500 0.4 0.3 0.21
v 54.890 0.150 -26.691 0.4 0.3 0.21
v 55.110 0.150 -26.691 0.4 0.3 0.21
v 55.160 3.234 -26.500 0.4 0.3 0.21
v 55.080 3.234 -26.361 0.4 0.3 0.21
v 54.920 3.234 -26.361 0.4 0.3 0.21
v 54.840 3.234 -26.500 0.4 0.3 0.21
v 54.920 3.234 -26.639 0.4 0.3 0.21
v 55.080 3.234 -26.639 0.4 0.3 0.21
v 56.848 3.080 -26.500 0.3 0.48 0.24
v 55.571 3.080 -24.742 0.3 0.48 0.24
v 53.505 3.080 -25.414 0.3 0.48 0.24
v 53.505 3.080 -27.586 0.3 0.48 0.24
v 55.571 3.080 -28.258 0.3 0.48 0.24
v 56.848 5.775 -26.500 0.3 0.48 0.24
v 55.571 5.775 -24.742 0.3 0.48 0.24
v 53.505 5.775 -25.414 0.3 0.48 0.24
v 53.505 5.775 -27.586 0.3 0.48 0.24
v 55.571 5.775 -28.258 0.3 0.48 0.24
v 56.848 5.775 -26.500 0.3 0.48 0.24
v 55.571 5.775 -24.742 0.3 0.48 0.24
v 53.505 5.775 -25.414 0.3 0.48 0.24
v 53.505 5.775 -27.586 0.3 0.48 0.24
v 55.571 5.775 -28.258 0.3 0.48 0.24
v 55.616 7.700 -26.500 0.3 0.48 0.24
v 55.190 7.700 -25.914 0.3 0.48 0.24
v 54.502 7.700 -26.138 0.3 0.48 0.24
v 54.502 7.700 -26.862 0.3 0.48 0.24
v 55.190 7.700 -27.086 0.3 0.48 0.24
v 69.220 0.150 -26.500 0.4 0.3 0.21
v 69.110 0.150 -26.309 0.4 0.3 0.21
v 68.890 0.150 -26.309 0.4 0.3 0.21
v 68.780 0.150 -26.500 0.4 0.3 0.21
v 68.890 0.150 -26.691 0.4 0.3 0.21
v 69.110 0.150 -26.691 0.4 0.3 0.21
v 69.160 2.730 -26.500 0.4 0.3 0.21
v 69.080 2.730 -26.361 0.4 0.3 0.21
v 68.920 2.730 -26.361 0.4 0.3 0.21
v 68.840 2.730 -26.500 0.4 0.3 0.21
v 68.920 2.730 -26.639 0.4 0.3 0.21
v 69.080 2.730 -26.639 0.4 0.3 0.21
v 70.560 2.600 -26.500 0.3 0.48 0.24
v 69.482 2.600 -25.016 0.3 0.48 0.24
v 67.738 2.600 -25.583 0.3 0.48 0.24
v 67.738 2.600 -27.417 0.3 0.48 0.24
v 69.482 2.600 -27.984 0.3 0.48 0.24
v 70.560 4.875 -26.500 0.3 0.48 0.24
v 69.482 4.875 -25.016 0.3 0.48 0.24
v 67.738 4.875 -25.583 0.3 0.48 0.24
v 67.738 4.875 -27.417 0.3 0.48 0.24
v 69.482 4.875 -27.984 0.3 0.48 0.24
v 70.560 4.875 -26.500 0.3 0.48 0.24
v 69.482 4.875 -25.016 0.3 0.48 0.24
v 67.738 4.875 -25.583 0.3 0.48 0.24
v 67.738 4.875 -27.417 0.3 0.48 0.24
v 69.482 4.875 -27.984 0.3 0.48 0.24
v 69.520 6.500 -26.500 0.3 0.48 0.24
v 69.161 6.500 -26.005 0.3 0.48 0.24
v 68.579 6.500 -26.194 0.3 0.48 0.24
v 68.579 6.500 -26.806 0.3 0.48 0.24
v 69.161 6.500 -26.995 0.3 0.48 0.24
v 83.220 0.150 -26.500 0.4 0.3 0.21
v 83.110 0.150 -26.309 0.4 0.3 0.21
v 82.890 0.150 -26.309 0.4 0.3 0.21
v 82.780 0.150 -26.500 0.4 0.3 0.21
v 82.890 0.150 -26.691 0.4 0.3 0.21
v 83.110 0.150 -26.691 0.4 0.3 0.21
v 83.160 2.982 -26.500 0.4 0.3 0.21
v 83.080 2.982 -26.361 0.4 0.3 0.21
v 82.920 2.982 -26.361 0.4 0.3 0.21
v 82.840 2.982 -26.500 0.4 0.3 0.21
v 82.920 2.982 -26.639 0.4 0.3 0.21
v 83.080 2.982 -26.639 0.4 0.3 0.21
v 84.704 2.840 -26.500 0.38 0.57 0.29
v 83.527 2.840 -24.879 0.38 0.57 0.29
v 81.621 2.840 -25.498 0.38 0.57 0.29
v 81.621 2.840 -27.502 0.38 0.57 0.29
v 83.527 2.840 -28.121 0.38 0.57 0.29
v 84.704 5.325 -26.500 0.38 0.57 0.29
v 83.527 5.325 -24.879 0.38 0.57 0.29
v 81.621 5.325 -25.498 0.38 0.57 0.29
v 81.621 5.325 -27.502 0.38 0.57 0.29
v 83.527 5.325 -28.121 0.38 0.57 0.29
v 84.704 5.325 -26.500 0.38 0.57 0.29
v 83.527 5.325 -24.879 0.38 0.57 0.29
v 81.621 5.325 -25.498 0.38 0.57 0.29
v 81.621 5.325 -27.502 0.38 0.57 0.29
v 83.527 5.325 -28.121 0.38 0.57 0.29
v 83.568 7.100 -26.500 0.38 0.57 0.29
v 83.176 7.100 -25.960 0.38 0.57 0.29
v 82.540 7.100 -26.166 0.38 0.57 0.29
v 82.540 7.100 -26.834 0.38 0.57 0.29
v 83.176 7.100 -27.040 0.38 0.57 0.29
v 97.220 0.150 -26.500 0.4 0.3 0.21
v 97.110 0.150 -26.309 0.4 0.3 0.21
v 96.890 0.150 -26.309 0.4 0.3 0.21
v 96.780 0.150 -26.500 0.4 0.3 0.21
v 96.890 0.150 -26.691 0.4 0.3 0.21
v 97.110 0.150 -26.691 0.4 0.3 0.21
v 97.160 3.234 -26.500 0.4 0.3 0.21
v 97.080 3.234 -26.361 0.4 0.3 0.21
v 96.920 3.234 -26.361 0.4 0.3 0.21
v 96.840 3.234 -26.500 0.4 0.3 0.21
v 96.920 3.234 -26.639 0.4 0.3 0.21
v 97.080 3.234 -26.639 0.4 0.3 0.21
v 98.848 3.080 -26.500 0.3 0.48 0.24
v 97.571 3.080 -24.742 0.3 0.48 0.24
v 95.505 3.080 -25.414 0.3 0.48 0.24
v 95.505 3.080 -27.586 0.3 0.48 0.24
v 97.571 3.080 -28.258 0.3 0.48 0.24
v 98.848 5.775 -26.500 0.3 0.48 0.24
v 97.571 5.775 -24.742 0.3 0.48 0.24
v 95.505 5.775 -25.414 0.3 0.48 0.24
v 95.505 5.775 -27.586 0.3 0.48 0.24
v 97.571 5.775 -28.258 0.3 0.48 0.24
v 98.848 5.775 -26.500 0.3 0.48 0.24
v 97.571 5.775 -24.742 0.3 0.48 0.24
v 95.505 5.775 -25.414 0.3 0.48 0.24
v 95.505 5.775 -27.586 0.3 0.48 0.24
v 97.571 5.775 -28.258 0.3 0.48 0.24
v 97.616 7.700 -26.500 0.3 0.48 0.24
v 97.190 7.700 -25.914 0.3 0.48 0.24
v 96.502 7.700 -26.138 0.3 0.48 0.24
v 96.502 7.700 -26.862 0.3 0.48 0.24
v 97.190 7.700 -27.086 0.3 0.48 0.24
v -92.780 0.150 19.500 0.4 0.3 0.21
v -92.890 0.150 19.691 0.4 0.3 0.21
v -93.110 0.150 19.691 0.4 0.3 0.21
v -93.220 0.150 19.500 0.4 0.3 0.21
v -93.110 0.150 19.309 0.4 0.3 0.21
v -92.890 0.150 19.309 0.4 0.3 0.21
v -92.840 2.520 19.500 0.4 0.3 0.21
v -92.920 2.520 19.639 0.4 0.3 0.21
v -93.080 2.520 19.639 0.4 0.3 0.21
v -93.160 2.520 19.500 0.4 0.3 0.21
v -93.080 2.520 19.361 0.4 0.3 0.21
v -92.920 2.520 19.361 0.4 0.3 0.21
v -91.560 2.400 19.500 0.38 0.57 0.29
v -92.555 2.400 20.870 0.38 0.57 0.29
v -94.165 2.400 20.346 0.38 0.57 0.29
v -94.165 2.400 18.654 0.38 0.57 0.29
v -92.555 2.400 18.130 0.38 0.57 0.29
v -91.560 4.500 19.500 0.38 0.57 0.29
v -92.555 4.500 20.870 0.38 0.57 0.29
v -94.165 4.500 20.346 0.38 0.57 0.29
v -94.165 4.500 18.654 0.38 0.57 0.29
v -92.555 4.500 18.130 0.38 0.57 0.29
v -91.560 4.500 19.500 0.38 0.57 0.29
v -92.555 4.500 20.870 0.38 0.57 0.29
v -94.165 4.500 20.346 0.38 0.57 0.29
v -94.165 4.500 18.654 0.38 0.57 0.29
v -92.555 4.500 18.130 0.38 0.57 0.29
v -92.520 6.000 19.500 0.38 0.57 0.29
v -92.852 6.000 19.957 0.38 0.57 0.29
v -93.388 6.000 19.782 0.38 0.57 0.29
v -93.388 6.000 19.218 0.38 0.57 0.29
v -92.852 6.000 19.043 0.38 0.57 0.29
v -74.780 0.150 19.500 0.4 0.3 0.21
v -74.890 0.150 19.691 0.4 0.3 0.21
v -75.110 0.150 19.691 0.4 0.3 0.21
v -75.220 0.150 19.500 0.4 0.3 0.21
v -75.110 0.150 19.309 0.4 0.3 0.21
v -74.890 0.150 19.309 0.4 0.3 0.21
v -74.840 2.856 19.500 0.4 0.3 0.21
v -74.920 2.856 19.639 0.4 0.3 0.21
v -75.080 2.856 19.639 0.4 0.3 0.21
v -75.160 2.856 19.500 0.4 0.3 0.21
v -75.080 2.856 19.361 0.4 0.3 0.21
v -74.920 2.856 19.361 0.4 0.3 0.21
v -73.368 2.720 19.500 0.3 0.48 0.24
v -74.496 2.720 21.052 0.3 0.48 0.24
v -76.320 2.720 20.459 0.3 0.48 0.24
v -76.320 2.720 18.541 0.3 0.48 0.24
v -74.496 2.720 17.948 0.3 0.48 0.24
v -73.368 5.100 19.500 0.3 0.48 0.24
v -74.496 5.100 21.052 0.3 0.48 0.24
v -76.320 5.100 20.459 0.3 0.48 0.24
v -76.320 5.100 18.541 0.3 0.48 0.24
v -74.496 5.100 17.948 0.3 0.48 0.24
v -73.368 5.100 19.500 0.3 0.48 0.24
v -74.496 5.100 21.052 0.3 0.48 0.24
v -76.320 5.100 20.459 0.3 0.48 0.24
v -76.320 5.100 18.541 0.3 0.48 0.24
v -74.496 5.100 17.948 0.3 0.48 0.24
v -74.456 6.800 19.500 0.3 0.48 0.24
v -74.832 6.800 20.017 0.3 0.48 0.24
v -75.440 6.800 19.820 0.3 0.48 0.24
v -75.440 6.800 19.180 0.3 0.48 0.24
v -74.832 6.800 18.983 0.3 0.48 0.24
v -56.780 0.150 19.500 0.4 0.3 0.21
v -56.890 0.150 19.691 0.4 0.3 0.21
v -57.110 0.150 19.691 0.4 0.3 0.21
v -57.220 0.150 19.500 0.4 0.3 0.21
v -57.110 0.150 19.309 0.4 0.3 0.21
v -56.890 0.150 19.309 0.4 0.3 0.21
v -56.840 2.520 19.500 0.4 0.3 0.21
v -56.920 2.520 19.639 0.4 0.3 0.21
v -57.080 2.520 19.639 0.4 0.3 0.21
v -57.160 2.520 19.500 0.4 0.3 0.21
v -57.080 2.520 19.361 0.4 0.3 0.21
v -56.920 2.520 19.361 0.4 0.3 0.21
v -55.560 2.400 19.500 0.38 0.57 0.29
v -56.555 2.400 20.870 0.38 0.57 0.29
v -58.165 2.400 20.346 0.38 0.57 0.29
v -58.165 2.400 18.654 0.38 0.57 0.29
v -56.555 2.400 18.130 0.38 0.57 0.29
v -55.560 4.500 19.500 0.38 0.57 0.29
v -56.555 4.500 20.870 0.38 0.57 0.29
v -58.165 4.500 20.346 0.38 0.57 0.29
v -58.165 4.500 18.654 0.38 0.57 0.29
v -56.555 4.500 18.130 0.38 0.57 0.29
v -55.560 4.500 19.500 0.38 0.57 0.29
v -56.555 4.500 20.870 0.38 0.57 0.29
v -58.165 4.500 20.346 0.38 0.57 0.29
v -58.165 4.500 18.654 0.38 0.57 0.29
v -56.555 4.500 18.130 0.38 0.57 0.29
v -56.520 6.000 19.500 0.38 0.57 0.29
v -56.852 6.000 19.957 0.38 0.57 0.29
v -57.388 6.000 19.782 0.38 0.57 0.29
v -57.388 6.000 19.218 0.38 0.57 0.29
v -56.852 6.000 19.043 0.38 0.57 0.29
v -38.780 0.150 19.500 0.4 0.3 0.21
v -38.890 0.150 19.691 0.4 0.3 0.21
v -39.110 0.150 19.691 0.4 0.3 0.21
v -39.220 0.150 19.500 0.4 0.3 0.21
v -39.110 0.150 19.309 0.4 0.3 0.21
v -38.890 0.150 19.309 0.4 0.3 0.21
v -38.840 2.856 19.500 0.4 0.3 0.21
v -38.920 2.856 19.639 0.4 0.3 0.21
v -39.080 2.856 19.639 0.4 0.3 0.21
v -39.160 2.856 19.500 0.4 0.3 0.21
v -39.080 2.856 19.361 0.4 0.3 0.21
v -38.920 2.856 19.361 0.4 0.3 0.21
v -37.368 2.720 19.500 0.3 0.48 0.24
v -38.496 2.720 21.052 0.3 0.48 0.24
v -40.320 2.720 20.459 0.3 0.48 0.24
v -40.320 2.720 18.541 0.3 0.48 0.24
v -38.496 2.720 17.948 0.3 0.48 0.24
v -37.368 5.100 19.500 0.3 0.48 0.24
v -38.496 5.100 21.052 0.3 0.48 0.24
v -40.320 5.100 20.459 0.3 0.48 0.24
v -40.320 5.100 18.541 0.3 0.48 0.24
v -38.496 5.100 17.948 0.3 0.48 0.24
v -37.368 5.100 19.500 0.3 0.48 0.24
v -38.496 5.100 21.052 0.3 0.48 0.24
v -40.320 5.100 20.459 0.3 0.48 0.24
v -40.320 5.100 18.541 0.3 0.48 0.24
v -38.496 5.100 17.948 0.3 0.48 0.24
v -38.456 6.800 19.500 0.3 0.48 0.24
v -38.832 6.800 20.017 0.3 0.48 0.24
v -39.440 6.800 19.820 0.3 0.48 0.24
v -39.440 6.800 19.180 0.3 0.48 0.24
v -38.832 6.800 18.983 0.3 0.48 0.24
v -20.780 0.150 19.500 0.4 0.3 0.21
v -20.890 0.150 19.691 0.4 0.3 0.21
v -21.110 0.150 19.691 0.4 0.3 0.21
v -21.220 0.150 19.500 0.4 0.3 0.21
v -21.110 0.150 19.309 0.4 0.3 0.21
v -20.890 0.150 19.309 0.4 0.3 0.21
v -20.840 2.520 19.500 0.4 0.3 0.21
v -20.920 2.520 19.639 0.4 0.3 0.21
v -21.080 2.520 19.639 0.4 0.3 0.21
v -21.160 2.520 19.500 0.4 0.3 0.21
v -21.080 2.520 19.361 0.4 0.3 0.21
v -20.920 2.520 19.361 0.4 0.3 0.21
v -19.560 2.400 19.500 0.38 0.57 0.29
v -20.555 2.400 20.870 0.38 0.57 0.29
v -22.165 2.400 20.346 0.38 0.57 0.29
v -22.165 2.400 18.654 0.38 0.57 0.29
v -20.555 2.400 18.130 0.38 0.57 0.29
v -19.560 4.500 19.500 0.38 0.57 0.29
v -20.555 4.500 20.870 0.38 0.57 0.29
v -22.165 4.500 20.346 0.38 0.57 0.29
v -22.165 4.500 18.654 0.38 0.57 0.29
v -20.555 4.500 18.130 0.38 0.57 0.29
v -19.560 4.500 19.500 0.38 0.57 0.29
v -20.555 4.500 20.870 0.38 0.57 0.29
v -22.165 4.500 20.346 0.38 0.57 0.29
v -22.165 4.500 18.654 0.38 0.57 0.29
v -20.555 4.500 18.130 0.38 0.57 0.29
v -20.520 6.000 19.500 0.38 0.57 0.29
v -20.852 6.000 19.957 0.38 0.57 0.29
v -21.388 6.000 19.782 0.38 0.57 0.29
v -21.388 6.000 19.218 0.38 0.57 0.29
v -20.852 6.000 19.043 0.38 0.57 0.29
v -2.780 0.150 19.500 0.4 0.3 0.21
v -2.890 0.150 19.691 0.4 0.3 0.21
v -3.110 0.150 19.691 0.4 0.3 0.21
v -3.220 0.150 19.500 0.4 0.3 0.21
v -3.110 0.150 19.309 0.4 0.3 0.21
v -2.890 0.150 19.309 0.4 0.3 0.21
v -2.840 2.856 19.500 0.4 0.3 0.21
v -2.920 2.856 19.639 0.4 0.3 0.21
v -3.080 2.856 19.639 0.4 0.3 0.21
v -3.160 2.856 19.500 0.4 0.3 0.21
v -3.080 2.856 19.361 0.4 0.3 0.21
v -2.920 2.856 19.361 0.4 0.3 0.21
v -1.368 2.720 19.500 0.3 0.48 0.24
v -2.496 2.720 21.052 0.3 0.48 0.24
v -4.320 2.720 20.459 0.3 0.48 0.24
v -4.320 2.720 18.541 0.3 0.48 0.24
v -2.496 2.720 17.948 0.3 0.48 0.24
v -1.368 5.100 19.500 0.3 0.48 0.24
v -2.496 5.100 21.052 0.3 0.48 0.24
v -4.320 5.100 20.459 0.3 0.48 0.24
v -4.320 5.100 18.541 0.3 0.48 0.24
v -2.496 5.100 17.948 0.3 0.48 0.24
v -1.368 5.100 19.500 0.3 0.48 0.24
v -2.496 5.100 21.052 0.3 0.48 0.24
v -4.320 5.100 20.459 0.3 0.48 0.24
v -4.320 5.100 18.541 0.3 0.48 0.24
v -2.496 5.100 17.948 0.3 0.48 0.24
v -2.456 6.800 19.500 0.3 0.48 0.24
v -2.832 6.800 20.017 0.3 0.48 0.24
v -3.440 6.800 19.820 0.3 0.48 0.24
v -3.440 6.800 19.180 0.3 0.48 0.24
v -2.832 6.800 18.983 0.3 0.48 0.24
v 15.220 0.150 19.500 0.4 0.3 0.21
v 15.110 0.150 19.691 0.4 0.3 0.21
v 14.890 0.150 19.691 0.4 0.3 0.21
v 14.780 0.150 19.500 0.4 0.3 0.21
v 14.890 0.150 19.309 0.4 0.3 0.21
v 15.110 0.150 19.309 0.4 0.3 0.21
v 15.160 2.520 19.500 0.4 0.3 0.21
v 15.080 2.520 19.639 0.4 0.3 0.21
v 14.920 2.520 19.639 0.4 0.3 0.21
v 14.840 2.520 19.500 0.4 0.3 0.21
v 14.920 2.520 19.361 0.4 0.3 0.21
v 15.080 2.520 19.361 0.4 0.3 0.21
v 16.440 2.400 19.500 0.38 0.57 0.29
v 15.445 2.400 20.870 0.38 0.57 0.29
v 13.835 2.400 20.346 0.38 0.57 0.29
v 13.835 2.400 18.654 0.38 0.57 0.29
v 15.445 2.400 18.130 0.38 0.57 0.29
v 16.440 4.500 19.500 0.38 0.57 0.29
v 15.445 4.500 20.870 0.38 0.57 0.29
v 13.835 4.500 20.346 0.38 0.57 0.29
v 13.835 4.500 18.654 0.38 0.57 0.29
v 15.445 4.500 18.130 0.38 0.57 0.29
v 16.440 4.500 19.500 0.38 0.57 0.29
v 15.445 4.500 20.870 0.38 0.57 0.29
v 13.835 4.500 20.346 0.38 0.57 0.29
v 13.835 4.500 18.654 0.38 0.57 0.29
v 15.445 4.500 18.130 0.38 0.57 0.29
v 15.480 6.000 19.500 0.38 0.57 0.29
v 15.148 6.000 19.957 0.38 0.57 0.29
v 14.612 6.000 19.782 0.38 0.57 0.29
v 14.612 6.000 19.218 0.38 0.57 0.29
v 15.148 6.000 19.043 0.38 0.57 0.29
v 33.220 0.150 19.500 0.4 0.3 0.21
v 33.110 0.150 19.691 0.4 0.3 0.21
v 32.890 0.150 19.691 0.4 0.3 0.21
v 32.780 0.150 19.500 0.4 0.3 0.21
v 32.890 0.150 19.309 0.4 0.3 0.21
v 33.110 0.150 19.309 0.4 0.3 0.21
v 33.160 2.856 19.500 0.4 0.3 0.21
v 33.080 2.856 19.639 0.4 0.3 0.21
v 32.920 2.856 19.639 0.4 0.3 0.21
v 32.840 2.856 19.500 0.4 0.3 0.21
v 32.920 2.856 19.361 0.4 0.3 0.21
v 33.080 2.856 19.361 0.4 0.3 0.21
v 34.632 2.720 19.500 0.3 0.48 0.24
v 33.504 2.720 21.052 0.3 0.48 0.24
v 31.680 2.720 20.459 0.3 0.48 0.24
v 31.680 2.720 18.541 0.3 0.48 0.24
v 33.504 2.720 17.948 0.3 0.48 0.24
v 34.632 5.100 19.500 0.3 0.48 0.24
v 33.504 5.100 21.052 0.3 0.48 0.24
v 31.680 5.100 20.459 0.3 0.48 0.24
v 31.680 5.100 18.541 0.3 0.48 0.24
v 33.504 5.100 17.948 0.3 0.48 0.24
v 34.632 5.100 19.500 0.3 0.48 0.24
v 33.504 5.100 21.052 0.3 0.48 0.24
v 31.680 5.100 20.459 0.3 0.48 0.24
v 31.680 5.100 18.541 0.3 0.48 0.24
v 33.504 5.100 17.948 0.3 0.48 0.24
v 33.544 6.800 19.500 0.3 0.48 0.24
v 33.168 6.800 20.017 0.3 0.48 0.24
v 32.560 6.800 19.820 0.3 0.48 0.24
v 32.560 6.800 19.180 0.3 0.48 0.24
v 33.168 6.800 18.983 0.3 0.48 0.24
v 51.220 0.150 19.500 0.4 0.3 0.21
v 51.110 0.150 19.691 0.4 0.3 0.21
v 50.890 0.150 19.691 0.4 0.3 0.21
v 50.780 0.150 19.500 0.4 0.3 0.21
v 50.890 0.150 19.309 0.4 0.3 0.21
v 51.110 0.150 19.309 0.4 0.3 0.21
v 51.160 2.520 19.500 0.4 0.3 0.21
v 51.080 2.520 19.639 0.4 0.3 0.21
v 50.920 2.520 19.639 0.4 0.3 0.21
v 50.840 2.520 19.500 0.4 0.3 0.21
v 50.920 2.520 19.361 0.4 0.3 0.21
v 51.080 2.520 19.361 0.4 0.3 0.21
v 52.440 2.400 19.500 0.38 0.57 0.29
v 51.445 2.400 20.870 0.38 0.57 0.29
v 49.835 2.400 20.346 0.38 0.57 0.29
v 49.835 2.400 18.654 0.38 0.57 0.29
v 51.445 2.400 18.130 0.38 0.57 0.29
v 52.440 4.500 19.500 0.38 0.57 0.29
v 51.445 4.500 20.870 0.38 0.57 0.29
v 49.835 4.500 20.346 0.38 0.57 0.29
v 49.835 4.500 18.654 0.38 0.57 0.29
v 51.445 4.500 18.130 0.38 0.57 0.29
v 52.440 4.500 19.500 0.38 0.57 0.29
v 51.445 4.500 20.870 0.38 0.57 0.29
v 49.835 4.500 20.346 0.38 0.57 0.29
v 49.835 4.500 18.654 0.38 0.57 0.29
v 51.445 4.500 18.130 0.38 0.57 0.29
v 51.480 6.000 19.500 0.38 0.57 0.29
v 51.148 6.000 19.957 0.38 0.57 0.29
v 50.612 6.000 19.782 0.38 0.57 0.29
v 50.612 6.000 19.218 0.38 0.57 0.29
v 51.148 6.000 19.043 0.38 0.57 0.29
v 69.220 0.150 19.500 0.4 0.3 0.21
v 69.110 0.150 19.691 0.4 0.3 0.21
v 68.890 0.150 19.691 0.4 0.3 0.21
v 68.780 0.150 19.500 0.4 0.3 0.21
v 68.890 0.150 19.309 0.4 0.3 0.21
v 69.110 0.150 19.309 0.4 0.3 0.21
v 69.160 2.856 19.500 0.4 0.3 0.21
v 69.080 2.856 19.639 0.4 0.3 0.21
v 68.920 2.856 19.639 0.4 0.3 0.21
v 68.840 2.856 19.500 0.4 0.3 0.21
v 68.920 2.856 19.361 0.4 0.3 0.21
v 69.080 2.856 19.361 0.4 0.3 0.21
v 70.632 2.720 19.500 0.3 0.48 0.24
v 69.504 2.720 21.052 0.3 0.48 0.24
v 67.680 2.720 20.459 0.3 0.48 0.24
v 67.680 2.720 18.541 0.3 0.48 0.24
v 69.504 2.720 17.948 0.3 0.48 0.24
v 70.632 5.100 19.500 0.3 0.48 0.24
v 69.504 5.100 21.052 0.3 0.48 0.24
v 67.680 5.100 20.459 0.3 0.48 0.24
v 67.680 5.100 18.541 0.3 0.48 0.24
v 69.504 5.100 17.948 0.3 0.48 0.24
v 70.632 5.100 19.500 0.3 0.48 0.24
v 69.504 5.100 21.052 0.3 0.48 0.24
v 67.680 5.100 20.459 0.3 0.48 0.24
v 67.680 5.100 18.541 0.3 0.48 0.24
v 69.504 5.100 17.948 0.3 0.48 0.24
v 69.544 6.800 19.500 0.3 0.48 0.24
v 69.168 6.800 20.017 0.3 0.48 0.24
v 68.560 6.800 19.820 0.3 0.48 0.24
v 68.560 6.800 19.180 0.3 0.48 0.24
v 69.168 6.800 18.983 0.3 0.48 0.24
v 87.220 0.150 19.500 0.4 0.3 0.21
v 87.110 0.150 19.691 0.4 0.3 0.21
v 86.890 0.150 19.691 0.4 0.3 0.21
v 86.780 0.150 19.500 0.4 0.3 0.21
v 86.890 0.150 19.309 0.4 0.3 0.21
v 87.110 0.150 19.309 0.4 0.3 0.21
v 87.160 2.520 19.500 0.4 0.3 0.21
v 87.080 2.520 19.639 0.4 0.3 0.21
v 86.920 2.520 19.639 0.4 0.3 0.21
v 86.840 2.520 19.500 0.4 0.3 0.21
v 86.920 2.520 19.361 0.4 0.3 0.21
v 87.080 2.520 19.361 0.4 0.3 0.21
v 88.440 2.400 19.500 0.38 0.57 0.29
v 87.445 2.400 20.870 0.38 0.57 0.29
v 85.835 2.400 20.346 0.38 0.57 0.29
v 85.835 2.400 18.654 0.38 0.57 0.29
v 87.445 2.400 18.130 0.38 0.57 0.29
v 88.440 4.500 19.500 0.38 0.57 0.29
v 87.445 4.500 20.870 0.38 0.57 0.29
v 85.835 4.500 20.346 0.38 0.57 0.29
v 85.835 4.500 18.654 0.38 0.57 0.29
v 87.445 4.500 18.130 0.38 0.57 0.29
v 88.440 4.500 19.500 0.38 0.57 0.29
v 87.445 4.500 20.870 0.38 0.57 0.29
v 85.835 4.500 20.346 0.38 0.57 0.29
v 85.835 4.500 18.654 0.38 0.57 0.29
v 87.445 4.500 18.130 0.38 0.57 0.29
v 87.480 6.000 19.500 0.38 0.57 0.29
v 87.148 6.000 19.957 0.38 0.57 0.29
v 86.612 6.000 19.782 0.38 0.57 0.29
v 86.612 6.000 19.218 0.38 0.57 0.29
v 87.148 6.000 19.043 0.38 0.57 0.29
o Terreno
usemtl tierra
f 8 7 6 5
f 1 2 3 4
f 1 5 6 2
f 1 4 8 5
f 16 15 14 13
f 9 10 11 12
f 9 12 16 13
f 24 23 22 21
f 17 18 19 20
f 20 19 23 24
f 17 20 24 21
f 32 31 30 29
f 25 26 27 28
f 25 29 30 26
f 40 39 38 37
f 33 34 35 36
f 48 47 46 45
f 41 42 43 44
f 44 43 47 48
f 56 55 54 53
f 49 50 51 52
f 49 53 54 50
f 64 63 62 61
f 57 58 59 60
f 72 71 70 69
f 65 66 67 68
f 68 67 71 72
f 80 79 78 77
f 73 74 75 76
f 73 77 78 74
f 88 87 86 85
f 81 82 83 84
f 96 95 94 93
f 89 90 91 92
f 92 91 95 96
f 104 103 102 101
f 97 98 99 100
f 97 101 102 98
f 112 111 110 109
f 105 106 107 108
f 120 119 118 117
f 113 114 115 116
f 116 115 119 120
f 128 127 126 125
f 121 122 123 124
f 121 125 126 122
f 136 135 134 133
f 129 130 131 132
f 144 143 142 141
f 137 138 139 140
f 140 139 143 144
f 152 151 150 149
f 145 146 147 148
f 145 149 150 146
f 160 159 158 157
f 153 154 155 156
f 168 167 166 165
f 161 162 163 164
f 164 163 167 168
f 176 175 174 173
f 169 170 171 172
f 169 173 174 170
f 184 183 182 181
f 177 178 179 180
f 192 191 190 189
f 185 186 187 188
f 188 187 191 192
f 200 199 198 197
f 193 194 195 196
f 193 197 198 194
f 194 198 199 195
f 208 207 206 205
f 201 202 203 204
f 202 206 207 203
f 216 215 214 213
f 209 210 211 212
f 212 211 215 216
f 210 214 215 211
usemtl pasto
f 224 223 222 221
f 217 218 219 220
f 217 221 222 218
f 217 220 224 221
f 232 231 230 229
f 225 226 227 228
f 225 228 232 229
f 240 239 238 237
f 233 234 235 236
f 236 235 239 240
f 233 236 240 237
f 248 247 246 245
f 241 242 243 244
f 241 245 246 242
f 256 255 254 253
f 249 250 251 252
f 264 263 262 261
f 257 258 259 260
f 260 259 263 264
f 272 271 270 269
f 265 266 267 268
f 265 269 270 266
f 280 279 278 277
f 273 274 275 276
f 288 287 286 285
f 281 282 283 284
f 284 283 287 288
f 296 295 294 293
f 289 290 291 292
f 289 293 294 290
f 304 303 302 301
f 297 298 299 300
f 312 311 310 309
f 305 306 307 308
f 308 307 311 312
f 320 319 318 317
f 313 314 315 316
f 313 317 318 314
f 328 327 326 325
f 321 322 323 324
f 336 335 334 333
f 329 330 331 332
f 332 331 335 336
f 344 343 342 341
f 337 338 339 340
f 337 341 342 338
f 352 351 350 349
f 345 346 347 348
f 360 359 358 357
f 353 354 355 356
f 356 355 359 360
f 368 367 366 365
f 361 362 363 364
f 361 365 366 362
f 376 375 374 373
f 369 370 371 372
f 384 383 382 381
f 377 378 379 380
f 380 379 383 384
f 392 391 390 389
f 385 386 387 388
f 385 389 390 386
f 400 399 398 397
f 393 394 395 396
f 408 407 406 405
f 401 402 403 404
f 404 403 407 408
f 416 415 414 413
f 409 410 411 412
f 409 413 414 410
f 410 414 415 411
f 424 423 422 421
f 417 418 419 420
f 418 422 423 419
f 432 431 430 429
f 425 426 427 428
f 428 427 431 432
f 426 430 431 427
o CorredorVial
usemtl vereda
f 440 439 438 437
f 433 434 435 436
f 433 437 438 434
f 436 435 439 440
f 433 436 440 437
f 448 447 446 445
f 441 442 443 444
f 441 445 446 442
f 444 443 447 448
f 456 455 454 453
f 449 450 451 452
f 449 453 454 450
f 452 451 455 456
f 464 463 462 461
f 457 458 459 460
f 457 461 462 458
f 460 459 463 464
f 472 471 470 469
f 465 466 467 468
f 465 469 470 466
f 468 467 471 472
f 480 479 478 477
f 473 474 475 476
f 473 477 478 474
f 476 475 479 480
f 488 487 486 485
f 481 482 483 484
f 481 485 486 482
f 484 483 487 488
f 496 495 494 493
f 489 490 491 492
f 489 493 494 490
f 492 491 495 496
f 504 503 502 501
f 497 498 499 500
f 497 501 502 498
f 500 499 503 504
f 498 502 503 499
usemtl ciclovia
f 512 511 510 509
f 505 506 507 508
f 505 509 510 506
f 508 507 511 512
f 505 508 512 509
f 520 519 518 517
f 513 514 515 516
f 513 517 518 514
f 516 515 519 520
f 528 527 526 525
f 521 522 523 524
f 521 525 526 522
f 524 523 527 528
f 536 535 534 533
f 529 530 531 532
f 529 533 534 530
f 532 531 535 536
f 544 543 542 541
f 537 538 539 540
f 537 541 542 538
f 540 539 543 544
f 552 551 550 549
f 545 546 547 548
f 545 549 550 546
f 548 547 551 552
f 560 559 558 557
f 553 554 555 556
f 553 557 558 554
f 556 555 559 560
f 568 567 566 565
f 561 562 563 564
f 561 565 566 562
f 564 563 567 568
f 576 575 574 573
f 569 570 571 572
f 569 573 574 570
f 572 571 575 576
f 570 574 575 571
usemtl asfalto
f 584 583 582 581
f 577 578 579 580
f 577 581 582 578
f 580 579 583 584
f 577 580 584 581
f 592 591 590 589
f 585 586 587 588
f 585 589 590 586
f 588 587 591 592
f 600 599 598 597
f 593 594 595 596
f 593 597 598 594
f 596 595 599 600
f 608 607 606 605
f 601 602 603 604
f 601 605 606 602
f 604 603 607 608
f 616 615 614 613
f 609 610 611 612
f 609 613 614 610
f 612 611 615 616
f 624 623 622 621
f 617 618 619 620
f 617 621 622 618
f 620 619 623 624
f 632 631 630 629
f 625 626 627 628
f 625 629 630 626
f 628 627 631 632
f 640 639 638 637
f 633 634 635 636
f 633 637 638 634
f 636 635 639 640
f 648 647 646 645
f 641 642 643 644
f 641 645 646 642
f 644 643 647 648
f 642 646 647 643
usemtl pastoOsc
f 656 655 654 653
f 649 650 651 652
f 649 653 654 650
f 652 651 655 656
f 649 652 656 653
f 664 663 662 661
f 657 658 659 660
f 657 661 662 658
f 660 659 663 664
f 672 671 670 669
f 665 666 667 668
f 665 669 670 666
f 668 667 671 672
f 680 679 678 677
f 673 674 675 676
f 673 677 678 674
f 676 675 679 680
f 688 687 686 685
f 681 682 683 684
f 681 685 686 682
f 684 683 687 688
f 696 695 694 693
f 689 690 691 692
f 689 693 694 690
f 692 691 695 696
f 704 703 702 701
f 697 698 699 700
f 697 701 702 698
f 700 699 703 704
f 712 711 710 709
f 705 706 707 708
f 705 709 710 706
f 708 707 711 712
f 720 719 718 717
f 713 714 715 716
f 713 717 718 714
f 716 715 719 720
f 714 718 719 715
usemtl asfaltoBus
f 728 727 726 725
f 721 722 723 724
f 721 725 726 722
f 724 723 727 728
f 721 724 728 725
f 736 735 734 733
f 729 730 731 732
f 729 733 734 730
f 732 731 735 736
f 744 743 742 741
f 737 738 739 740
f 737 741 742 738
f 740 739 743 744
f 752 751 750 749
f 745 746 747 748
f 745 749 750 746
f 748 747 751 752
f 760 759 758 757
f 753 754 755 756
f 753 757 758 754
f 756 755 759 760
f 768 767 766 765
f 761 762 763 764
f 761 765 766 762
f 764 763 767 768
f 776 775 774 773
f 769 770 771 772
f 769 773 774 770
f 772 771 775 776
f 784 783 782 781
f 777 778 779 780
f 777 781 782 778
f 780 779 783 784
f 792 791 790 789
f 785 786 787 788
f 785 789 790 786
f 788 787 791 792
f 786 790 791 787
f 800 799 798 797
f 793 794 795 796
f 793 797 798 794
f 796 795 799 800
f 793 796 800 797
f 808 807 806 805
f 801 802 803 804
f 801 805 806 802
f 804 803 807 808
f 816 815 814 813
f 809 810 811 812
f 809 813 814 810
f 812 811 815 816
f 824 823 822 821
f 817 818 819 820
f 817 821 822 818
f 820 819 823 824
f 832 831 830 829
f 825 826 827 828
f 825 829 830 826
f 828 827 831 832
f 840 839 838 837
f 833 834 835 836
f 833 837 838 834
f 836 835 839 840
f 848 847 846 845
f 841 842 843 844
f 841 845 846 842
f 844 843 847 848
f 856 855 854 853
f 849 850 851 852
f 849 853 854 850
f 852 851 855 856
f 864 863 862 861
f 857 858 859 860
f 857 861 862 858
f 860 859 863 864
f 858 862 863 859
usemtl vereda
f 872 871 870 869
f 865 866 867 868
f 865 869 870 866
f 868 867 871 872
f 865 868 872 869
f 880 879 878 877
f 873 874 875 876
f 873 877 878 874
f 876 875 879 880
f 888 887 886 885
f 881 882 883 884
f 881 885 886 882
f 884 883 887 888
f 896 895 894 893
f 889 890 891 892
f 889 893 894 890
f 892 891 895 896
f 904 903 902 901
f 897 898 899 900
f 897 901 902 898
f 900 899 903 904
f 912 911 910 909
f 905 906 907 908
f 905 909 910 906
f 908 907 911 912
f 920 919 918 917
f 913 914 915 916
f 913 917 918 914
f 916 915 919 920
f 928 927 926 925
f 921 922 923 924
f 921 925 926 922
f 924 923 927 928
f 936 935 934 933
f 929 930 931 932
f 929 933 934 930
f 932 931 935 936
f 930 934 935 931
usemtl lineaBl
f 944 943 942 941
f 937 938 939 940
f 937 941 942 938
f 940 939 943 944
f 938 942 943 939
f 937 940 944 941
f 952 951 950 949
f 945 946 947 948
f 945 949 950 946
f 948 947 951 952
f 946 950 951 947
f 945 948 952 949
f 960 959 958 957
f 953 954 955 956
f 953 957 958 954
f 956 955 959 960
f 954 958 959 955
f 953 956 960 957
f 968 967 966 965
f 961 962 963 964
f 961 965 966 962
f 964 963 967 968
f 962 966 967 963
f 961 964 968 965
f 976 975 974 973
f 969 970 971 972
f 969 973 974 970
f 972 971 975 976
f 970 974 975 971
f 969 972 976 973
f 984 983 982 981
f 977 978 979 980
f 977 981 982 978
f 980 979 983 984
f 978 982 983 979
f 977 980 984 981
f 992 991 990 989
f 985 986 987 988
f 985 989 990 986
f 988 987 991 992
f 986 990 991 987
f 985 988 992 989
f 1000 999 998 997
f 993 994 995 996
f 993 997 998 994
f 996 995 999 1000
f 994 998 999 995
f 993 996 1000 997
f 1008 1007 1006 1005
f 1001 1002 1003 1004
f 1001 1005 1006 1002
f 1004 1003 1007 1008
f 1002 1006 1007 1003
f 1001 1004 1008 1005
f 1016 1015 1014 1013
f 1009 1010 1011 1012
f 1009 1013 1014 1010
f 1012 1011 1015 1016
f 1010 1014 1015 1011
f 1009 1012 1016 1013
f 1024 1023 1022 1021
f 1017 1018 1019 1020
f 1017 1021 1022 1018
f 1020 1019 1023 1024
f 1018 1022 1023 1019
f 1017 1020 1024 1021
f 1032 1031 1030 1029
f 1025 1026 1027 1028
f 1025 1029 1030 1026
f 1028 1027 1031 1032
f 1026 1030 1031 1027
f 1025 1028 1032 1029
f 1040 1039 1038 1037
f 1033 1034 1035 1036
f 1033 1037 1038 1034
f 1036 1035 1039 1040
f 1034 1038 1039 1035
f 1033 1036 1040 1037
f 1048 1047 1046 1045
f 1041 1042 1043 1044
f 1041 1045 1046 1042
f 1044 1043 1047 1048
f 1042 1046 1047 1043
f 1041 1044 1048 1045
f 1056 1055 1054 1053
f 1049 1050 1051 1052
f 1049 1053 1054 1050
f 1052 1051 1055 1056
f 1050 1054 1055 1051
f 1049 1052 1056 1053
f 1064 1063 1062 1061
f 1057 1058 1059 1060
f 1057 1061 1062 1058
f 1060 1059 1063 1064
f 1058 1062 1063 1059
f 1057 1060 1064 1061
f 1072 1071 1070 1069
f 1065 1066 1067 1068
f 1065 1069 1070 1066
f 1068 1067 1071 1072
f 1066 1070 1071 1067
f 1065 1068 1072 1069
f 1080 1079 1078 1077
f 1073 1074 1075 1076
f 1073 1077 1078 1074
f 1076 1075 1079 1080
f 1074 1078 1079 1075
f 1073 1076 1080 1077
f 1088 1087 1086 1085
f 1081 1082 1083 1084
f 1081 1085 1086 1082
f 1084 1083 1087 1088
f 1082 1086 1087 1083
f 1081 1084 1088 1085
f 1096 1095 1094 1093
f 1089 1090 1091 1092
f 1089 1093 1094 1090
f 1092 1091 1095 1096
f 1090 1094 1095 1091
f 1089 1092 1096 1093
f 1104 1103 1102 1101
f 1097 1098 1099 1100
f 1097 1101 1102 1098
f 1100 1099 1103 1104
f 1098 1102 1103 1099
f 1097 1100 1104 1101
f 1112 1111 1110 1109
f 1105 1106 1107 1108
f 1105 1109 1110 1106
f 1108 1107 1111 1112
f 1106 1110 1111 1107
f 1105 1108 1112 1109
f 1120 1119 1118 1117
f 1113 1114 1115 1116
f 1113 1117 1118 1114
f 1116 1115 1119 1120
f 1114 1118 1119 1115
f 1113 1116 1120 1117
f 1128 1127 1126 1125
f 1121 1122 1123 1124
f 1121 1125 1126 1122
f 1124 1123 1127 1128
f 1122 1126 1127 1123
f 1121 1124 1128 1125
f 1136 1135 1134 1133
f 1129 1130 1131 1132
f 1129 1133 1134 1130
f 1132 1131 1135 1136
f 1130 1134 1135 1131
f 1129 1132 1136 1133
f 1144 1143 1142 1141
f 1137 1138 1139 1140
f 1137 1141 1142 1138
f 1140 1139 1143 1144
f 1138 1142 1143 1139
f 1137 1140 1144 1141
f 1152 1151 1150 1149
f 1145 1146 1147 1148
f 1145 1149 1150 1146
f 1148 1147 1151 1152
f 1146 1150 1151 1147
f 1145 1148 1152 1149
f 1160 1159 1158 1157
f 1153 1154 1155 1156
f 1153 1157 1158 1154
f 1156 1155 1159 1160
f 1154 1158 1159 1155
f 1153 1156 1160 1157
f 1168 1167 1166 1165
f 1161 1162 1163 1164
f 1161 1165 1166 1162
f 1164 1163 1167 1168
f 1162 1166 1167 1163
f 1161 1164 1168 1165
f 1176 1175 1174 1173
f 1169 1170 1171 1172
f 1169 1173 1174 1170
f 1172 1171 1175 1176
f 1170 1174 1175 1171
f 1169 1172 1176 1173
f 1184 1183 1182 1181
f 1177 1178 1179 1180
f 1177 1181 1182 1178
f 1180 1179 1183 1184
f 1178 1182 1183 1179
f 1177 1180 1184 1181
f 1192 1191 1190 1189
f 1185 1186 1187 1188
f 1185 1189 1190 1186
f 1188 1187 1191 1192
f 1186 1190 1191 1187
f 1185 1188 1192 1189
f 1200 1199 1198 1197
f 1193 1194 1195 1196
f 1193 1197 1198 1194
f 1196 1195 1199 1200
f 1194 1198 1199 1195
f 1193 1196 1200 1197
f 1208 1207 1206 1205
f 1201 1202 1203 1204
f 1201 1205 1206 1202
f 1204 1203 1207 1208
f 1202 1206 1207 1203
f 1201 1204 1208 1205
f 1216 1215 1214 1213
f 1209 1210 1211 1212
f 1209 1213 1214 1210
f 1212 1211 1215 1216
f 1210 1214 1215 1211
f 1209 1212 1216 1213
f 1224 1223 1222 1221
f 1217 1218 1219 1220
f 1217 1221 1222 1218
f 1220 1219 1223 1224
f 1218 1222 1223 1219
f 1217 1220 1224 1221
f 1232 1231 1230 1229
f 1225 1226 1227 1228
f 1225 1229 1230 1226
f 1228 1227 1231 1232
f 1226 1230 1231 1227
f 1225 1228 1232 1229
f 1240 1239 1238 1237
f 1233 1234 1235 1236
f 1233 1237 1238 1234
f 1236 1235 1239 1240
f 1234 1238 1239 1235
f 1233 1236 1240 1237
f 1248 1247 1246 1245
f 1241 1242 1243 1244
f 1241 1245 1246 1242
f 1244 1243 1247 1248
f 1242 1246 1247 1243
f 1241 1244 1248 1245
f 1256 1255 1254 1253
f 1249 1250 1251 1252
f 1249 1253 1254 1250
f 1252 1251 1255 1256
f 1250 1254 1255 1251
f 1249 1252 1256 1253
f 1264 1263 1262 1261
f 1257 1258 1259 1260
f 1257 1261 1262 1258
f 1260 1259 1263 1264
f 1258 1262 1263 1259
f 1257 1260 1264 1261
f 1272 1271 1270 1269
f 1265 1266 1267 1268
f 1265 1269 1270 1266
f 1268 1267 1271 1272
f 1266 1270 1271 1267
f 1265 1268 1272 1269
f 1280 1279 1278 1277
f 1273 1274 1275 1276
f 1273 1277 1278 1274
f 1276 1275 1279 1280
f 1274 1278 1279 1275
f 1273 1276 1280 1277
f 1288 1287 1286 1285
f 1281 1282 1283 1284
f 1281 1285 1286 1282
f 1284 1283 1287 1288
f 1282 1286 1287 1283
f 1281 1284 1288 1285
f 1296 1295 1294 1293
f 1289 1290 1291 1292
f 1289 1293 1294 1290
f 1292 1291 1295 1296
f 1290 1294 1295 1291
f 1289 1292 1296 1293
f 1304 1303 1302 1301
f 1297 1298 1299 1300
f 1297 1301 1302 1298
f 1300 1299 1303 1304
f 1298 1302 1303 1299
f 1297 1300 1304 1301
f 1312 1311 1310 1309
f 1305 1306 1307 1308
f 1305 1309 1310 1306
f 1308 1307 1311 1312
f 1305 1308 1312 1309
f 1320 1319 1318 1317
f 1313 1314 1315 1316
f 1313 1317 1318 1314
f 1316 1315 1319 1320
f 1328 1327 1326 1325
f 1321 1322 1323 1324
f 1321 1325 1326 1322
f 1324 1323 1327 1328
f 1336 1335 1334 1333
f 1329 1330 1331 1332
f 1329 1333 1334 1330
f 1332 1331 1335 1336
f 1344 1343 1342 1341
f 1337 1338 1339 1340
f 1337 1341 1342 1338
f 1340 1339 1343 1344
f 1352 1351 1350 1349
f 1345 1346 1347 1348
f 1345 1349 1350 1346
f 1348 1347 1351 1352
f 1360 1359 1358 1357
f 1353 1354 1355 1356
f 1353 1357 1358 1354
f 1356 1355 1359 1360
f 1368 1367 1366 1365
f 1361 1362 1363 1364
f 1361 1365 1366 1362
f 1364 1363 1367 1368
f 1376 1375 1374 1373
f 1369 1370 1371 1372
f 1369 1373 1374 1370
f 1372 1371 1375 1376
f 1370 1374 1375 1371
f 1384 1383 1382 1381
f 1377 1378 1379 1380
f 1377 1381 1382 1378
f 1380 1379 1383 1384
f 1377 1380 1384 1381
f 1392 1391 1390 1389
f 1385 1386 1387 1388
f 1385 1389 1390 1386
f 1388 1387 1391 1392
f 1400 1399 1398 1397
f 1393 1394 1395 1396
f 1393 1397 1398 1394
f 1396 1395 1399 1400
f 1408 1407 1406 1405
f 1401 1402 1403 1404
f 1401 1405 1406 1402
f 1404 1403 1407 1408
f 1416 1415 1414 1413
f 1409 1410 1411 1412
f 1409 1413 1414 1410
f 1412 1411 1415 1416
f 1424 1423 1422 1421
f 1417 1418 1419 1420
f 1417 1421 1422 1418
f 1420 1419 1423 1424
f 1432 1431 1430 1429
f 1425 1426 1427 1428
f 1425 1429 1430 1426
f 1428 1427 1431 1432
f 1440 1439 1438 1437
f 1433 1434 1435 1436
f 1433 1437 1438 1434
f 1436 1435 1439 1440
f 1448 1447 1446 1445
f 1441 1442 1443 1444
f 1441 1445 1446 1442
f 1444 1443 1447 1448
f 1442 1446 1447 1443
usemtl lineaAm
f 1456 1455 1454 1453
f 1449 1450 1451 1452
f 1449 1453 1454 1450
f 1452 1451 1455 1456
f 1449 1452 1456 1453
f 1464 1463 1462 1461
f 1457 1458 1459 1460
f 1457 1461 1462 1458
f 1460 1459 1463 1464
f 1472 1471 1470 1469
f 1465 1466 1467 1468
f 1465 1469 1470 1466
f 1468 1467 1471 1472
f 1480 1479 1478 1477
f 1473 1474 1475 1476
f 1473 1477 1478 1474
f 1476 1475 1479 1480
f 1488 1487 1486 1485
f 1481 1482 1483 1484
f 1481 1485 1486 1482
f 1484 1483 1487 1488
f 1496 1495 1494 1493
f 1489 1490 1491 1492
f 1489 1493 1494 1490
f 1492 1491 1495 1496
f 1504 1503 1502 1501
f 1497 1498 1499 1500
f 1497 1501 1502 1498
f 1500 1499 1503 1504
f 1512 1511 1510 1509
f 1505 1506 1507 1508
f 1505 1509 1510 1506
f 1508 1507 1511 1512
f 1520 1519 1518 1517
f 1513 1514 1515 1516
f 1513 1517 1518 1514
f 1516 1515 1519 1520
f 1514 1518 1519 1515
f 1528 1527 1526 1525
f 1521 1522 1523 1524
f 1521 1525 1526 1522
f 1524 1523 1527 1528
f 1521 1524 1528 1525
f 1536 1535 1534 1533
f 1529 1530 1531 1532
f 1529 1533 1534 1530
f 1532 1531 1535 1536
f 1544 1543 1542 1541
f 1537 1538 1539 1540
f 1537 1541 1542 1538
f 1540 1539 1543 1544
f 1552 1551 1550 1549
f 1545 1546 1547 1548
f 1545 1549 1550 1546
f 1548 1547 1551 1552
f 1560 1559 1558 1557
f 1553 1554 1555 1556
f 1553 1557 1558 1554
f 1556 1555 1559 1560
f 1568 1567 1566 1565
f 1561 1562 1563 1564
f 1561 1565 1566 1562
f 1564 1563 1567 1568
f 1576 1575 1574 1573
f 1569 1570 1571 1572
f 1569 1573 1574 1570
f 1572 1571 1575 1576
f 1584 1583 1582 1581
f 1577 1578 1579 1580
f 1577 1581 1582 1578
f 1580 1579 1583 1584
f 1592 1591 1590 1589
f 1585 1586 1587 1588
f 1585 1589 1590 1586
f 1588 1587 1591 1592
f 1586 1590 1591 1587
o Estacion
usemtl anden
f 1600 1599 1598 1597
f 1593 1594 1595 1596
f 1593 1597 1598 1594
f 1596 1595 1599 1600
f 1593 1596 1600 1597
f 1608 1607 1606 1605
f 1601 1602 1603 1604
f 1601 1605 1606 1602
f 1604 1603 1607 1608
f 1602 1606 1607 1603
usemtl techo
f 1616 1615 1614 1613
f 1609 1610 1611 1612
f 1609 1613 1614 1610
f 1612 1611 1615 1616
f 1609 1612 1616 1613
f 1624 1623 1622 1621
f 1617 1618 1619 1620
f 1617 1621 1622 1618
f 1620 1619 1623 1624
f 1618 1622 1623 1619
usemtl metal
f 1629 1630 1626 1625
f 1630 1631 1627 1626
f 1631 1632 1628 1627
f 1632 1629 1625 1628
f 1631 1630 1629
f 1632 1631 1629
f 1626 1627 1625
f 1627 1628 1625
f 1637 1638 1634 1633
f 1638 1639 1635 1634
f 1639 1640 1636 1635
f 1640 1637 1633 1636
f 1639 1638 1637
f 1640 1639 1637
f 1634 1635 1633
f 1635 1636 1633
f 1645 1646 1642 1641
f 1646 1647 1643 1642
f 1647 1648 1644 1643
f 1648 1645 1641 1644
f 1647 1646 1645
f 1648 1647 1645
f 1642 1643 1641
f 1643 1644 1641
f 1653 1654 1650 1649
f 1654 1655 1651 1650
f 1655 1656 1652 1651
f 1656 1653 1649 1652
f 1655 1654 1653
f 1656 1655 1653
f 1650 1651 1649
f 1651 1652 1649
usemtl busCuerpo
f 1658 1662 1661 1657
f 1659 1663 1662 1658
f 1660 1664 1663 1659
f 1657 1661 1664 1660
f 1659 1658 1657
f 1660 1659 1657
f 1662 1663 1661
f 1663 1664 1661
usemtl vidrio
f 1666 1670 1669 1665
f 1667 1671 1670 1666
f 1668 1672 1671 1667
f 1665 1669 1672 1668
f 1667 1666 1665
f 1668 1667 1665
f 1670 1671 1669
f 1671 1672 1669
usemtl busFranja
f 1674 1678 1677 1673
f 1675 1679 1678 1674
f 1676 1680 1679 1675
f 1673 1677 1680 1676
f 1675 1674 1673
f 1676 1675 1673
f 1678 1679 1677
f 1679 1680 1677
usemtl busCuerpo
f 1682 1686 1685 1681
f 1683 1687 1686 1682
f 1684 1688 1687 1683
f 1681 1685 1688 1684
f 1683 1682 1681
f 1684 1683 1681
f 1686 1687 1685
f 1687 1688 1685
usemtl vidrio
f 1690 1694 1693 1689
f 1691 1695 1694 1690
f 1692 1696 1695 1691
f 1689 1693 1696 1692
f 1691 1690 1689
f 1692 1691 1689
f 1694 1695 1693
f 1695 1696 1693
usemtl busFranja
f 1698 1702 1701 1697
f 1699 1703 1702 1698
f 1700 1704 1703 1699
f 1697 1701 1704 1700
f 1699 1698 1697
f 1700 1699 1697
f 1702 1703 1701
f 1703 1704 1701
f 1712 1711 1710 1709
f 1705 1706 1707 1708
f 1705 1709 1710 1706
f 1708 1707 1711 1712
f 1706 1710 1711 1707
f 1705 1708 1712 1709
o Columnas
usemtl concretoOsc
f 1720 1719 1718 1717
f 1713 1714 1715 1716
f 1713 1717 1718 1714
f 1716 1715 1719 1720
f 1714 1718 1719 1715
f 1713 1716 1720 1717
usemtl concreto
f 1725 1726 1722 1721
f 1726 1727 1723 1722
f 1727 1728 1724 1723
f 1728 1725 1721 1724
f 1728 1727 1726 1725
f 1721 1722 1723 1724
f 1729 1730 1735 1734
f 1730 1731 1736 1735
f 1731 1732 1737 1736
f 1732 1733 1738 1737
f 1733 1729 1734 1738
f 1729 1731 1730
f 1729 1732 1731
f 1729 1733 1732
f 1734 1735 1736
f 1734 1736 1737
f 1734 1737 1738
usemtl concretoOsc
f 1746 1745 1744 1743
f 1739 1740 1741 1742
f 1739 1743 1744 1740
f 1742 1741 1745 1746
f 1740 1744 1745 1741
f 1739 1742 1746 1743
usemtl concreto
f 1751 1752 1748 1747
f 1752 1753 1749 1748
f 1753 1754 1750 1749
f 1754 1751 1747 1750
f 1754 1753 1752 1751
f 1747 1748 1749 1750
f 1755 1756 1761 1760
f 1756 1757 1762 1761
f 1757 1758 1763 1762
f 1758 1759 1764 1763
f 1759 1755 1760 1764
f 1755 1757 1756
f 1755 1758 1757
f 1755 1759 1758
f 1760 1761 1762
f 1760 1762 1763
f 1760 1763 1764
usemtl concretoOsc
f 1772 1771 1770 1769
f 1765 1766 1767 1768
f 1765 1769 1770 1766
f 1768 1767 1771 1772
f 1766 1770 1771 1767
f 1765 1768 1772 1769
usemtl concreto
f 1777 1778 1774 1773
f 1778 1779 1775 1774
f 1779 1780 1776 1775
f 1780 1777 1773 1776
f 1780 1779 1778 1777
f 1773 1774 1775 1776
f 1781 1782 1787 1786
f 1782 1783 1788 1787
f 1783 1784 1789 1788
f 1784 1785 1790 1789
f 1785 1781 1786 1790
f 1781 1783 1782
f 1781 1784 1783
f 1781 1785 1784
f 1786 1787 1788
f 1786 1788 1789
f 1786 1789 1790
usemtl concretoOsc
f 1798 1797 1796 1795
f 1791 1792 1793 1794
f 1791 1795 1796 1792
f 1794 1793 1797 1798
f 1792 1796 1797 1793
f 1791 1794 1798 1795
usemtl concreto
f 1803 1804 1800 1799
f 1804 1805 1801 1800
f 1805 1806 1802 1801
f 1806 1803 1799 1802
f 1806 1805 1804 1803
f 1799 1800 1801 1802
f 1807 1808 1813 1812
f 1808 1809 1814 1813
f 1809 1810 1815 1814
f 1810 1811 1816 1815
f 1811 1807 1812 1816
f 1807 1809 1808
f 1807 1810 1809
f 1807 1811 1810
f 1812 1813 1814
f 1812 1814 1815
f 1812 1815 1816
usemtl concretoOsc
f 1824 1823 1822 1821
f 1817 1818 1819 1820
f 1817 1821 1822 1818
f 1820 1819 1823 1824
f 1818 1822 1823 1819
f 1817 1820 1824 1821
usemtl concreto
f 1829 1830 1826 1825
f 1830 1831 1827 1826
f 1831 1832 1828 1827
f 1832 1829 1825 1828
f 1832 1831 1830 1829
f 1825 1826 1827 1828
f 1833 1834 1839 1838
f 1834 1835 1840 1839
f 1835 1836 1841 1840
f 1836 1837 1842 1841
f 1837 1833 1838 1842
f 1833 1835 1834
f 1833 1836 1835
f 1833 1837 1836
f 1838 1839 1840
f 1838 1840 1841
f 1838 1841 1842
usemtl concretoOsc
f 1850 1849 1848 1847
f 1843 1844 1845 1846
f 1843 1847 1848 1844
f 1846 1845 1849 1850
f 1844 1848 1849 1845
f 1843 1846 1850 1847
usemtl concreto
f 1855 1856 1852 1851
f 1856 1857 1853 1852
f 1857 1858 1854 1853
f 1858 1855 1851 1854
f 1858 1857 1856 1855
f 1851 1852 1853 1854
f 1859 1860 1865 1864
f 1860 1861 1866 1865
f 1861 1862 1867 1866
f 1862 1863 1868 1867
f 1863 1859 1864 1868
f 1859 1861 1860
f 1859 1862 1861
f 1859 1863 1862
f 1864 1865 1866
f 1864 1866 1867
f 1864 1867 1868
usemtl concretoOsc
f 1876 1875 1874 1873
f 1869 1870 1871 1872
f 1869 1873 1874 1870
f 1872 1871 1875 1876
f 1870 1874 1875 1871
f 1869 1872 1876 1873
usemtl concreto
f 1881 1882 1878 1877
f 1882 1883 1879 1878
f 1883 1884 1880 1879
f 1884 1881 1877 1880
f 1884 1883 1882 1881
f 1877 1878 1879 1880
f 1885 1886 1891 1890
f 1886 1887 1892 1891
f 1887 1888 1893 1892
f 1888 1889 1894 1893
f 1889 1885 1890 1894
f 1885 1887 1886
f 1885 1888 1887
f 1885 1889 1888
f 1890 1891 1892
f 1890 1892 1893
f 1890 1893 1894
o ViaElevada
usemtl asfalto
f 1895 1896 1902 1901
usemtl concreto
f 1896 1897 1903 1902
f 1897 1898 1904 1903
f 1898 1899 1905 1904
f 1899 1900 1906 1905
f 1900 1895 1901 1906
usemtl asfalto
f 1901 1902 1908 1907
usemtl concreto
f 1902 1903 1909 1908
f 1903 1904 1910 1909
f 1904 1905 1911 1910
f 1905 1906 1912 1911
f 1906 1901 1907 1912
usemtl asfalto
f 1907 1908 1914 1913
usemtl concreto
f 1908 1909 1915 1914
f 1909 1910 1916 1915
f 1910 1911 1917 1916
f 1911 1912 1918 1917
f 1912 1907 1913 1918
usemtl asfalto
f 1913 1914 1920 1919
usemtl concreto
f 1914 1915 1921 1920
f 1915 1916 1922 1921
f 1916 1917 1923 1922
f 1917 1918 1924 1923
f 1918 1913 1919 1924
usemtl asfalto
f 1919 1920 1926 1925
usemtl concreto
f 1920 1921 1927 1926
f 1921 1922 1928 1927
f 1922 1923 1929 1928
f 1923 1924 1930 1929
f 1924 1919 1925 1930
usemtl asfalto
f 1925 1926 1932 1931
usemtl concreto
f 1926 1927 1933 1932
f 1927 1928 1934 1933
f 1928 1929 1935 1934
f 1929 1930 1936 1935
f 1930 1925 1931 1936
usemtl asfalto
f 1931 1932 1938 1937
usemtl concreto
f 1932 1933 1939 1938
f 1933 1934 1940 1939
f 1934 1935 1941 1940
f 1935 1936 1942 1941
f 1936 1931 1937 1942
usemtl asfalto
f 1937 1938 1944 1943
usemtl concreto
f 1938 1939 1945 1944
f 1939 1940 1946 1945
f 1940 1941 1947 1946
f 1941 1942 1948 1947
f 1942 1937 1943 1948
usemtl asfalto
f 1943 1944 1950 1949
usemtl concreto
f 1944 1945 1951 1950
f 1945 1946 1952 1951
f 1946 1947 1953 1952
f 1947 1948 1954 1953
f 1948 1943 1949 1954
f 1895 1897 1896
f 1895 1898 1897
f 1895 1899 1898
f 1895 1900 1899
f 1949 1950 1951
f 1949 1951 1952
f 1949 1952 1953
f 1949 1953 1954
o Rampas
usemtl asfalto
f 1955 1956 1962 1961
usemtl concreto
f 1956 1957 1963 1962
f 1957 1958 1964 1963
f 1958 1959 1965 1964
f 1959 1960 1966 1965
f 1960 1955 1961 1966
usemtl asfalto
f 1961 1962 1968 1967
usemtl concreto
f 1962 1963 1969 1968
f 1963 1964 1970 1969
f 1964 1965 1971 1970
f 1965 1966 1972 1971
f 1966 1961 1967 1972
usemtl asfalto
f 1967 1968 1974 1973
usemtl concreto
f 1968 1969 1975 1974
f 1969 1970 1976 1975
f 1970 1971 1977 1976
f 1971 1972 1978 1977
f 1972 1967 1973 1978
usemtl asfalto
f 1973 1974 1980 1979
usemtl concreto
f 1974 1975 1981 1980
f 1975 1976 1982 1981
f 1976 1977 1983 1982
f 1977 1978 1984 1983
f 1978 1973 1979 1984
usemtl asfalto
f 1979 1980 1986 1985
usemtl concreto
f 1980 1981 1987 1986
f 1981 1982 1988 1987
f 1982 1983 1989 1988
f 1983 1984 1990 1989
f 1984 1979 1985 1990
usemtl asfalto
f 1985 1986 1992 1991
usemtl concreto
f 1986 1987 1993 1992
f 1987 1988 1994 1993
f 1988 1989 1995 1994
f 1989 1990 1996 1995
f 1990 1985 1991 1996
usemtl asfalto
f 1991 1992 1998 1997
usemtl concreto
f 1992 1993 1999 1998
f 1993 1994 2000 1999
f 1994 1995 2001 2000
f 1995 1996 2002 2001
f 1996 1991 1997 2002
usemtl asfalto
f 1997 1998 2004 2003
usemtl concreto
f 1998 1999 2005 2004
f 1999 2000 2006 2005
f 2000 2001 2007 2006
f 2001 2002 2008 2007
f 2002 1997 2003 2008
usemtl asfalto
f 2003 2004 2010 2009
usemtl concreto
f 2004 2005 2011 2010
f 2005 2006 2012 2011
f 2006 2007 2013 2012
f 2007 2008 2014 2013
f 2008 2003 2009 2014
usemtl asfalto
f 2009 2010 2016 2015
usemtl concreto
f 2010 2011 2017 2016
f 2011 2012 2018 2017
f 2012 2013 2019 2018
f 2013 2014 2020 2019
f 2014 2009 2015 2020
usemtl asfalto
f 2015 2016 2022 2021
usemtl concreto
f 2016 2017 2023 2022
f 2017 2018 2024 2023
f 2018 2019 2025 2024
f 2019 2020 2026 2025
f 2020 2015 2021 2026
usemtl asfalto
f 2021 2022 2028 2027
usemtl concreto
f 2022 2023 2029 2028
f 2023 2024 2030 2029
f 2024 2025 2031 2030
f 2025 2026 2032 2031
f 2026 2021 2027 2032
usemtl asfalto
f 2027 2028 2034 2033
usemtl concreto
f 2028 2029 2035 2034
f 2029 2030 2036 2035
f 2030 2031 2037 2036
f 2031 2032 2038 2037
f 2032 2027 2033 2038
usemtl asfalto
f 2033 2034 2040 2039
usemtl concreto
f 2034 2035 2041 2040
f 2035 2036 2042 2041
f 2036 2037 2043 2042
f 2037 2038 2044 2043
f 2038 2033 2039 2044
usemtl asfalto
f 2039 2040 2046 2045
usemtl concreto
f 2040 2041 2047 2046
f 2041 2042 2048 2047
f 2042 2043 2049 2048
f 2043 2044 2050 2049
f 2044 2039 2045 2050
usemtl asfalto
f 2045 2046 2052 2051
usemtl concreto
f 2046 2047 2053 2052
f 2047 2048 2054 2053
f 2048 2049 2055 2054
f 2049 2050 2056 2055
f 2050 2045 2051 2056
usemtl asfalto
f 2051 2052 2058 2057
usemtl concreto
f 2052 2053 2059 2058
f 2053 2054 2060 2059
f 2054 2055 2061 2060
f 2055 2056 2062 2061
f 2056 2051 2057 2062
usemtl asfalto
f 2057 2058 2064 2063
usemtl concreto
f 2058 2059 2065 2064
f 2059 2060 2066 2065
f 2060 2061 2067 2066
f 2061 2062 2068 2067
f 2062 2057 2063 2068
f 1955 1957 1956
f 1955 1958 1957
f 1955 1959 1958
f 1955 1960 1959
f 2063 2064 2065
f 2063 2065 2066
f 2063 2066 2067
f 2063 2067 2068
f 2077 2078 2070 2069
f 2078 2079 2071 2070
f 2079 2080 2072 2071
f 2080 2081 2073 2072
f 2081 2082 2074 2073
f 2082 2083 2075 2074
f 2083 2084 2076 2075
f 2084 2077 2069 2076
f 2085 2086 2078 2077
f 2086 2087 2079 2078
f 2087 2088 2080 2079
f 2088 2089 2081 2080
f 2089 2090 2082 2081
f 2090 2091 2083 2082
f 2091 2092 2084 2083
f 2092 2085 2077 2084
f 2093 2094 2086 2085
f 2094 2095 2087 2086
f 2095 2096 2088 2087
f 2096 2097 2089 2088
f 2097 2098 2090 2089
f 2098 2099 2091 2090
f 2099 2100 2092 2091
f 2100 2093 2085 2092
f 2101 2102 2094 2093
f 2102 2103 2095 2094
f 2103 2104 2096 2095
f 2104 2105 2097 2096
f 2105 2106 2098 2097
f 2106 2107 2099 2098
f 2107 2108 2100 2099
f 2108 2101 2093 2100
f 2109 2110 2102 2101
f 2110 2111 2103 2102
f 2111 2112 2104 2103
f 2112 2113 2105 2104
f 2113 2114 2106 2105
f 2114 2115 2107 2106
f 2115 2116 2108 2107
f 2116 2109 2101 2108
f 2117 2118 2110 2109
f 2118 2119 2111 2110
f 2119 2120 2112 2111
f 2120 2121 2113 2112
f 2121 2122 2114 2113
f 2122 2123 2115 2114
f 2123 2124 2116 2115
f 2124 2117 2109 2116
f 2125 2126 2118 2117
f 2126 2127 2119 2118
f 2127 2128 2120 2119
f 2128 2129 2121 2120
f 2129 2130 2122 2121
f 2130 2131 2123 2122
f 2131 2132 2124 2123
f 2132 2125 2117 2124
f 2133 2134 2126 2125
f 2134 2135 2127 2126
f 2135 2136 2128 2127
f 2136 2137 2129 2128
f 2137 2138 2130 2129
f 2138 2139 2131 2130
f 2139 2140 2132 2131
f 2140 2133 2125 2132
f 2141 2142 2134 2133
f 2142 2143 2135 2134
f 2143 2144 2136 2135
f 2144 2145 2137 2136
f 2145 2146 2138 2137
f 2146 2147 2139 2138
f 2147 2148 2140 2139
f 2148 2141 2133 2140
f 2149 2150 2142 2141
f 2150 2151 2143 2142
f 2151 2152 2144 2143
f 2152 2153 2145 2144
f 2153 2154 2146 2145
f 2154 2155 2147 2146
f 2155 2156 2148 2147
f 2156 2149 2141 2148
f 2157 2158 2150 2149
f 2158 2159 2151 2150
f 2159 2160 2152 2151
f 2160 2161 2153 2152
f 2161 2162 2154 2153
f 2162 2163 2155 2154
f 2163 2164 2156 2155
f 2164 2157 2149 2156
f 2165 2166 2158 2157
f 2166 2167 2159 2158
f 2167 2168 2160 2159
f 2168 2169 2161 2160
f 2169 2170 2162 2161
f 2170 2171 2163 2162
f 2171 2172 2164 2163
f 2172 2165 2157 2164
f 2173 2174 2166 2165
f 2174 2175 2167 2166
f 2175 2176 2168 2167
f 2176 2177 2169 2168
f 2177 2178 2170 2169
f 2178 2179 2171 2170
f 2179 2180 2172 2171
f 2180 2173 2165 2172
f 2181 2182 2174 2173
f 2182 2183 2175 2174
f 2183 2184 2176 2175
f 2184 2185 2177 2176
f 2185 2186 2178 2177
f 2186 2187 2179 2178
f 2187 2188 2180 2179
f 2188 2181 2173 2180
f 2189 2190 2182 2181
f 2190 2191 2183 2182
f 2191 2192 2184 2183
f 2192 2193 2185 2184
f 2193 2194 2186 2185
f 2194 2195 2187 2186
f 2195 2196 2188 2187
f 2196 2189 2181 2188
f 2197 2198 2190 2189
f 2198 2199 2191 2190
f 2199 2200 2192 2191
f 2200 2201 2193 2192
f 2201 2202 2194 2193
f 2202 2203 2195 2194
f 2203 2204 2196 2195
f 2204 2197 2189 2196
f 2205 2206 2198 2197
f 2206 2207 2199 2198
f 2207 2208 2200 2199
f 2208 2209 2201 2200
f 2209 2210 2202 2201
f 2210 2211 2203 2202
f 2211 2212 2204 2203
f 2212 2205 2197 2204
f 2213 2214 2206 2205
f 2214 2215 2207 2206
f 2215 2216 2208 2207
f 2216 2217 2209 2208
f 2217 2218 2210 2209
f 2218 2219 2211 2210
f 2219 2220 2212 2211
f 2220 2213 2205 2212
f 2070 2071 2069
f 2071 2072 2069
f 2072 2073 2069
f 2073 2074 2069
f 2074 2075 2069
f 2075 2076 2069
f 2215 2214 2213
f 2216 2215 2213
f 2217 2216 2213
f 2218 2217 2213
f 2219 2218 2213
f 2220 2219 2213
f 2229 2230 2222 2221
f 2230 2231 2223 2222
f 2231 2232 2224 2223
f 2232 2233 2225 2224
f 2233 2234 2226 2225
f 2234 2235 2227 2226
f 2235 2236 2228 2227
f 2236 2229 2221 2228
f 2237 2238 2230 2229
f 2238 2239 2231 2230
f 2239 2240 2232 2231
f 2240 2241 2233 2232
f 2241 2242 2234 2233
f 2242 2243 2235 2234
f 2243 2244 2236 2235
f 2244 2237 2229 2236
f 2245 2246 2238 2237
f 2246 2247 2239 2238
f 2247 2248 2240 2239
f 2248 2249 2241 2240
f 2249 2250 2242 2241
f 2250 2251 2243 2242
f 2251 2252 2244 2243
f 2252 2245 2237 2244
f 2253 2254 2246 2245
f 2254 2255 2247 2246
f 2255 2256 2248 2247
f 2256 2257 2249 2248
f 2257 2258 2250 2249
f 2258 2259 2251 2250
f 2259 2260 2252 2251
f 2260 2253 2245 2252
f 2261 2262 2254 2253
f 2262 2263 2255 2254
f 2263 2264 2256 2255
f 2264 2265 2257 2256
f 2265 2266 2258 2257
f 2266 2267 2259 2258
f 2267 2268 2260 2259
f 2268 2261 2253 2260
f 2269 2270 2262 2261
f 2270 2271 2263 2262
f 2271 2272 2264 2263
f 2272 2273 2265 2264
f 2273 2274 2266 2265
f 2274 2275 2267 2266
f 2275 2276 2268 2267
f 2276 2269 2261 2268
f 2277 2278 2270 2269
f 2278 2279 2271 2270
f 2279 2280 2272 2271
f 2280 2281 2273 2272
f 2281 2282 2274 2273
f 2282 2283 2275 2274
f 2283 2284 2276 2275
f 2284 2277 2269 2276
f 2285 2286 2278 2277
f 2286 2287 2279 2278
f 2287 2288 2280 2279
f 2288 2289 2281 2280
f 2289 2290 2282 2281
f 2290 2291 2283 2282
f 2291 2292 2284 2283
f 2292 2285 2277 2284
f 2293 2294 2286 2285
f 2294 2295 2287 2286
f 2295 2296 2288 2287
f 2296 2297 2289 2288
f 2297 2298 2290 2289
f 2298 2299 2291 2290
f 2299 2300 2292 2291
f 2300 2293 2285 2292
f 2301 2302 2294 2293
f 2302 2303 2295 2294
f 2303 2304 2296 2295
f 2304 2305 2297 2296
f 2305 2306 2298 2297
f 2306 2307 2299 2298
f 2307 2308 2300 2299
f 2308 2301 2293 2300
f 2309 2310 2302 2301
f 2310 2311 2303 2302
f 2311 2312 2304 2303
f 2312 2313 2305 2304
f 2313 2314 2306 2305
f 2314 2315 2307 2306
f 2315 2316 2308 2307
f 2316 2309 2301 2308
f 2317 2318 2310 2309
f 2318 2319 2311 2310
f 2319 2320 2312 2311
f 2320 2321 2313 2312
f 2321 2322 2314 2313
f 2322 2323 2315 2314
f 2323 2324 2316 2315
f 2324 2317 2309 2316
f 2325 2326 2318 2317
f 2326 2327 2319 2318
f 2327 2328 2320 2319
f 2328 2329 2321 2320
f 2329 2330 2322 2321
f 2330 2331 2323 2322
f 2331 2332 2324 2323
f 2332 2325 2317 2324
f 2333 2334 2326 2325
f 2334 2335 2327 2326
f 2335 2336 2328 2327
f 2336 2337 2329 2328
f 2337 2338 2330 2329
f 2338 2339 2331 2330
f 2339 2340 2332 2331
f 2340 2333 2325 2332
f 2341 2342 2334 2333
f 2342 2343 2335 2334
f 2343 2344 2336 2335
f 2344 2345 2337 2336
f 2345 2346 2338 2337
f 2346 2347 2339 2338
f 2347 2348 2340 2339
f 2348 2341 2333 2340
f 2349 2350 2342 2341
f 2350 2351 2343 2342
f 2351 2352 2344 2343
f 2352 2353 2345 2344
f 2353 2354 2346 2345
f 2354 2355 2347 2346
f 2355 2356 2348 2347
f 2356 2349 2341 2348
f 2357 2358 2350 2349
f 2358 2359 2351 2350
f 2359 2360 2352 2351
f 2360 2361 2353 2352
f 2361 2362 2354 2353
f 2362 2363 2355 2354
f 2363 2364 2356 2355
f 2364 2357 2349 2356
f 2365 2366 2358 2357
f 2366 2367 2359 2358
f 2367 2368 2360 2359
f 2368 2369 2361 2360
f 2369 2370 2362 2361
f 2370 2371 2363 2362
f 2371 2372 2364 2363
f 2372 2365 2357 2364
f 2222 2223 2221
f 2223 2224 2221
f 2224 2225 2221
f 2225 2226 2221
f 2226 2227 2221
f 2227 2228 2221
f 2367 2366 2365
f 2368 2367 2365
f 2369 2368 2365
f 2370 2369 2365
f 2371 2370 2365
f 2372 2371 2365
usemtl concretoOsc
f 2380 2379 2378 2377
f 2373 2374 2375 2376
f 2373 2377 2378 2374
f 2376 2375 2379 2380
f 2374 2378 2379 2375
f 2373 2376 2380 2377
usemtl concreto
f 2387 2388 2382 2381
f 2388 2389 2383 2382
f 2389 2390 2384 2383
f 2390 2391 2385 2384
f 2391 2392 2386 2385
f 2392 2387 2381 2386
f 2389 2388 2387
f 2390 2389 2387
f 2391 2390 2387
f 2392 2391 2387
f 2382 2383 2381
f 2383 2384 2381
f 2384 2385 2381
f 2385 2386 2381
usemtl concretoOsc
f 2400 2399 2398 2397
f 2393 2394 2395 2396
f 2393 2397 2398 2394
f 2396 2395 2399 2400
f 2394 2398 2399 2395
f 2393 2396 2400 2397
usemtl concreto
f 2407 2408 2402 2401
f 2408 2409 2403 2402
f 2409 2410 2404 2403
f 2410 2411 2405 2404
f 2411 2412 2406 2405
f 2412 2407 2401 2406
f 2409 2408 2407
f 2410 2409 2407
f 2411 2410 2407
f 2412 2411 2407
f 2402 2403 2401
f 2403 2404 2401
f 2404 2405 2401
f 2405 2406 2401
usemtl asfalto
f 2413 2414 2420 2419
usemtl concreto
f 2414 2415 2421 2420
f 2415 2416 2422 2421
f 2416 2417 2423 2422
f 2417 2418 2424 2423
f 2418 2413 2419 2424
usemtl asfalto
f 2419 2420 2426 2425
usemtl concreto
f 2420 2421 2427 2426
f 2421 2422 2428 2427
f 2422 2423 2429 2428
f 2423 2424 2430 2429
f 2424 2419 2425 2430
usemtl asfalto
f 2425 2426 2432 2431
usemtl concreto
f 2426 2427 2433 2432
f 2427 2428 2434 2433
f 2428 2429 2435 2434
f 2429 2430 2436 2435
f 2430 2425 2431 2436
usemtl asfalto
f 2431 2432 2438 2437
usemtl concreto
f 2432 2433 2439 2438
f 2433 2434 2440 2439
f 2434 2435 2441 2440
f 2435 2436 2442 2441
f 2436 2431 2437 2442
usemtl asfalto
f 2437 2438 2444 2443
usemtl concreto
f 2438 2439 2445 2444
f 2439 2440 2446 2445
f 2440 2441 2447 2446
f 2441 2442 2448 2447
f 2442 2437 2443 2448
usemtl asfalto
f 2443 2444 2450 2449
usemtl concreto
f 2444 2445 2451 2450
f 2445 2446 2452 2451
f 2446 2447 2453 2452
f 2447 2448 2454 2453
f 2448 2443 2449 2454
usemtl asfalto
f 2449 2450 2456 2455
usemtl concreto
f 2450 2451 2457 2456
f 2451 2452 2458 2457
f 2452 2453 2459 2458
f 2453 2454 2460 2459
f 2454 2449 2455 2460
usemtl asfalto
f 2455 2456 2462 2461
usemtl concreto
f 2456 2457 2463 2462
f 2457 2458 2464 2463
f 2458 2459 2465 2464
f 2459 2460 2466 2465
f 2460 2455 2461 2466
usemtl asfalto
f 2461 2462 2468 2467
usemtl concreto
f 2462 2463 2469 2468
f 2463 2464 2470 2469
f 2464 2465 2471 2470
f 2465 2466 2472 2471
f 2466 2461 2467 2472
usemtl asfalto
f 2467 2468 2474 2473
usemtl concreto
f 2468 2469 2475 2474
f 2469 2470 2476 2475
f 2470 2471 2477 2476
f 2471 2472 2478 2477
f 2472 2467 2473 2478
usemtl asfalto
f 2473 2474 2480 2479
usemtl concreto
f 2474 2475 2481 2480
f 2475 2476 2482 2481
f 2476 2477 2483 2482
f 2477 2478 2484 2483
f 2478 2473 2479 2484
usemtl asfalto
f 2479 2480 2486 2485
usemtl concreto
f 2480 2481 2487 2486
f 2481 2482 2488 2487
f 2482 2483 2489 2488
f 2483 2484 2490 2489
f 2484 2479 2485 2490
usemtl asfalto
f 2485 2486 2492 2491
usemtl concreto
f 2486 2487 2493 2492
f 2487 2488 2494 2493
f 2488 2489 2495 2494
f 2489 2490 2496 2495
f 2490 2485 2491 2496
usemtl asfalto
f 2491 2492 2498 2497
usemtl concreto
f 2492 2493 2499 2498
f 2493 2494 2500 2499
f 2494 2495 2501 2500
f 2495 2496 2502 2501
f 2496 2491 2497 2502
usemtl asfalto
f 2497 2498 2504 2503
usemtl concreto
f 2498 2499 2505 2504
f 2499 2500 2506 2505
f 2500 2501 2507 2506
f 2501 2502 2508 2507
f 2502 2497 2503 2508
usemtl asfalto
f 2503 2504 2510 2509
usemtl concreto
f 2504 2505 2511 2510
f 2505 2506 2512 2511
f 2506 2507 2513 2512
f 2507 2508 2514 2513
f 2508 2503 2509 2514
usemtl asfalto
f 2509 2510 2516 2515
usemtl concreto
f 2510 2511 2517 2516
f 2511 2512 2518 2517
f 2512 2513 2519 2518
f 2513 2514 2520 2519
f 2514 2509 2515 2520
usemtl asfalto
f 2515 2516 2522 2521
usemtl concreto
f 2516 2517 2523 2522
f 2517 2518 2524 2523
f 2518 2519 2525 2524
f 2519 2520 2526 2525
f 2520 2515 2521 2526
f 2413 2415 2414
f 2413 2416 2415
f 2413 2417 2416
f 2413 2418 2417
f 2521 2522 2523
f 2521 2523 2524
f 2521 2524 2525
f 2521 2525 2526
f 2535 2536 2528 2527
f 2536 2537 2529 2528
f 2537 2538 2530 2529
f 2538 2539 2531 2530
f 2539 2540 2532 2531
f 2540 2541 2533 2532
f 2541 2542 2534 2533
f 2542 2535 2527 2534
f 2543 2544 2536 2535
f 2544 2545 2537 2536
f 2545 2546 2538 2537
f 2546 2547 2539 2538
f 2547 2548 2540 2539
f 2548 2549 2541 2540
f 2549 2550 2542 2541
f 2550 2543 2535 2542
f 2551 2552 2544 2543
f 2552 2553 2545 2544
f 2553 2554 2546 2545
f 2554 2555 2547 2546
f 2555 2556 2548 2547
f 2556 2557 2549 2548
f 2557 2558 2550 2549
f 2558 2551 2543 2550
f 2559 2560 2552 2551
f 2560 2561 2553 2552
f 2561 2562 2554 2553
f 2562 2563 2555 2554
f 2563 2564 2556 2555
f 2564 2565 2557 2556
f 2565 2566 2558 2557
f 2566 2559 2551 2558
f 2567 2568 2560 2559
f 2568 2569 2561 2560
f 2569 2570 2562 2561
f 2570 2571 2563 2562
f 2571 2572 2564 2563
f 2572 2573 2565 2564
f 2573 2574 2566 2565
f 2574 2567 2559 2566
f 2575 2576 2568 2567
f 2576 2577 2569 2568
f 2577 2578 2570 2569
f 2578 2579 2571 2570
f 2579 2580 2572 2571
f 2580 2581 2573 2572
f 2581 2582 2574 2573
f 2582 2575 2567 2574
f 2583 2584 2576 2575
f 2584 2585 2577 2576
f 2585 2586 2578 2577
f 2586 2587 2579 2578
f 2587 2588 2580 2579
f 2588 2589 2581 2580
f 2589 2590 2582 2581
f 2590 2583 2575 2582
f 2591 2592 2584 2583
f 2592 2593 2585 2584
f 2593 2594 2586 2585
f 2594 2595 2587 2586
f 2595 2596 2588 2587
f 2596 2597 2589 2588
f 2597 2598 2590 2589
f 2598 2591 2583 2590
f 2599 2600 2592 2591
f 2600 2601 2593 2592
f 2601 2602 2594 2593
f 2602 2603 2595 2594
f 2603 2604 2596 2595
f 2604 2605 2597 2596
f 2605 2606 2598 2597
f 2606 2599 2591 2598
f 2607 2608 2600 2599
f 2608 2609 2601 2600
f 2609 2610 2602 2601
f 2610 2611 2603 2602
f 2611 2612 2604 2603
f 2612 2613 2605 2604
f 2613 2614 2606 2605
f 2614 2607 2599 2606
f 2615 2616 2608 2607
f 2616 2617 2609 2608
f 2617 2618 2610 2609
f 2618 2619 2611 2610
f 2619 2620 2612 2611
f 2620 2621 2613 2612
f 2621 2622 2614 2613
f 2622 2615 2607 2614
f 2623 2624 2616 2615
f 2624 2625 2617 2616
f 2625 2626 2618 2617
f 2626 2627 2619 2618
f 2627 2628 2620 2619
f 2628 2629 2621 2620
f 2629 2630 2622 2621
f 2630 2623 2615 2622
f 2631 2632 2624 2623
f 2632 2633 2625 2624
f 2633 2634 2626 2625
f 2634 2635 2627 2626
f 2635 2636 2628 2627
f 2636 2637 2629 2628
f 2637 2638 2630 2629
f 2638 2631 2623 2630
f 2639 2640 2632 2631
f 2640 2641 2633 2632
f 2641 2642 2634 2633
f 2642 2643 2635 2634
f 2643 2644 2636 2635
f 2644 2645 2637 2636
f 2645 2646 2638 2637
f 2646 2639 2631 2638
f 2647 2648 2640 2639
f 2648 2649 2641 2640
f 2649 2650 2642 2641
f 2650 2651 2643 2642
f 2651 2652 2644 2643
f 2652 2653 2645 2644
f 2653 2654 2646 2645
f 2654 2647 2639 2646
f 2655 2656 2648 2647
f 2656 2657 2649 2648
f 2657 2658 2650 2649
f 2658 2659 2651 2650
f 2659 2660 2652 2651
f 2660 2661 2653 2652
f 2661 2662 2654 2653
f 2662 2655 2647 2654
f 2663 2664 2656 2655
f 2664 2665 2657 2656
f 2665 2666 2658 2657
f 2666 2667 2659 2658
f 2667 2668 2660 2659
f 2668 2669 2661 2660
f 2669 2670 2662 2661
f 2670 2663 2655 2662
f 2671 2672 2664 2663
f 2672 2673 2665 2664
f 2673 2674 2666 2665
f 2674 2675 2667 2666
f 2675 2676 2668 2667
f 2676 2677 2669 2668
f 2677 2678 2670 2669
f 2678 2671 2663 2670
f 2528 2529 2527
f 2529 2530 2527
f 2530 2531 2527
f 2531 2532 2527
f 2532 2533 2527
f 2533 2534 2527
f 2673 2672 2671
f 2674 2673 2671
f 2675 2674 2671
f 2676 2675 2671
f 2677 2676 2671
f 2678 2677 2671
f 2687 2688 2680 2679
f 2688 2689 2681 2680
f 2689 2690 2682 2681
f 2690 2691 2683 2682
f 2691 2692 2684 2683
f 2692 2693 2685 2684
f 2693 2694 2686 2685
f 2694 2687 2679 2686
f 2695 2696 2688 2687
f 2696 2697 2689 2688
f 2697 2698 2690 2689
f 2698 2699 2691 2690
f 2699 2700 2692 2691
f 2700 2701 2693 2692
f 2701 2702 2694 2693
f 2702 2695 2687 2694
f 2703 2704 2696 2695
f 2704 2705 2697 2696
f 2705 2706 2698 2697
f 2706 2707 2699 2698
f 2707 2708 2700 2699
f 2708 2709 2701 2700
f 2709 2710 2702 2701
f 2710 2703 2695 2702
f 2711 2712 2704 2703
f 2712 2713 2705 2704
f 2713 2714 2706 2705
f 2714 2715 2707 2706
f 2715 2716 2708 2707
f 2716 2717 2709 2708
f 2717 2718 2710 2709
f 2718 2711 2703 2710
f 2719 2720 2712 2711
f 2720 2721 2713 2712
f 2721 2722 2714 2713
f 2722 2723 2715 2714
f 2723 2724 2716 2715
f 2724 2725 2717 2716
f 2725 2726 2718 2717
f 2726 2719 2711 2718
f 2727 2728 2720 2719
f 2728 2729 2721 2720
f 2729 2730 2722 2721
f 2730 2731 2723 2722
f 2731 2732 2724 2723
f 2732 2733 2725 2724
f 2733 2734 2726 2725
f 2734 2727 2719 2726
f 2735 2736 2728 2727
f 2736 2737 2729 2728
f 2737 2738 2730 2729
f 2738 2739 2731 2730
f 2739 2740 2732 2731
f 2740 2741 2733 2732
f 2741 2742 2734 2733
f 2742 2735 2727 2734
f 2743 2744 2736 2735
f 2744 2745 2737 2736
f 2745 2746 2738 2737
f 2746 2747 2739 2738
f 2747 2748 2740 2739
f 2748 2749 2741 2740
f 2749 2750 2742 2741
f 2750 2743 2735 2742
f 2751 2752 2744 2743
f 2752 2753 2745 2744
f 2753 2754 2746 2745
f 2754 2755 2747 2746
f 2755 2756 2748 2747
f 2756 2757 2749 2748
f 2757 2758 2750 2749
f 2758 2751 2743 2750
f 2759 2760 2752 2751
f 2760 2761 2753 2752
f 2761 2762 2754 2753
f 2762 2763 2755 2754
f 2763 2764 2756 2755
f 2764 2765 2757 2756
f 2765 2766 2758 2757
f 2766 2759 2751 2758
f 2767 2768 2760 2759
f 2768 2769 2761 2760
f 2769 2770 2762 2761
f 2770 2771 2763 2762
f 2771 2772 2764 2763
f 2772 2773 2765 2764
f 2773 2774 2766 2765
f 2774 2767 2759 2766
f 2775 2776 2768 2767
f 2776 2777 2769 2768
f 2777 2778 2770 2769
f 2778 2779 2771 2770
f 2779 2780 2772 2771
f 2780 2781 2773 2772
f 2781 2782 2774 2773
f 2782 2775 2767 2774
f 2783 2784 2776 2775
f 2784 2785 2777 2776
f 2785 2786 2778 2777
f 2786 2787 2779 2778
f 2787 2788 2780 2779
f 2788 2789 2781 2780
f 2789 2790 2782 2781
f 2790 2783 2775 2782
f 2791 2792 2784 2783
f 2792 2793 2785 2784
f 2793 2794 2786 2785
f 2794 2795 2787 2786
f 2795 2796 2788 2787
f 2796 2797 2789 2788
f 2797 2798 2790 2789
f 2798 2791 2783 2790
f 2799 2800 2792 2791
f 2800 2801 2793 2792
f 2801 2802 2794 2793
f 2802 2803 2795 2794
f 2803 2804 2796 2795
f 2804 2805 2797 2796
f 2805 2806 2798 2797
f 2806 2799 2791 2798
f 2807 2808 2800 2799
f 2808 2809 2801 2800
f 2809 2810 2802 2801
f 2810 2811 2803 2802
f 2811 2812 2804 2803
f 2812 2813 2805 2804
f 2813 2814 2806 2805
f 2814 2807 2799 2806
f 2815 2816 2808 2807
f 2816 2817 2809 2808
f 2817 2818 2810 2809
f 2818 2819 2811 2810
f 2819 2820 2812 2811
f 2820 2821 2813 2812
f 2821 2822 2814 2813
f 2822 2815 2807 2814
f 2823 2824 2816 2815
f 2824 2825 2817 2816
f 2825 2826 2818 2817
f 2826 2827 2819 2818
f 2827 2828 2820 2819
f 2828 2829 2821 2820
f 2829 2830 2822 2821
f 2830 2823 2815 2822
f 2680 2681 2679
f 2681 2682 2679
f 2682 2683 2679
f 2683 2684 2679
f 2684 2685 2679
f 2685 2686 2679
f 2825 2824 2823
f 2826 2825 2823
f 2827 2826 2823
f 2828 2827 2823
f 2829 2828 2823
f 2830 2829 2823
usemtl concretoOsc
f 2838 2837 2836 2835
f 2831 2832 2833 2834
f 2831 2835 2836 2832
f 2834 2833 2837 2838
f 2832 2836 2837 2833
f 2831 2834 2838 2835
usemtl concreto
f 2845 2846 2840 2839
f 2846 2847 2841 2840
f 2847 2848 2842 2841
f 2848 2849 2843 2842
f 2849 2850 2844 2843
f 2850 2845 2839 2844
f 2847 2846 2845
f 2848 2847 2845
f 2849 2848 2845
f 2850 2849 2845
f 2840 2841 2839
f 2841 2842 2839
f 2842 2843 2839
f 2843 2844 2839
usemtl concretoOsc
f 2858 2857 2856 2855
f 2851 2852 2853 2854
f 2851 2855 2856 2852
f 2854 2853 2857 2858
f 2852 2856 2857 2853
f 2851 2854 2858 2855
usemtl concreto
f 2865 2866 2860 2859
f 2866 2867 2861 2860
f 2867 2868 2862 2861
f 2868 2869 2863 2862
f 2869 2870 2864 2863
f 2870 2865 2859 2864
f 2867 2866 2865
f 2868 2867 2865
f 2869 2868 2865
f 2870 2869 2865
f 2860 2861 2859
f 2861 2862 2859
f 2862 2863 2859
f 2863 2864 2859
o ViaElevadaEncima
usemtl concreto
f 2879 2880 2872 2871
f 2880 2881 2873 2872
f 2881 2882 2874 2873
f 2882 2883 2875 2874
f 2883 2884 2876 2875
f 2884 2885 2877 2876
f 2885 2886 2878 2877
f 2886 2879 2871 2878
f 2887 2888 2880 2879
f 2888 2889 2881 2880
f 2889 2890 2882 2881
f 2890 2891 2883 2882
f 2891 2892 2884 2883
f 2892 2893 2885 2884
f 2893 2894 2886 2885
f 2894 2887 2879 2886
f 2895 2896 2888 2887
f 2896 2897 2889 2888
f 2897 2898 2890 2889
f 2898 2899 2891 2890
f 2899 2900 2892 2891
f 2900 2901 2893 2892
f 2901 2902 2894 2893
f 2902 2895 2887 2894
f 2903 2904 2896 2895
f 2904 2905 2897 2896
f 2905 2906 2898 2897
f 2906 2907 2899 2898
f 2907 2908 2900 2899
f 2908 2909 2901 2900
f 2909 2910 2902 2901
f 2910 2903 2895 2902
f 2872 2873 2871
f 2873 2874 2871
f 2874 2875 2871
f 2875 2876 2871
f 2876 2877 2871
f 2877 2878 2871
f 2905 2904 2903
f 2906 2905 2903
f 2907 2906 2903
f 2908 2907 2903
f 2909 2908 2903
f 2910 2909 2903
f 2919 2920 2912 2911
f 2920 2921 2913 2912
f 2921 2922 2914 2913
f 2922 2923 2915 2914
f 2923 2924 2916 2915
f 2924 2925 2917 2916
f 2925 2926 2918 2917
f 2926 2919 2911 2918
f 2912 2913 2911
f 2913 2914 2911
f 2914 2915 2911
f 2915 2916 2911
f 2916 2917 2911
f 2917 2918 2911
f 2921 2920 2919
f 2922 2921 2919
f 2923 2922 2919
f 2924 2923 2919
f 2925 2924 2919
f 2926 2925 2919
f 2935 2936 2928 2927
f 2936 2937 2929 2928
f 2937 2938 2930 2929
f 2938 2939 2931 2930
f 2939 2940 2932 2931
f 2940 2941 2933 2932
f 2941 2942 2934 2933
f 2942 2935 2927 2934
f 2943 2944 2936 2935
f 2944 2945 2937 2936
f 2945 2946 2938 2937
f 2946 2947 2939 2938
f 2947 2948 2940 2939
f 2948 2949 2941 2940
f 2949 2950 2942 2941
f 2950 2943 2935 2942
f 2951 2952 2944 2943
f 2952 2953 2945 2944
f 2953 2954 2946 2945
f 2954 2955 2947 2946
f 2955 2956 2948 2947
f 2956 2957 2949 2948
f 2957 2958 2950 2949
f 2958 2951 2943 2950
f 2959 2960 2952 2951
f 2960 2961 2953 2952
f 2961 2962 2954 2953
f 2962 2963 2955 2954
f 2963 2964 2956 2955
f 2964 2965 2957 2956
f 2965 2966 2958 2957
f 2966 2959 2951 2958
f 2928 2929 2927
f 2929 2930 2927
f 2930 2931 2927
f 2931 2932 2927
f 2932 2933 2927
f 2933 2934 2927
f 2961 2960 2959
f 2962 2961 2959
f 2963 2962 2959
f 2964 2963 2959
f 2965 2964 2959
f 2966 2965 2959
f 2975 2976 2968 2967
f 2976 2977 2969 2968
f 2977 2978 2970 2969
f 2978 2979 2971 2970
f 2979 2980 2972 2971
f 2980 2981 2973 2972
f 2981 2982 2974 2973
f 2982 2975 2967 2974
f 2983 2984 2976 2975
f 2984 2985 2977 2976
f 2985 2986 2978 2977
f 2986 2987 2979 2978
f 2987 2988 2980 2979
f 2988 2989 2981 2980
f 2989 2990 2982 2981
f 2990 2983 2975 2982
f 2991 2992 2984 2983
f 2992 2993 2985 2984
f 2993 2994 2986 2985
f 2994 2995 2987 2986
f 2995 2996 2988 2987
f 2996 2997 2989 2988
f 2997 2998 2990 2989
f 2998 2991 2983 2990
f 2999 3000 2992 2991
f 3000 3001 2993 2992
f 3001 3002 2994 2993
f 3002 3003 2995 2994
f 3003 3004 2996 2995
f 3004 3005 2997 2996
f 3005 3006 2998 2997
f 3006 2999 2991 2998
f 3007 3008 3000 2999
f 3008 3009 3001 3000
f 3009 3010 3002 3001
f 3010 3011 3003 3002
f 3011 3012 3004 3003
f 3012 3013 3005 3004
f 3013 3014 3006 3005
f 3014 3007 2999 3006
f 3015 3016 3008 3007
f 3016 3017 3009 3008
f 3017 3018 3010 3009
f 3018 3019 3011 3010
f 3019 3020 3012 3011
f 3020 3021 3013 3012
f 3021 3022 3014 3013
f 3022 3015 3007 3014
f 3023 3024 3016 3015
f 3024 3025 3017 3016
f 3025 3026 3018 3017
f 3026 3027 3019 3018
f 3027 3028 3020 3019
f 3028 3029 3021 3020
f 3029 3030 3022 3021
f 3030 3023 3015 3022
f 3031 3032 3024 3023
f 3032 3033 3025 3024
f 3033 3034 3026 3025
f 3034 3035 3027 3026
f 3035 3036 3028 3027
f 3036 3037 3029 3028
f 3037 3038 3030 3029
f 3038 3031 3023 3030
f 3039 3040 3032 3031
f 3040 3041 3033 3032
f 3041 3042 3034 3033
f 3042 3043 3035 3034
f 3043 3044 3036 3035
f 3044 3045 3037 3036
f 3045 3046 3038 3037
f 3046 3039 3031 3038
f 2968 2969 2967
f 2969 2970 2967
f 2970 2971 2967
f 2971 2972 2967
f 2972 2973 2967
f 2973 2974 2967
f 3041 3040 3039
f 3042 3041 3039
f 3043 3042 3039
f 3044 3043 3039
f 3045 3044 3039
f 3046 3045 3039
usemtl concretoOsc
f 3055 3056 3048 3047
f 3056 3057 3049 3048
f 3057 3058 3050 3049
f 3058 3059 3051 3050
f 3059 3060 3052 3051
f 3060 3061 3053 3052
f 3061 3062 3054 3053
f 3062 3055 3047 3054
f 3063 3064 3056 3055
f 3064 3065 3057 3056
f 3065 3066 3058 3057
f 3066 3067 3059 3058
f 3067 3068 3060 3059
f 3068 3069 3061 3060
f 3069 3070 3062 3061
f 3070 3063 3055 3062
f 3071 3072 3064 3063
f 3072 3073 3065 3064
f 3073 3074 3066 3065
f 3074 3075 3067 3066
f 3075 3076 3068 3067
f 3076 3077 3069 3068
f 3077 3078 3070 3069
f 3078 3071 3063 3070
f 3079 3080 3072 3071
f 3080 3081 3073 3072
f 3081 3082 3074 3073
f 3082 3083 3075 3074
f 3083 3084 3076 3075
f 3084 3085 3077 3076
f 3085 3086 3078 3077
f 3086 3079 3071 3078
f 3087 3088 3080 3079
f 3088 3089 3081 3080
f 3089 3090 3082 3081
f 3090 3091 3083 3082
f 3091 3092 3084 3083
f 3092 3093 3085 3084
f 3093 3094 3086 3085
f 3094 3087 3079 3086
f 3095 3096 3088 3087
f 3096 3097 3089 3088
f 3097 3098 3090 3089
f 3098 3099 3091 3090
f 3099 3100 3092 3091
f 3100 3101 3093 3092
f 3101 3102 3094 3093
f 3102 3095 3087 3094
f 3103 3104 3096 3095
f 3104 3105 3097 3096
f 3105 3106 3098 3097
f 3106 3107 3099 3098
f 3107 3108 3100 3099
f 3108 3109 3101 3100
f 3109 3110 3102 3101
f 3110 3103 3095 3102
f 3111 3112 3104 3103
f 3112 3113 3105 3104
f 3113 3114 3106 3105
f 3114 3115 3107 3106
f 3115 3116 3108 3107
f 3116 3117 3109 3108
f 3117 3118 3110 3109
f 3118 3111 3103 3110
f 3119 3120 3112 3111
f 3120 3121 3113 3112
f 3121 3122 3114 3113
f 3122 3123 3115 3114
f 3123 3124 3116 3115
f 3124 3125 3117 3116
f 3125 3126 3118 3117
f 3126 3119 3111 3118
f 3048 3049 3047
f 3049 3050 3047
f 3050 3051 3047
f 3051 3052 3047
f 3052 3053 3047
f 3053 3054 3047
f 3121 3120 3119
f 3122 3121 3119
f 3123 3122 3119
f 3124 3123 3119
f 3125 3124 3119
f 3126 3125 3119
usemtl lineaBl
f 3134 3133 3132 3131
f 3127 3128 3129 3130
f 3127 3131 3132 3128
f 3130 3129 3133 3134
f 3127 3130 3134 3131
f 3142 3141 3140 3139
f 3135 3136 3137 3138
f 3135 3139 3140 3136
f 3138 3137 3141 3142
f 3150 3149 3148 3147
f 3143 3144 3145 3146
f 3143 3147 3148 3144
f 3146 3145 3149 3150
f 3158 3157 3156 3155
f 3151 3152 3153 3154
f 3151 3155 3156 3152
f 3154 3153 3157 3158
f 3166 3165 3164 3163
f 3159 3160 3161 3162
f 3159 3163 3164 3160
f 3162 3161 3165 3166
f 3174 3173 3172 3171
f 3167 3168 3169 3170
f 3167 3171 3172 3168
f 3170 3169 3173 3174
f 3182 3181 3180 3179
f 3175 3176 3177 3178
f 3175 3179 3180 3176
f 3178 3177 3181 3182
f 3190 3189 3188 3187
f 3183 3184 3185 3186
f 3183 3187 3188 3184
f 3186 3185 3189 3190
f 3198 3197 3196 3195
f 3191 3192 3193 3194
f 3191 3195 3196 3192
f 3194 3193 3197 3198
f 3192 3196 3197 3193
f 3206 3205 3204 3203
f 3199 3200 3201 3202
f 3199 3203 3204 3200
f 3202 3201 3205 3206
f 3199 3202 3206 3203
f 3214 3213 3212 3211
f 3207 3208 3209 3210
f 3207 3211 3212 3208
f 3210 3209 3213 3214
f 3222 3221 3220 3219
f 3215 3216 3217 3218
f 3215 3219 3220 3216
f 3218 3217 3221 3222
f 3230 3229 3228 3227
f 3223 3224 3225 3226
f 3223 3227 3228 3224
f 3226 3225 3229 3230
f 3238 3237 3236 3235
f 3231 3232 3233 3234
f 3231 3235 3236 3232
f 3234 3233 3237 3238
f 3246 3245 3244 3243
f 3239 3240 3241 3242
f 3239 3243 3244 3240
f 3242 3241 3245 3246
f 3254 3253 3252 3251
f 3247 3248 3249 3250
f 3247 3251 3252 3248
f 3250 3249 3253 3254
f 3262 3261 3260 3259
f 3255 3256 3257 3258
f 3255 3259 3260 3256
f 3258 3257 3261 3262
f 3270 3269 3268 3267
f 3263 3264 3265 3266
f 3263 3267 3268 3264
f 3266 3265 3269 3270
f 3264 3268 3269 3265
f 3278 3277 3276 3275
f 3271 3272 3273 3274
f 3271 3275 3276 3272
f 3274 3273 3277 3278
f 3272 3276 3277 3273
f 3271 3274 3278 3275
f 3286 3285 3284 3283
f 3279 3280 3281 3282
f 3279 3283 3284 3280
f 3282 3281 3285 3286
f 3280 3284 3285 3281
f 3279 3282 3286 3283
f 3294 3293 3292 3291
f 3287 3288 3289 3290
f 3287 3291 3292 3288
f 3290 3289 3293 3294
f 3288 3292 3293 3289
f 3287 3290 3294 3291
f 3302 3301 3300 3299
f 3295 3296 3297 3298
f 3295 3299 3300 3296
f 3298 3297 3301 3302
f 3296 3300 3301 3297
f 3295 3298 3302 3299
f 3310 3309 3308 3307
f 3303 3304 3305 3306
f 3303 3307 3308 3304
f 3306 3305 3309 3310
f 3304 3308 3309 3305
f 3303 3306 3310 3307
f 3318 3317 3316 3315
f 3311 3312 3313 3314
f 3311 3315 3316 3312
f 3314 3313 3317 3318
f 3312 3316 3317 3313
f 3311 3314 3318 3315
f 3326 3325 3324 3323
f 3319 3320 3321 3322
f 3319 3323 3324 3320
f 3322 3321 3325 3326
f 3320 3324 3325 3321
f 3319 3322 3326 3323
f 3334 3333 3332 3331
f 3327 3328 3329 3330
f 3327 3331 3332 3328
f 3330 3329 3333 3334
f 3328 3332 3333 3329
f 3327 3330 3334 3331
f 3342 3341 3340 3339
f 3335 3336 3337 3338
f 3335 3339 3340 3336
f 3338 3337 3341 3342
f 3336 3340 3341 3337
f 3335 3338 3342 3339
f 3350 3349 3348 3347
f 3343 3344 3345 3346
f 3343 3347 3348 3344
f 3346 3345 3349 3350
f 3344 3348 3349 3345
f 3343 3346 3350 3347
f 3358 3357 3356 3355
f 3351 3352 3353 3354
f 3351 3355 3356 3352
f 3354 3353 3357 3358
f 3352 3356 3357 3353
f 3351 3354 3358 3355
f 3366 3365 3364 3363
f 3359 3360 3361 3362
f 3359 3363 3364 3360
f 3362 3361 3365 3366
f 3360 3364 3365 3361
f 3359 3362 3366 3363
f 3374 3373 3372 3371
f 3367 3368 3369 3370
f 3367 3371 3372 3368
f 3370 3369 3373 3374
f 3368 3372 3373 3369
f 3367 3370 3374 3371
f 3382 3381 3380 3379
f 3375 3376 3377 3378
f 3375 3379 3380 3376
f 3378 3377 3381 3382
f 3376 3380 3381 3377
f 3375 3378 3382 3379
f 3390 3389 3388 3387
f 3383 3384 3385 3386
f 3383 3387 3388 3384
f 3386 3385 3389 3390
f 3384 3388 3389 3385
f 3383 3386 3390 3387
f 3398 3397 3396 3395
f 3391 3392 3393 3394
f 3391 3395 3396 3392
f 3394 3393 3397 3398
f 3392 3396 3397 3393
f 3391 3394 3398 3395
f 3406 3405 3404 3403
f 3399 3400 3401 3402
f 3399 3403 3404 3400
f 3402 3401 3405 3406
f 3400 3404 3405 3401
f 3399 3402 3406 3403
f 3414 3413 3412 3411
f 3407 3408 3409 3410
f 3407 3411 3412 3408
f 3410 3409 3413 3414
f 3408 3412 3413 3409
f 3407 3410 3414 3411
f 3422 3421 3420 3419
f 3415 3416 3417 3418
f 3415 3419 3420 3416
f 3418 3417 3421 3422
f 3416 3420 3421 3417
f 3415 3418 3422 3419
f 3430 3429 3428 3427
f 3423 3424 3425 3426
f 3423 3427 3428 3424
f 3426 3425 3429 3430
f 3424 3428 3429 3425
f 3423 3426 3430 3427
f 3438 3437 3436 3435
f 3431 3432 3433 3434
f 3431 3435 3436 3432
f 3434 3433 3437 3438
f 3432 3436 3437 3433
f 3431 3434 3438 3435
f 3446 3445 3444 3443
f 3439 3440 3441 3442
f 3439 3443 3444 3440
f 3442 3441 3445 3446
f 3440 3444 3445 3441
f 3439 3442 3446 3443
f 3454 3453 3452 3451
f 3447 3448 3449 3450
f 3447 3451 3452 3448
f 3450 3449 3453 3454
f 3448 3452 3453 3449
f 3447 3450 3454 3451
f 3462 3461 3460 3459
f 3455 3456 3457 3458
f 3455 3459 3460 3456
f 3458 3457 3461 3462
f 3456 3460 3461 3457
f 3455 3458 3462 3459
f 3470 3469 3468 3467
f 3463 3464 3465 3466
f 3463 3467 3468 3464
f 3466 3465 3469 3470
f 3464 3468 3469 3465
f 3463 3466 3470 3467
f 3478 3477 3476 3475
f 3471 3472 3473 3474
f 3471 3475 3476 3472
f 3474 3473 3477 3478
f 3472 3476 3477 3473
f 3471 3474 3478 3475
f 3486 3485 3484 3483
f 3479 3480 3481 3482
f 3479 3483 3484 3480
f 3482 3481 3485 3486
f 3480 3484 3485 3481
f 3479 3482 3486 3483
f 3494 3493 3492 3491
f 3487 3488 3489 3490
f 3487 3491 3492 3488
f 3490 3489 3493 3494
f 3488 3492 3493 3489
f 3487 3490 3494 3491
f 3502 3501 3500 3499
f 3495 3496 3497 3498
f 3495 3499 3500 3496
f 3498 3497 3501 3502
f 3496 3500 3501 3497
f 3495 3498 3502 3499
f 3510 3509 3508 3507
f 3503 3504 3505 3506
f 3503 3507 3508 3504
f 3506 3505 3509 3510
f 3504 3508 3509 3505
f 3503 3506 3510 3507
f 3518 3517 3516 3515
f 3511 3512 3513 3514
f 3511 3515 3516 3512
f 3514 3513 3517 3518
f 3512 3516 3517 3513
f 3511 3514 3518 3515
f 3526 3525 3524 3523
f 3519 3520 3521 3522
f 3519 3523 3524 3520
f 3522 3521 3525 3526
f 3520 3524 3525 3521
f 3519 3522 3526 3523
f 3534 3533 3532 3531
f 3527 3528 3529 3530
f 3527 3531 3532 3528
f 3530 3529 3533 3534
f 3528 3532 3533 3529
f 3527 3530 3534 3531
f 3542 3541 3540 3539
f 3535 3536 3537 3538
f 3535 3539 3540 3536
f 3538 3537 3541 3542
f 3536 3540 3541 3537
f 3535 3538 3542 3539
f 3550 3549 3548 3547
f 3543 3544 3545 3546
f 3543 3547 3548 3544
f 3546 3545 3549 3550
f 3544 3548 3549 3545
f 3543 3546 3550 3547
f 3558 3557 3556 3555
f 3551 3552 3553 3554
f 3551 3555 3556 3552
f 3554 3553 3557 3558
f 3552 3556 3557 3553
f 3551 3554 3558 3555
f 3566 3565 3564 3563
f 3559 3560 3561 3562
f 3559 3563 3564 3560
f 3562 3561 3565 3566
f 3560 3564 3565 3561
f 3559 3562 3566 3563
f 3574 3573 3572 3571
f 3567 3568 3569 3570
f 3567 3571 3572 3568
f 3570 3569 3573 3574
f 3568 3572 3573 3569
f 3567 3570 3574 3571
f 3582 3581 3580 3579
f 3575 3576 3577 3578
f 3575 3579 3580 3576
f 3578 3577 3581 3582
f 3576 3580 3581 3577
f 3575 3578 3582 3579
f 3590 3589 3588 3587
f 3583 3584 3585 3586
f 3583 3587 3588 3584
f 3586 3585 3589 3590
f 3584 3588 3589 3585
f 3583 3586 3590 3587
f 3598 3597 3596 3595
f 3591 3592 3593 3594
f 3591 3595 3596 3592
f 3594 3593 3597 3598
f 3592 3596 3597 3593
f 3591 3594 3598 3595
f 3606 3605 3604 3603
f 3599 3600 3601 3602
f 3599 3603 3604 3600
f 3602 3601 3605 3606
f 3600 3604 3605 3601
f 3599 3602 3606 3603
f 3614 3613 3612 3611
f 3607 3608 3609 3610
f 3607 3611 3612 3608
f 3610 3609 3613 3614
f 3608 3612 3613 3609
f 3607 3610 3614 3611
f 3622 3621 3620 3619
f 3615 3616 3617 3618
f 3615 3619 3620 3616
f 3618 3617 3621 3622
f 3616 3620 3621 3617
f 3615 3618 3622 3619
f 3630 3629 3628 3627
f 3623 3624 3625 3626
f 3623 3627 3628 3624
f 3626 3625 3629 3630
f 3624 3628 3629 3625
f 3623 3626 3630 3627
f 3638 3637 3636 3635
f 3631 3632 3633 3634
f 3631 3635 3636 3632
f 3634 3633 3637 3638
f 3632 3636 3637 3633
f 3631 3634 3638 3635
f 3646 3645 3644 3643
f 3639 3640 3641 3642
f 3639 3643 3644 3640
f 3642 3641 3645 3646
f 3639 3642 3646 3643
f 3654 3653 3652 3651
f 3647 3648 3649 3650
f 3647 3651 3652 3648
f 3650 3649 3653 3654
f 3662 3661 3660 3659
f 3655 3656 3657 3658
f 3655 3659 3660 3656
f 3658 3657 3661 3662
f 3670 3669 3668 3667
f 3663 3664 3665 3666
f 3663 3667 3668 3664
f 3666 3665 3669 3670
f 3678 3677 3676 3675
f 3671 3672 3673 3674
f 3671 3675 3676 3672
f 3674 3673 3677 3678
f 3686 3685 3684 3683
f 3679 3680 3681 3682
f 3679 3683 3684 3680
f 3682 3681 3685 3686
f 3694 3693 3692 3691
f 3687 3688 3689 3690
f 3687 3691 3692 3688
f 3690 3689 3693 3694
f 3702 3701 3700 3699
f 3695 3696 3697 3698
f 3695 3699 3700 3696
f 3698 3697 3701 3702
f 3710 3709 3708 3707
f 3703 3704 3705 3706
f 3703 3707 3708 3704
f 3706 3705 3709 3710
f 3704 3708 3709 3705
f 3718 3717 3716 3715
f 3711 3712 3713 3714
f 3711 3715 3716 3712
f 3714 3713 3717 3718
f 3711 3714 3718 3715
f 3726 3725 3724 3723
f 3719 3720 3721 3722
f 3719 3723 3724 3720
f 3722 3721 3725 3726
f 3734 3733 3732 3731
f 3727 3728 3729 3730
f 3727 3731 3732 3728
f 3730 3729 3733 3734
f 3742 3741 3740 3739
f 3735 3736 3737 3738
f 3735 3739 3740 3736
f 3738 3737 3741 3742
f 3750 3749 3748 3747
f 3743 3744 3745 3746
f 3743 3747 3748 3744
f 3746 3745 3749 3750
f 3758 3757 3756 3755
f 3751 3752 3753 3754
f 3751 3755 3756 3752
f 3754 3753 3757 3758
f 3766 3765 3764 3763
f 3759 3760 3761 3762
f 3759 3763 3764 3760
f 3762 3761 3765 3766
f 3774 3773 3772 3771
f 3767 3768 3769 3770
f 3767 3771 3772 3768
f 3770 3769 3773 3774
f 3782 3781 3780 3779
f 3775 3776 3777 3778
f 3775 3779 3780 3776
f 3778 3777 3781 3782
f 3776 3780 3781 3777
usemtl metal
f 3787 3788 3784 3783
f 3788 3789 3785 3784
f 3789 3790 3786 3785
f 3790 3787 3783 3786
f 3789 3788 3787
f 3790 3789 3787
f 3784 3785 3783
f 3785 3786 3783
f 3798 3797 3796 3795
f 3791 3792 3793 3794
f 3791 3795 3796 3792
f 3794 3793 3797 3798
f 3792 3796 3797 3793
f 3791 3794 3798 3795
usemtl faro
f 3806 3805 3804 3803
f 3799 3800 3801 3802
f 3799 3803 3804 3800
f 3802 3801 3805 3806
f 3800 3804 3805 3801
f 3799 3802 3806 3803
usemtl metal
f 3814 3813 3812 3811
f 3807 3808 3809 3810
f 3807 3811 3812 3808
f 3810 3809 3813 3814
f 3808 3812 3813 3809
f 3807 3810 3814 3811
usemtl faro
f 3822 3821 3820 3819
f 3815 3816 3817 3818
f 3815 3819 3820 3816
f 3818 3817 3821 3822
f 3816 3820 3821 3817
f 3815 3818 3822 3819
usemtl metal
f 3827 3828 3824 3823
f 3828 3829 3825 3824
f 3829 3830 3826 3825
f 3830 3827 3823 3826
f 3829 3828 3827
f 3830 3829 3827
f 3824 3825 3823
f 3825 3826 3823
f 3838 3837 3836 3835
f 3831 3832 3833 3834
f 3831 3835 3836 3832
f 3834 3833 3837 3838
f 3832 3836 3837 3833
f 3831 3834 3838 3835
usemtl faro
f 3846 3845 3844 3843
f 3839 3840 3841 3842
f 3839 3843 3844 3840
f 3842 3841 3845 3846
f 3840 3844 3845 3841
f 3839 3842 3846 3843
usemtl metal
f 3854 3853 3852 3851
f 3847 3848 3849 3850
f 3847 3851 3852 3848
f 3850 3849 3853 3854
f 3848 3852 3853 3849
f 3847 3850 3854 3851
usemtl faro
f 3862 3861 3860 3859
f 3855 3856 3857 3858
f 3855 3859 3860 3856
f 3858 3857 3861 3862
f 3856 3860 3861 3857
f 3855 3858 3862 3859
usemtl metal
f 3867 3868 3864 3863
f 3868 3869 3865 3864
f 3869 3870 3866 3865
f 3870 3867 3863 3866
f 3869 3868 3867
f 3870 3869 3867
f 3864 3865 3863
f 3865 3866 3863
f 3878 3877 3876 3875
f 3871 3872 3873 3874
f 3871 3875 3876 3872
f 3874 3873 3877 3878
f 3872 3876 3877 3873
f 3871 3874 3878 3875
usemtl faro
f 3886 3885 3884 3883
f 3879 3880 3881 3882
f 3879 3883 3884 3880
f 3882 3881 3885 3886
f 3880 3884 3885 3881
f 3879 3882 3886 3883
usemtl metal
f 3894 3893 3892 3891
f 3887 3888 3889 3890
f 3887 3891 3892 3888
f 3890 3889 3893 3894
f 3888 3892 3893 3889
f 3887 3890 3894 3891
usemtl faro
f 3902 3901 3900 3899
f 3895 3896 3897 3898
f 3895 3899 3900 3896
f 3898 3897 3901 3902
f 3896 3900 3901 3897
f 3895 3898 3902 3899
usemtl metal
f 3907 3908 3904 3903
f 3908 3909 3905 3904
f 3909 3910 3906 3905
f 3910 3907 3903 3906
f 3909 3908 3907
f 3910 3909 3907
f 3904 3905 3903
f 3905 3906 3903
f 3918 3917 3916 3915
f 3911 3912 3913 3914
f 3911 3915 3916 3912
f 3914 3913 3917 3918
f 3912 3916 3917 3913
f 3911 3914 3918 3915
usemtl faro
f 3926 3925 3924 3923
f 3919 3920 3921 3922
f 3919 3923 3924 3920
f 3922 3921 3925 3926
f 3920 3924 3925 3921
f 3919 3922 3926 3923
usemtl metal
f 3934 3933 3932 3931
f 3927 3928 3929 3930
f 3927 3931 3932 3928
f 3930 3929 3933 3934
f 3928 3932 3933 3929
f 3927 3930 3934 3931
usemtl faro
f 3942 3941 3940 3939
f 3935 3936 3937 3938
f 3935 3939 3940 3936
f 3938 3937 3941 3942
f 3936 3940 3941 3937
f 3935 3938 3942 3939
usemtl metal
f 3947 3948 3944 3943
f 3948 3949 3945 3944
f 3949 3950 3946 3945
f 3950 3947 3943 3946
f 3949 3948 3947
f 3950 3949 3947
f 3944 3945 3943
f 3945 3946 3943
f 3958 3957 3956 3955
f 3951 3952 3953 3954
f 3951 3955 3956 3952
f 3954 3953 3957 3958
f 3952 3956 3957 3953
f 3951 3954 3958 3955
usemtl faro
f 3966 3965 3964 3963
f 3959 3960 3961 3962
f 3959 3963 3964 3960
f 3962 3961 3965 3966
f 3960 3964 3965 3961
f 3959 3962 3966 3963
usemtl metal
f 3974 3973 3972 3971
f 3967 3968 3969 3970
f 3967 3971 3972 3968
f 3970 3969 3973 3974
f 3968 3972 3973 3969
f 3967 3970 3974 3971
usemtl faro
f 3982 3981 3980 3979
f 3975 3976 3977 3978
f 3975 3979 3980 3976
f 3978 3977 3981 3982
f 3976 3980 3981 3977
f 3975 3978 3982 3979
usemtl metal
f 3987 3988 3984 3983
f 3988 3989 3985 3984
f 3989 3990 3986 3985
f 3990 3987 3983 3986
f 3989 3988 3987
f 3990 3989 3987
f 3984 3985 3983
f 3985 3986 3983
f 3998 3997 3996 3995
f 3991 3992 3993 3994
f 3991 3995 3996 3992
f 3994 3993 3997 3998
f 3992 3996 3997 3993
f 3991 3994 3998 3995
usemtl faro
f 4006 4005 4004 4003
f 3999 4000 4001 4002
f 3999 4003 4004 4000
f 4002 4001 4005 4006
f 4000 4004 4005 4001
f 3999 4002 4006 4003
usemtl metal
f 4014 4013 4012 4011
f 4007 4008 4009 4010
f 4007 4011 4012 4008
f 4010 4009 4013 4014
f 4008 4012 4013 4009
f 4007 4010 4014 4011
usemtl faro
f 4022 4021 4020 4019
f 4015 4016 4017 4018
f 4015 4019 4020 4016
f 4018 4017 4021 4022
f 4016 4020 4021 4017
f 4015 4018 4022 4019
o Vehiculos
usemtl blanco
f 4024 4032 4031 4023
f 4025 4033 4032 4024
f 4026 4034 4033 4025
f 4027 4035 4034 4026
f 4028 4036 4035 4027
f 4029 4037 4036 4028
f 4030 4038 4037 4029
f 4023 4031 4038 4030
f 4025 4024 4023
f 4026 4025 4023
f 4027 4026 4023
f 4028 4027 4023
f 4029 4028 4023
f 4030 4029 4023
f 4032 4033 4031
f 4033 4034 4031
f 4034 4035 4031
f 4035 4036 4031
f 4036 4037 4031
f 4037 4038 4031
usemtl vidrio
f 4040 4044 4043 4039
f 4041 4045 4044 4040
f 4042 4046 4045 4041
f 4039 4043 4046 4042
f 4041 4040 4039
f 4042 4041 4039
f 4044 4045 4043
f 4045 4046 4043
usemtl rojo
f 4048 4056 4055 4047
f 4049 4057 4056 4048
f 4050 4058 4057 4049
f 4051 4059 4058 4050
f 4052 4060 4059 4051
f 4053 4061 4060 4052
f 4054 4062 4061 4053
f 4047 4055 4062 4054
f 4049 4048 4047
f 4050 4049 4047
f 4051 4050 4047
f 4052 4051 4047
f 4053 4052 4047
f 4054 4053 4047
f 4056 4057 4055
f 4057 4058 4055
f 4058 4059 4055
f 4059 4060 4055
f 4060 4061 4055
f 4061 4062 4055
usemtl vidrio
f 4064 4068 4067 4063
f 4065 4069 4068 4064
f 4066 4070 4069 4065
f 4063 4067 4070 4066
f 4065 4064 4063
f 4066 4065 4063
f 4068 4069 4067
f 4069 4070 4067
usemtl gris
f 4072 4080 4079 4071
f 4073 4081 4080 4072
f 4074 4082 4081 4073
f 4075 4083 4082 4074
f 4076 4084 4083 4075
f 4077 4085 4084 4076
f 4078 4086 4085 4077
f 4071 4079 4086 4078
f 4073 4072 4071
f 4074 4073 4071
f 4075 4074 4071
f 4076 4075 4071
f 4077 4076 4071
f 4078 4077 4071
f 4080 4081 4079
f 4081 4082 4079
f 4082 4083 4079
f 4083 4084 4079
f 4084 4085 4079
f 4085 4086 4079
usemtl vidrio
f 4088 4092 4091 4087
f 4089 4093 4092 4088
f 4090 4094 4093 4089
f 4087 4091 4094 4090
f 4089 4088 4087
f 4090 4089 4087
f 4092 4093 4091
f 4093 4094 4091
usemtl azul
f 4096 4104 4103 4095
f 4097 4105 4104 4096
f 4098 4106 4105 4097
f 4099 4107 4106 4098
f 4100 4108 4107 4099
f 4101 4109 4108 4100
f 4102 4110 4109 4101
f 4095 4103 4110 4102
f 4097 4096 4095
f 4098 4097 4095
f 4099 4098 4095
f 4100 4099 4095
f 4101 4100 4095
f 4102 4101 4095
f 4104 4105 4103
f 4105 4106 4103
f 4106 4107 4103
f 4107 4108 4103
f 4108 4109 4103
f 4109 4110 4103
usemtl vidrio
f 4112 4116 4115 4111
f 4113 4117 4116 4112
f 4114 4118 4117 4113
f 4111 4115 4118 4114
f 4113 4112 4111
f 4114 4113 4111
f 4116 4117 4115
f 4117 4118 4115
usemtl amarillo
f 4120 4128 4127 4119
f 4121 4129 4128 4120
f 4122 4130 4129 4121
f 4123 4131 4130 4122
f 4124 4132 4131 4123
f 4125 4133 4132 4124
f 4126 4134 4133 4125
f 4119 4127 4134 4126
f 4121 4120 4119
f 4122 4121 4119
f 4123 4122 4119
f 4124 4123 4119
f 4125 4124 4119
f 4126 4125 4119
f 4128 4129 4127
f 4129 4130 4127
f 4130 4131 4127
f 4131 4132 4127
f 4132 4133 4127
f 4133 4134 4127
usemtl vidrio
f 4136 4140 4139 4135
f 4137 4141 4140 4136
f 4138 4142 4141 4137
f 4135 4139 4142 4138
f 4137 4136 4135
f 4138 4137 4135
f 4140 4141 4139
f 4141 4142 4139
usemtl blanco
f 4144 4152 4151 4143
f 4145 4153 4152 4144
f 4146 4154 4153 4145
f 4147 4155 4154 4146
f 4148 4156 4155 4147
f 4149 4157 4156 4148
f 4150 4158 4157 4149
f 4143 4151 4158 4150
f 4145 4144 4143
f 4146 4145 4143
f 4147 4146 4143
f 4148 4147 4143
f 4149 4148 4143
f 4150 4149 4143
f 4152 4153 4151
f 4153 4154 4151
f 4154 4155 4151
f 4155 4156 4151
f 4156 4157 4151
f 4157 4158 4151
usemtl vidrio
f 4160 4164 4163 4159
f 4161 4165 4164 4160
f 4162 4166 4165 4161
f 4159 4163 4166 4162
f 4161 4160 4159
f 4162 4161 4159
f 4164 4165 4163
f 4165 4166 4163
usemtl gris
f 4168 4176 4175 4167
f 4169 4177 4176 4168
f 4170 4178 4177 4169
f 4171 4179 4178 4170
f 4172 4180 4179 4171
f 4173 4181 4180 4172
f 4174 4182 4181 4173
f 4167 4175 4182 4174
f 4169 4168 4167
f 4170 4169 4167
f 4171 4170 4167
f 4172 4171 4167
f 4173 4172 4167
f 4174 4173 4167
f 4176 4177 4175
f 4177 4178 4175
f 4178 4179 4175
f 4179 4180 4175
f 4180 4181 4175
f 4181 4182 4175
usemtl vidrio
f 4184 4188 4187 4183
f 4185 4189 4188 4184
f 4186 4190 4189 4185
f 4183 4187 4190 4186
f 4185 4184 4183
f 4186 4185 4183
f 4188 4189 4187
f 4189 4190 4187
usemtl blanco
f 4192 4200 4199 4191
f 4193 4201 4200 4192
f 4194 4202 4201 4193
f 4195 4203 4202 4194
f 4196 4204 4203 4195
f 4197 4205 4204 4196
f 4198 4206 4205 4197
f 4191 4199 4206 4198
f 4193 4192 4191
f 4194 4193 4191
f 4195 4194 4191
f 4196 4195 4191
f 4197 4196 4191
f 4198 4197 4191
f 4200 4201 4199
f 4201 4202 4199
f 4202 4203 4199
f 4203 4204 4199
f 4204 4205 4199
f 4205 4206 4199
usemtl vidrio
f 4208 4212 4211 4207
f 4209 4213 4212 4208
f 4210 4214 4213 4209
f 4207 4211 4214 4210
f 4209 4208 4207
f 4210 4209 4207
f 4212 4213 4211
f 4213 4214 4211
usemtl rojo
f 4216 4224 4223 4215
f 4217 4225 4224 4216
f 4218 4226 4225 4217
f 4219 4227 4226 4218
f 4220 4228 4227 4219
f 4221 4229 4228 4220
f 4222 4230 4229 4221
f 4215 4223 4230 4222
f 4217 4216 4215
f 4218 4217 4215
f 4219 4218 4215
f 4220 4219 4215
f 4221 4220 4215
f 4222 4221 4215
f 4224 4225 4223
f 4225 4226 4223
f 4226 4227 4223
f 4227 4228 4223
f 4228 4229 4223
f 4229 4230 4223
usemtl vidrio
f 4232 4236 4235 4231
f 4233 4237 4236 4232
f 4234 4238 4237 4233
f 4231 4235 4238 4234
f 4233 4232 4231
f 4234 4233 4231
f 4236 4237 4235
f 4237 4238 4235
usemtl azul
f 4240 4248 4247 4239
f 4241 4249 4248 4240
f 4242 4250 4249 4241
f 4243 4251 4250 4242
f 4244 4252 4251 4243
f 4245 4253 4252 4244
f 4246 4254 4253 4245
f 4239 4247 4254 4246
f 4241 4240 4239
f 4242 4241 4239
f 4243 4242 4239
f 4244 4243 4239
f 4245 4244 4239
f 4246 4245 4239
f 4248 4249 4247
f 4249 4250 4247
f 4250 4251 4247
f 4251 4252 4247
f 4252 4253 4247
f 4253 4254 4247
usemtl vidrio
f 4256 4260 4259 4255
f 4257 4261 4260 4256
f 4258 4262 4261 4257
f 4255 4259 4262 4258
f 4257 4256 4255
f 4258 4257 4255
f 4260 4261 4259
f 4261 4262 4259
usemtl blanco
f 4264 4272 4271 4263
f 4265 4273 4272 4264
f 4266 4274 4273 4265
f 4267 4275 4274 4266
f 4268 4276 4275 4267
f 4269 4277 4276 4268
f 4270 4278 4277 4269
f 4263 4271 4278 4270
f 4265 4264 4263
f 4266 4265 4263
f 4267 4266 4263
f 4268 4267 4263
f 4269 4268 4263
f 4270 4269 4263
f 4272 4273 4271
f 4273 4274 4271
f 4274 4275 4271
f 4275 4276 4271
f 4276 4277 4271
f 4277 4278 4271
usemtl vidrio
f 4280 4284 4283 4279
f 4281 4285 4284 4280
f 4282 4286 4285 4281
f 4279 4283 4286 4282
f 4281 4280 4279
f 4282 4281 4279
f 4284 4285 4283
f 4285 4286 4283
usemtl rojo
f 4288 4296 4295 4287
f 4289 4297 4296 4288
f 4290 4298 4297 4289
f 4291 4299 4298 4290
f 4292 4300 4299 4291
f 4293 4301 4300 4292
f 4294 4302 4301 4293
f 4287 4295 4302 4294
f 4289 4288 4287
f 4290 4289 4287
f 4291 4290 4287
f 4292 4291 4287
f 4293 4292 4287
f 4294 4293 4287
f 4296 4297 4295
f 4297 4298 4295
f 4298 4299 4295
f 4299 4300 4295
f 4300 4301 4295
f 4301 4302 4295
usemtl vidrio
f 4304 4308 4307 4303
f 4305 4309 4308 4304
f 4306 4310 4309 4305
f 4303 4307 4310 4306
f 4305 4304 4303
f 4306 4305 4303
f 4308 4309 4307
f 4309 4310 4307
usemtl blanco
f 4312 4320 4319 4311
f 4313 4321 4320 4312
f 4314 4322 4321 4313
f 4315 4323 4322 4314
f 4316 4324 4323 4315
f 4317 4325 4324 4316
f 4318 4326 4325 4317
f 4311 4319 4326 4318
f 4313 4312 4311
f 4314 4313 4311
f 4315 4314 4311
f 4316 4315 4311
f 4317 4316 4311
f 4318 4317 4311
f 4320 4321 4319
f 4321 4322 4319
f 4322 4323 4319
f 4323 4324 4319
f 4324 4325 4319
f 4325 4326 4319
usemtl vidrio
f 4328 4332 4331 4327
f 4329 4333 4332 4328
f 4330 4334 4333 4329
f 4327 4331 4334 4330
f 4329 4328 4327
f 4330 4329 4327
f 4332 4333 4331
f 4333 4334 4331
usemtl amarillo
f 4336 4344 4343 4335
f 4337 4345 4344 4336
f 4338 4346 4345 4337
f 4339 4347 4346 4338
f 4340 4348 4347 4339
f 4341 4349 4348 4340
f 4342 4350 4349 4341
f 4335 4343 4350 4342
f 4337 4336 4335
f 4338 4337 4335
f 4339 4338 4335
f 4340 4339 4335
f 4341 4340 4335
f 4342 4341 4335
f 4344 4345 4343
f 4345 4346 4343
f 4346 4347 4343
f 4347 4348 4343
f 4348 4349 4343
f 4349 4350 4343
usemtl vidrio
f 4352 4356 4355 4351
f 4353 4357 4356 4352
f 4354 4358 4357 4353
f 4351 4355 4358 4354
f 4353 4352 4351
f 4354 4353 4351
f 4356 4357 4355
f 4357 4358 4355
usemtl rojo
f 4360 4368 4367 4359
f 4361 4369 4368 4360
f 4362 4370 4369 4361
f 4363 4371 4370 4362
f 4364 4372 4371 4363
f 4365 4373 4372 4364
f 4366 4374 4373 4365
f 4359 4367 4374 4366
f 4361 4360 4359
f 4362 4361 4359
f 4363 4362 4359
f 4364 4363 4359
f 4365 4364 4359
f 4366 4365 4359
f 4368 4369 4367
f 4369 4370 4367
f 4370 4371 4367
f 4371 4372 4367
f 4372 4373 4367
f 4373 4374 4367
usemtl vidrio
f 4376 4380 4379 4375
f 4377 4381 4380 4376
f 4378 4382 4381 4377
f 4375 4379 4382 4378
f 4377 4376 4375
f 4378 4377 4375
f 4380 4381 4379
f 4381 4382 4379
usemtl blanco
f 4384 4392 4391 4383
f 4385 4393 4392 4384
f 4386 4394 4393 4385
f 4387 4395 4394 4386
f 4388 4396 4395 4387
f 4389 4397 4396 4388
f 4390 4398 4397 4389
f 4383 4391 4398 4390
f 4385 4384 4383
f 4386 4385 4383
f 4387 4386 4383
f 4388 4387 4383
f 4389 4388 4383
f 4390 4389 4383
f 4392 4393 4391
f 4393 4394 4391
f 4394 4395 4391
f 4395 4396 4391
f 4396 4397 4391
f 4397 4398 4391
usemtl vidrio
f 4400 4404 4403 4399
f 4401 4405 4404 4400
f 4402 4406 4405 4401
f 4399 4403 4406 4402
f 4401 4400 4399
f 4402 4401 4399
f 4404 4405 4403
f 4405 4406 4403
usemtl amarillo
f 4408 4416 4415 4407
f 4409 4417 4416 4408
f 4410 4418 4417 4409
f 4411 4419 4418 4410
f 4412 4420 4419 4411
f 4413 4421 4420 4412
f 4414 4422 4421 4413
f 4407 4415 4422 4414
f 4409 4408 4407
f 4410 4409 4407
f 4411 4410 4407
f 4412 4411 4407
f 4413 4412 4407
f 4414 4413 4407
f 4416 4417 4415
f 4417 4418 4415
f 4418 4419 4415
f 4419 4420 4415
f 4420 4421 4415
f 4421 4422 4415
usemtl vidrio
f 4424 4428 4427 4423
f 4425 4429 4428 4424
f 4426 4430 4429 4425
f 4423 4427 4430 4426
f 4425 4424 4423
f 4426 4425 4423
f 4428 4429 4427
f 4429 4430 4427
usemtl azul
f 4432 4440 4439 4431
f 4433 4441 4440 4432
f 4434 4442 4441 4433
f 4435 4443 4442 4434
f 4436 4444 4443 4435
f 4437 4445 4444 4436
f 4438 4446 4445 4437
f 4431 4439 4446 4438
f 4433 4432 4431
f 4434 4433 4431
f 4435 4434 4431
f 4436 4435 4431
f 4437 4436 4431
f 4438 4437 4431
f 4440 4441 4439
f 4441 4442 4439
f 4442 4443 4439
f 4443 4444 4439
f 4444 4445 4439
f 4445 4446 4439
usemtl vidrio
f 4448 4452 4451 4447
f 4449 4453 4452 4448
f 4450 4454 4453 4449
f 4447 4451 4454 4450
f 4449 4448 4447
f 4450 4449 4447
f 4452 4453 4451
f 4453 4454 4451
usemtl blanco
f 4456 4464 4463 4455
f 4457 4465 4464 4456
f 4458 4466 4465 4457
f 4459 4467 4466 4458
f 4460 4468 4467 4459
f 4461 4469 4468 4460
f 4462 4470 4469 4461
f 4455 4463 4470 4462
f 4457 4456 4455
f 4458 4457 4455
f 4459 4458 4455
f 4460 4459 4455
f 4461 4460 4455
f 4462 4461 4455
f 4464 4465 4463
f 4465 4466 4463
f 4466 4467 4463
f 4467 4468 4463
f 4468 4469 4463
f 4469 4470 4463
usemtl vidrio
f 4472 4476 4475 4471
f 4473 4477 4476 4472
f 4474 4478 4477 4473
f 4471 4475 4478 4474
f 4473 4472 4471
f 4474 4473 4471
f 4476 4477 4475
f 4477 4478 4475
usemtl rojo
f 4480 4488 4487 4479
f 4481 4489 4488 4480
f 4482 4490 4489 4481
f 4483 4491 4490 4482
f 4484 4492 4491 4483
f 4485 4493 4492 4484
f 4486 4494 4493 4485
f 4479 4487 4494 4486
f 4481 4480 4479
f 4482 4481 4479
f 4483 4482 4479
f 4484 4483 4479
f 4485 4484 4479
f 4486 4485 4479
f 4488 4489 4487
f 4489 4490 4487
f 4490 4491 4487
f 4491 4492 4487
f 4492 4493 4487
f 4493 4494 4487
usemtl vidrio
f 4496 4500 4499 4495
f 4497 4501 4500 4496
f 4498 4502 4501 4497
f 4495 4499 4502 4498
f 4497 4496 4495
f 4498 4497 4495
f 4500 4501 4499
f 4501 4502 4499
usemtl gris
f 4504 4512 4511 4503
f 4505 4513 4512 4504
f 4506 4514 4513 4505
f 4507 4515 4514 4506
f 4508 4516 4515 4507
f 4509 4517 4516 4508
f 4510 4518 4517 4509
f 4503 4511 4518 4510
f 4505 4504 4503
f 4506 4505 4503
f 4507 4506 4503
f 4508 4507 4503
f 4509 4508 4503
f 4510 4509 4503
f 4512 4513 4511
f 4513 4514 4511
f 4514 4515 4511
f 4515 4516 4511
f 4516 4517 4511
f 4517 4518 4511
usemtl vidrio
f 4520 4524 4523 4519
f 4521 4525 4524 4520
f 4522 4526 4525 4521
f 4519 4523 4526 4522
f 4521 4520 4519
f 4522 4521 4519
f 4524 4525 4523
f 4525 4526 4523
usemtl amarillo
f 4528 4536 4535 4527
f 4529 4537 4536 4528
f 4530 4538 4537 4529
f 4531 4539 4538 4530
f 4532 4540 4539 4531
f 4533 4541 4540 4532
f 4534 4542 4541 4533
f 4527 4535 4542 4534
f 4529 4528 4527
f 4530 4529 4527
f 4531 4530 4527
f 4532 4531 4527
f 4533 4532 4527
f 4534 4533 4527
f 4536 4537 4535
f 4537 4538 4535
f 4538 4539 4535
f 4539 4540 4535
f 4540 4541 4535
f 4541 4542 4535
usemtl vidrio
f 4544 4548 4547 4543
f 4545 4549 4548 4544
f 4546 4550 4549 4545
f 4543 4547 4550 4546
f 4545 4544 4543
f 4546 4545 4543
f 4548 4549 4547
f 4549 4550 4547
usemtl blanco
f 4552 4560 4559 4551
f 4553 4561 4560 4552
f 4554 4562 4561 4553
f 4555 4563 4562 4554
f 4556 4564 4563 4555
f 4557 4565 4564 4556
f 4558 4566 4565 4557
f 4551 4559 4566 4558
f 4553 4552 4551
f 4554 4553 4551
f 4555 4554 4551
f 4556 4555 4551
f 4557 4556 4551
f 4558 4557 4551
f 4560 4561 4559
f 4561 4562 4559
f 4562 4563 4559
f 4563 4564 4559
f 4564 4565 4559
f 4565 4566 4559
usemtl vidrio
f 4568 4572 4571 4567
f 4569 4573 4572 4568
f 4570 4574 4573 4569
f 4567 4571 4574 4570
f 4569 4568 4567
f 4570 4569 4567
f 4572 4573 4571
f 4573 4574 4571
usemtl azul
f 4576 4584 4583 4575
f 4577 4585 4584 4576
f 4578 4586 4585 4577
f 4579 4587 4586 4578
f 4580 4588 4587 4579
f 4581 4589 4588 4580
f 4582 4590 4589 4581
f 4575 4583 4590 4582
f 4577 4576 4575
f 4578 4577 4575
f 4579 4578 4575
f 4580 4579 4575
f 4581 4580 4575
f 4582 4581 4575
f 4584 4585 4583
f 4585 4586 4583
f 4586 4587 4583
f 4587 4588 4583
f 4588 4589 4583
f 4589 4590 4583
usemtl vidrio
f 4592 4596 4595 4591
f 4593 4597 4596 4592
f 4594 4598 4597 4593
f 4591 4595 4598 4594
f 4593 4592 4591
f 4594 4593 4591
f 4596 4597 4595
f 4597 4598 4595
o Arboles
usemtl tronco
f 4605 4606 4600 4599
f 4606 4607 4601 4600
f 4607 4608 4602 4601
f 4608 4609 4603 4602
f 4609 4610 4604 4603
f 4610 4605 4599 4604
f 4607 4606 4605
f 4608 4607 4605
f 4609 4608 4605
f 4610 4609 4605
f 4600 4601 4599
f 4601 4602 4599
f 4602 4603 4599
f 4603 4604 4599
usemtl copa
f 4616 4617 4612 4611
f 4617 4618 4613 4612
f 4618 4619 4614 4613
f 4619 4620 4615 4614
f 4620 4616 4611 4615
f 4618 4617 4616
f 4619 4618 4616
f 4620 4619 4616
f 4612 4613 4611
f 4613 4614 4611
f 4614 4615 4611
f 4626 4627 4622 4621
f 4627 4628 4623 4622
f 4628 4629 4624 4623
f 4629 4630 4625 4624
f 4630 4626 4621 4625
f 4628 4627 4626
f 4629 4628 4626
f 4630 4629 4626
f 4622 4623 4621
f 4623 4624 4621
f 4624 4625 4621
usemtl tronco
f 4637 4638 4632 4631
f 4638 4639 4633 4632
f 4639 4640 4634 4633
f 4640 4641 4635 4634
f 4641 4642 4636 4635
f 4642 4637 4631 4636
f 4639 4638 4637
f 4640 4639 4637
f 4641 4640 4637
f 4642 4641 4637
f 4632 4633 4631
f 4633 4634 4631
f 4634 4635 4631
f 4635 4636 4631
usemtl copaClara
f 4648 4649 4644 4643
f 4649 4650 4645 4644
f 4650 4651 4646 4645
f 4651 4652 4647 4646
f 4652 4648 4643 4647
f 4650 4649 4648
f 4651 4650 4648
f 4652 4651 4648
f 4644 4645 4643
f 4645 4646 4643
f 4646 4647 4643
f 4658 4659 4654 4653
f 4659 4660 4655 4654
f 4660 4661 4656 4655
f 4661 4662 4657 4656
f 4662 4658 4653 4657
f 4660 4659 4658
f 4661 4660 4658
f 4662 4661 4658
f 4654 4655 4653
f 4655 4656 4653
f 4656 4657 4653
usemtl tronco
f 4669 4670 4664 4663
f 4670 4671 4665 4664
f 4671 4672 4666 4665
f 4672 4673 4667 4666
f 4673 4674 4668 4667
f 4674 4669 4663 4668
f 4671 4670 4669
f 4672 4671 4669
f 4673 4672 4669
f 4674 4673 4669
f 4664 4665 4663
f 4665 4666 4663
f 4666 4667 4663
f 4667 4668 4663
usemtl copa
f 4680 4681 4676 4675
f 4681 4682 4677 4676
f 4682 4683 4678 4677
f 4683 4684 4679 4678
f 4684 4680 4675 4679
f 4682 4681 4680
f 4683 4682 4680
f 4684 4683 4680
f 4676 4677 4675
f 4677 4678 4675
f 4678 4679 4675
f 4690 4691 4686 4685
f 4691 4692 4687 4686
f 4692 4693 4688 4687
f 4693 4694 4689 4688
f 4694 4690 4685 4689
f 4692 4691 4690
f 4693 4692 4690
f 4694 4693 4690
f 4686 4687 4685
f 4687 4688 4685
f 4688 4689 4685
usemtl tronco
f 4701 4702 4696 4695
f 4702 4703 4697 4696
f 4703 4704 4698 4697
f 4704 4705 4699 4698
f 4705 4706 4700 4699
f 4706 4701 4695 4700
f 4703 4702 4701
f 4704 4703 4701
f 4705 4704 4701
f 4706 4705 4701
f 4696 4697 4695
f 4697 4698 4695
f 4698 4699 4695
f 4699 4700 4695
usemtl copa
f 4712 4713 4708 4707
f 4713 4714 4709 4708
f 4714 4715 4710 4709
f 4715 4716 4711 4710
f 4716 4712 4707 4711
f 4714 4713 4712
f 4715 4714 4712
f 4716 4715 4712
f 4708 4709 4707
f 4709 4710 4707
f 4710 4711 4707
f 4722 4723 4718 4717
f 4723 4724 4719 4718
f 4724 4725 4720 4719
f 4725 4726 4721 4720
f 4726 4722 4717 4721
f 4724 4723 4722
f 4725 4724 4722
f 4726 4725 4722
f 4718 4719 4717
f 4719 4720 4717
f 4720 4721 4717
usemtl tronco
f 4733 4734 4728 4727
f 4734 4735 4729 4728
f 4735 4736 4730 4729
f 4736 4737 4731 4730
f 4737 4738 4732 4731
f 4738 4733 4727 4732
f 4735 4734 4733
f 4736 4735 4733
f 4737 4736 4733
f 4738 4737 4733
f 4728 4729 4727
f 4729 4730 4727
f 4730 4731 4727
f 4731 4732 4727
usemtl copaClara
f 4744 4745 4740 4739
f 4745 4746 4741 4740
f 4746 4747 4742 4741
f 4747 4748 4743 4742
f 4748 4744 4739 4743
f 4746 4745 4744
f 4747 4746 4744
f 4748 4747 4744
f 4740 4741 4739
f 4741 4742 4739
f 4742 4743 4739
f 4754 4755 4750 4749
f 4755 4756 4751 4750
f 4756 4757 4752 4751
f 4757 4758 4753 4752
f 4758 4754 4749 4753
f 4756 4755 4754
f 4757 4756 4754
f 4758 4757 4754
f 4750 4751 4749
f 4751 4752 4749
f 4752 4753 4749
usemtl tronco
f 4765 4766 4760 4759
f 4766 4767 4761 4760
f 4767 4768 4762 4761
f 4768 4769 4763 4762
f 4769 4770 4764 4763
f 4770 4765 4759 4764
f 4767 4766 4765
f 4768 4767 4765
f 4769 4768 4765
f 4770 4769 4765
f 4760 4761 4759
f 4761 4762 4759
f 4762 4763 4759
f 4763 4764 4759
usemtl copa
f 4776 4777 4772 4771
f 4777 4778 4773 4772
f 4778 4779 4774 4773
f 4779 4780 4775 4774
f 4780 4776 4771 4775
f 4778 4777 4776
f 4779 4778 4776
f 4780 4779 4776
f 4772 4773 4771
f 4773 4774 4771
f 4774 4775 4771
f 4786 4787 4782 4781
f 4787 4788 4783 4782
f 4788 4789 4784 4783
f 4789 4790 4785 4784
f 4790 4786 4781 4785
f 4788 4787 4786
f 4789 4788 4786
f 4790 4789 4786
f 4782 4783 4781
f 4783 4784 4781
f 4784 4785 4781
usemtl tronco
f 4797 4798 4792 4791
f 4798 4799 4793 4792
f 4799 4800 4794 4793
f 4800 4801 4795 4794
f 4801 4802 4796 4795
f 4802 4797 4791 4796
f 4799 4798 4797
f 4800 4799 4797
f 4801 4800 4797
f 4802 4801 4797
f 4792 4793 4791
f 4793 4794 4791
f 4794 4795 4791
f 4795 4796 4791
usemtl copa
f 4808 4809 4804 4803
f 4809 4810 4805 4804
f 4810 4811 4806 4805
f 4811 4812 4807 4806
f 4812 4808 4803 4807
f 4810 4809 4808
f 4811 4810 4808
f 4812 4811 4808
f 4804 4805 4803
f 4805 4806 4803
f 4806 4807 4803
f 4818 4819 4814 4813
f 4819 4820 4815 4814
f 4820 4821 4816 4815
f 4821 4822 4817 4816
f 4822 4818 4813 4817
f 4820 4819 4818
f 4821 4820 4818
f 4822 4821 4818
f 4814 4815 4813
f 4815 4816 4813
f 4816 4817 4813
usemtl tronco
f 4829 4830 4824 4823
f 4830 4831 4825 4824
f 4831 4832 4826 4825
f 4832 4833 4827 4826
f 4833 4834 4828 4827
f 4834 4829 4823 4828
f 4831 4830 4829
f 4832 4831 4829
f 4833 4832 4829
f 4834 4833 4829
f 4824 4825 4823
f 4825 4826 4823
f 4826 4827 4823
f 4827 4828 4823
usemtl copaClara
f 4840 4841 4836 4835
f 4841 4842 4837 4836
f 4842 4843 4838 4837
f 4843 4844 4839 4838
f 4844 4840 4835 4839
f 4842 4841 4840
f 4843 4842 4840
f 4844 4843 4840
f 4836 4837 4835
f 4837 4838 4835
f 4838 4839 4835
f 4850 4851 4846 4845
f 4851 4852 4847 4846
f 4852 4853 4848 4847
f 4853 4854 4849 4848
f 4854 4850 4845 4849
f 4852 4851 4850
f 4853 4852 4850
f 4854 4853 4850
f 4846 4847 4845
f 4847 4848 4845
f 4848 4849 4845
usemtl tronco
f 4861 4862 4856 4855
f 4862 4863 4857 4856
f 4863 4864 4858 4857
f 4864 4865 4859 4858
f 4865 4866 4860 4859
f 4866 4861 4855 4860
f 4863 4862 4861
f 4864 4863 4861
f 4865 4864 4861
f 4866 4865 4861
f 4856 4857 4855
f 4857 4858 4855
f 4858 4859 4855
f 4859 4860 4855
usemtl copa
f 4872 4873 4868 4867
f 4873 4874 4869 4868
f 4874 4875 4870 4869
f 4875 4876 4871 4870
f 4876 4872 4867 4871
f 4874 4873 4872
f 4875 4874 4872
f 4876 4875 4872
f 4868 4869 4867
f 4869 4870 4867
f 4870 4871 4867
f 4882 4883 4878 4877
f 4883 4884 4879 4878
f 4884 4885 4880 4879
f 4885 4886 4881 4880
f 4886 4882 4877 4881
f 4884 4883 4882
f 4885 4884 4882
f 4886 4885 4882
f 4878 4879 4877
f 4879 4880 4877
f 4880 4881 4877
usemtl tronco
f 4893 4894 4888 4887
f 4894 4895 4889 4888
f 4895 4896 4890 4889
f 4896 4897 4891 4890
f 4897 4898 4892 4891
f 4898 4893 4887 4892
f 4895 4894 4893
f 4896 4895 4893
f 4897 4896 4893
f 4898 4897 4893
f 4888 4889 4887
f 4889 4890 4887
f 4890 4891 4887
f 4891 4892 4887
usemtl copa
f 4904 4905 4900 4899
f 4905 4906 4901 4900
f 4906 4907 4902 4901
f 4907 4908 4903 4902
f 4908 4904 4899 4903
f 4906 4905 4904
f 4907 4906 4904
f 4908 4907 4904
f 4900 4901 4899
f 4901 4902 4899
f 4902 4903 4899
f 4914 4915 4910 4909
f 4915 4916 4911 4910
f 4916 4917 4912 4911
f 4917 4918 4913 4912
f 4918 4914 4909 4913
f 4916 4915 4914
f 4917 4916 4914
f 4918 4917 4914
f 4910 4911 4909
f 4911 4912 4909
f 4912 4913 4909
usemtl tronco
f 4925 4926 4920 4919
f 4926 4927 4921 4920
f 4927 4928 4922 4921
f 4928 4929 4923 4922
f 4929 4930 4924 4923
f 4930 4925 4919 4924
f 4927 4926 4925
f 4928 4927 4925
f 4929 4928 4925
f 4930 4929 4925
f 4920 4921 4919
f 4921 4922 4919
f 4922 4923 4919
f 4923 4924 4919
usemtl copaClara
f 4936 4937 4932 4931
f 4937 4938 4933 4932
f 4938 4939 4934 4933
f 4939 4940 4935 4934
f 4940 4936 4931 4935
f 4938 4937 4936
f 4939 4938 4936
f 4940 4939 4936
f 4932 4933 4931
f 4933 4934 4931
f 4934 4935 4931
f 4946 4947 4942 4941
f 4947 4948 4943 4942
f 4948 4949 4944 4943
f 4949 4950 4945 4944
f 4950 4946 4941 4945
f 4948 4947 4946
f 4949 4948 4946
f 4950 4949 4946
f 4942 4943 4941
f 4943 4944 4941
f 4944 4945 4941
usemtl tronco
f 4957 4958 4952 4951
f 4958 4959 4953 4952
f 4959 4960 4954 4953
f 4960 4961 4955 4954
f 4961 4962 4956 4955
f 4962 4957 4951 4956
f 4959 4958 4957
f 4960 4959 4957
f 4961 4960 4957
f 4962 4961 4957
f 4952 4953 4951
f 4953 4954 4951
f 4954 4955 4951
f 4955 4956 4951
usemtl copa
f 4968 4969 4964 4963
f 4969 4970 4965 4964
f 4970 4971 4966 4965
f 4971 4972 4967 4966
f 4972 4968 4963 4967
f 4970 4969 4968
f 4971 4970 4968
f 4972 4971 4968
f 4964 4965 4963
f 4965 4966 4963
f 4966 4967 4963
f 4978 4979 4974 4973
f 4979 4980 4975 4974
f 4980 4981 4976 4975
f 4981 4982 4977 4976
f 4982 4978 4973 4977
f 4980 4979 4978
f 4981 4980 4978
f 4982 4981 4978
f 4974 4975 4973
f 4975 4976 4973
f 4976 4977 4973
usemtl tronco
f 4989 4990 4984 4983
f 4990 4991 4985 4984
f 4991 4992 4986 4985
f 4992 4993 4987 4986
f 4993 4994 4988 4987
f 4994 4989 4983 4988
f 4991 4990 4989
f 4992 4991 4989
f 4993 4992 4989
f 4994 4993 4989
f 4984 4985 4983
f 4985 4986 4983
f 4986 4987 4983
f 4987 4988 4983
usemtl copa
f 5000 5001 4996 4995
f 5001 5002 4997 4996
f 5002 5003 4998 4997
f 5003 5004 4999 4998
f 5004 5000 4995 4999
f 5002 5001 5000
f 5003 5002 5000
f 5004 5003 5000
f 4996 4997 4995
f 4997 4998 4995
f 4998 4999 4995
f 5010 5011 5006 5005
f 5011 5012 5007 5006
f 5012 5013 5008 5007
f 5013 5014 5009 5008
f 5014 5010 5005 5009
f 5012 5011 5010
f 5013 5012 5010
f 5014 5013 5010
f 5006 5007 5005
f 5007 5008 5005
f 5008 5009 5005
usemtl tronco
f 5021 5022 5016 5015
f 5022 5023 5017 5016
f 5023 5024 5018 5017
f 5024 5025 5019 5018
f 5025 5026 5020 5019
f 5026 5021 5015 5020
f 5023 5022 5021
f 5024 5023 5021
f 5025 5024 5021
f 5026 5025 5021
f 5016 5017 5015
f 5017 5018 5015
f 5018 5019 5015
f 5019 5020 5015
usemtl copaClara
f 5032 5033 5028 5027
f 5033 5034 5029 5028
f 5034 5035 5030 5029
f 5035 5036 5031 5030
f 5036 5032 5027 5031
f 5034 5033 5032
f 5035 5034 5032
f 5036 5035 5032
f 5028 5029 5027
f 5029 5030 5027
f 5030 5031 5027
f 5042 5043 5038 5037
f 5043 5044 5039 5038
f 5044 5045 5040 5039
f 5045 5046 5041 5040
f 5046 5042 5037 5041
f 5044 5043 5042
f 5045 5044 5042
f 5046 5045 5042
f 5038 5039 5037
f 5039 5040 5037
f 5040 5041 5037
usemtl tronco
f 5053 5054 5048 5047
f 5054 5055 5049 5048
f 5055 5056 5050 5049
f 5056 5057 5051 5050
f 5057 5058 5052 5051
f 5058 5053 5047 5052
f 5055 5054 5053
f 5056 5055 5053
f 5057 5056 5053
f 5058 5057 5053
f 5048 5049 5047
f 5049 5050 5047
f 5050 5051 5047
f 5051 5052 5047
usemtl copa
f 5064 5065 5060 5059
f 5065 5066 5061 5060
f 5066 5067 5062 5061
f 5067 5068 5063 5062
f 5068 5064 5059 5063
f 5066 5065 5064
f 5067 5066 5064
f 5068 5067 5064
f 5060 5061 5059
f 5061 5062 5059
f 5062 5063 5059
f 5074 5075 5070 5069
f 5075 5076 5071 5070
f 5076 5077 5072 5071
f 5077 5078 5073 5072
f 5078 5074 5069 5073
f 5076 5075 5074
f 5077 5076 5074
f 5078 5077 5074
f 5070 5071 5069
f 5071 5072 5069
f 5072 5073 5069
usemtl tronco
f 5085 5086 5080 5079
f 5086 5087 5081 5080
f 5087 5088 5082 5081
f 5088 5089 5083 5082
f 5089 5090 5084 5083
f 5090 5085 5079 5084
f 5087 5086 5085
f 5088 5087 5085
f 5089 5088 5085
f 5090 5089 5085
f 5080 5081 5079
f 5081 5082 5079
f 5082 5083 5079
f 5083 5084 5079
usemtl copaClara
f 5096 5097 5092 5091
f 5097 5098 5093 5092
f 5098 5099 5094 5093
f 5099 5100 5095 5094
f 5100 5096 5091 5095
f 5098 5097 5096
f 5099 5098 5096
f 5100 5099 5096
f 5092 5093 5091
f 5093 5094 5091
f 5094 5095 5091
f 5106 5107 5102 5101
f 5107 5108 5103 5102
f 5108 5109 5104 5103
f 5109 5110 5105 5104
f 5110 5106 5101 5105
f 5108 5107 5106
f 5109 5108 5106
f 5110 5109 5106
f 5102 5103 5101
f 5103 5104 5101
f 5104 5105 5101
usemtl tronco
f 5117 5118 5112 5111
f 5118 5119 5113 5112
f 5119 5120 5114 5113
f 5120 5121 5115 5114
f 5121 5122 5116 5115
f 5122 5117 5111 5116
f 5119 5118 5117
f 5120 5119 5117
f 5121 5120 5117
f 5122 5121 5117
f 5112 5113 5111
f 5113 5114 5111
f 5114 5115 5111
f 5115 5116 5111
usemtl copa
f 5128 5129 5124 5123
f 5129 5130 5125 5124
f 5130 5131 5126 5125
f 5131 5132 5127 5126
f 5132 5128 5123 5127
f 5130 5129 5128
f 5131 5130 5128
f 5132 5131 5128
f 5124 5125 5123
f 5125 5126 5123
f 5126 5127 5123
f 5138 5139 5134 5133
f 5139 5140 5135 5134
f 5140 5141 5136 5135
f 5141 5142 5137 5136
f 5142 5138 5133 5137
f 5140 5139 5138
f 5141 5140 5138
f 5142 5141 5138
f 5134 5135 5133
f 5135 5136 5133
f 5136 5137 5133
usemtl tronco
f 5149 5150 5144 5143
f 5150 5151 5145 5144
f 5151 5152 5146 5145
f 5152 5153 5147 5146
f 5153 5154 5148 5147
f 5154 5149 5143 5148
f 5151 5150 5149
f 5152 5151 5149
f 5153 5152 5149
f 5154 5153 5149
f 5144 5145 5143
f 5145 5146 5143
f 5146 5147 5143
f 5147 5148 5143
usemtl copaClara
f 5160 5161 5156 5155
f 5161 5162 5157 5156
f 5162 5163 5158 5157
f 5163 5164 5159 5158
f 5164 5160 5155 5159
f 5162 5161 5160
f 5163 5162 5160
f 5164 5163 5160
f 5156 5157 5155
f 5157 5158 5155
f 5158 5159 5155
f 5170 5171 5166 5165
f 5171 5172 5167 5166
f 5172 5173 5168 5167
f 5173 5174 5169 5168
f 5174 5170 5165 5169
f 5172 5171 5170
f 5173 5172 5170
f 5174 5173 5170
f 5166 5167 5165
f 5167 5168 5165
f 5168 5169 5165
usemtl tronco
f 5181 5182 5176 5175
f 5182 5183 5177 5176
f 5183 5184 5178 5177
f 5184 5185 5179 5178
f 5185 5186 5180 5179
f 5186 5181 5175 5180
f 5183 5182 5181
f 5184 5183 5181
f 5185 5184 5181
f 5186 5185 5181
f 5176 5177 5175
f 5177 5178 5175
f 5178 5179 5175
f 5179 5180 5175
usemtl copa
f 5192 5193 5188 5187
f 5193 5194 5189 5188
f 5194 5195 5190 5189
f 5195 5196 5191 5190
f 5196 5192 5187 5191
f 5194 5193 5192
f 5195 5194 5192
f 5196 5195 5192
f 5188 5189 5187
f 5189 5190 5187
f 5190 5191 5187
f 5202 5203 5198 5197
f 5203 5204 5199 5198
f 5204 5205 5200 5199
f 5205 5206 5201 5200
f 5206 5202 5197 5201
f 5204 5203 5202
f 5205 5204 5202
f 5206 5205 5202
f 5198 5199 5197
f 5199 5200 5197
f 5200 5201 5197
usemtl tronco
f 5213 5214 5208 5207
f 5214 5215 5209 5208
f 5215 5216 5210 5209
f 5216 5217 5211 5210
f 5217 5218 5212 5211
f 5218 5213 5207 5212
f 5215 5214 5213
f 5216 5215 5213
f 5217 5216 5213
f 5218 5217 5213
f 5208 5209 5207
f 5209 5210 5207
f 5210 5211 5207
f 5211 5212 5207
usemtl copaClara
f 5224 5225 5220 5219
f 5225 5226 5221 5220
f 5226 5227 5222 5221
f 5227 5228 5223 5222
f 5228 5224 5219 5223
f 5226 5225 5224
f 5227 5226 5224
f 5228 5227 5224
f 5220 5221 5219
f 5221 5222 5219
f 5222 5223 5219
f 5234 5235 5230 5229
f 5235 5236 5231 5230
f 5236 5237 5232 5231
f 5237 5238 5233 5232
f 5238 5234 5229 5233
f 5236 5235 5234
f 5237 5236 5234
f 5238 5237 5234
f 5230 5231 5229
f 5231 5232 5229
f 5232 5233 5229
usemtl tronco
f 5245 5246 5240 5239
f 5246 5247 5241 5240
f 5247 5248 5242 5241
f 5248 5249 5243 5242
f 5249 5250 5244 5243
f 5250 5245 5239 5244
f 5247 5246 5245
f 5248 5247 5245
f 5249 5248 5245
f 5250 5249 5245
f 5240 5241 5239
f 5241 5242 5239
f 5242 5243 5239
f 5243 5244 5239
usemtl copa
f 5256 5257 5252 5251
f 5257 5258 5253 5252
f 5258 5259 5254 5253
f 5259 5260 5255 5254
f 5260 5256 5251 5255
f 5258 5257 5256
f 5259 5258 5256
f 5260 5259 5256
f 5252 5253 5251
f 5253 5254 5251
f 5254 5255 5251
f 5266 5267 5262 5261
f 5267 5268 5263 5262
f 5268 5269 5264 5263
f 5269 5270 5265 5264
f 5270 5266 5261 5265
f 5268 5267 5266
f 5269 5268 5266
f 5270 5269 5266
f 5262 5263 5261
f 5263 5264 5261
f 5264 5265 5261
usemtl tronco
f 5277 5278 5272 5271
f 5278 5279 5273 5272
f 5279 5280 5274 5273
f 5280 5281 5275 5274
f 5281 5282 5276 5275
f 5282 5277 5271 5276
f 5279 5278 5277
f 5280 5279 5277
f 5281 5280 5277
f 5282 5281 5277
f 5272 5273 5271
f 5273 5274 5271
f 5274 5275 5271
f 5275 5276 5271
usemtl copaClara
f 5288 5289 5284 5283
f 5289 5290 5285 5284
f 5290 5291 5286 5285
f 5291 5292 5287 5286
f 5292 5288 5283 5287
f 5290 5289 5288
f 5291 5290 5288
f 5292 5291 5288
f 5284 5285 5283
f 5285 5286 5283
f 5286 5287 5283
f 5298 5299 5294 5293
f 5299 5300 5295 5294
f 5300 5301 5296 5295
f 5301 5302 5297 5296
f 5302 5298 5293 5297
f 5300 5299 5298
f 5301 5300 5298
f 5302 5301 5298
f 5294 5295 5293
f 5295 5296 5293
f 5296 5297 5293
usemtl tronco
f 5309 5310 5304 5303
f 5310 5311 5305 5304
f 5311 5312 5306 5305
f 5312 5313 5307 5306
f 5313 5314 5308 5307
f 5314 5309 5303 5308
f 5311 5310 5309
f 5312 5311 5309
f 5313 5312 5309
f 5314 5313 5309
f 5304 5305 5303
f 5305 5306 5303
f 5306 5307 5303
f 5307 5308 5303
usemtl copa
f 5320 5321 5316 5315
f 5321 5322 5317 5316
f 5322 5323 5318 5317
f 5323 5324 5319 5318
f 5324 5320 5315 5319
f 5322 5321 5320
f 5323 5322 5320
f 5324 5323 5320
f 5316 5317 5315
f 5317 5318 5315
f 5318 5319 5315
f 5330 5331 5326 5325
f 5331 5332 5327 5326
f 5332 5333 5328 5327
f 5333 5334 5329 5328
f 5334 5330 5325 5329
f 5332 5331 5330
f 5333 5332 5330
f 5334 5333 5330
f 5326 5327 5325
f 5327 5328 5325
f 5328 5329 5325
usemtl tronco
f 5341 5342 5336 5335
f 5342 5343 5337 5336
f 5343 5344 5338 5337
f 5344 5345 5339 5338
f 5345 5346 5340 5339
f 5346 5341 5335 5340
f 5343 5342 5341
f 5344 5343 5341
f 5345 5344 5341
f 5346 5345 5341
f 5336 5337 5335
f 5337 5338 5335
f 5338 5339 5335
f 5339 5340 5335
usemtl copaClara
f 5352 5353 5348 5347
f 5353 5354 5349 5348
f 5354 5355 5350 5349
f 5355 5356 5351 5350
f 5356 5352 5347 5351
f 5354 5353 5352
f 5355 5354 5352
f 5356 5355 5352
f 5348 5349 5347
f 5349 5350 5347
f 5350 5351 5347
f 5362 5363 5358 5357
f 5363 5364 5359 5358
f 5364 5365 5360 5359
f 5365 5366 5361 5360
f 5366 5362 5357 5361
f 5364 5363 5362
f 5365 5364 5362
f 5366 5365 5362
f 5358 5359 5357
f 5359 5360 5357
f 5360 5361 5357
usemtl tronco
f 5373 5374 5368 5367
f 5374 5375 5369 5368
f 5375 5376 5370 5369
f 5376 5377 5371 5370
f 5377 5378 5372 5371
f 5378 5373 5367 5372
f 5375 5374 5373
f 5376 5375 5373
f 5377 5376 5373
f 5378 5377 5373
f 5368 5369 5367
f 5369 5370 5367
f 5370 5371 5367
f 5371 5372 5367
usemtl copa
f 5384 5385 5380 5379
f 5385 5386 5381 5380
f 5386 5387 5382 5381
f 5387 5388 5383 5382
f 5388 5384 5379 5383
f 5386 5385 5384
f 5387 5386 5384
f 5388 5387 5384
f 5380 5381 5379
f 5381 5382 5379
f 5382 5383 5379
f 5394 5395 5390 5389
f 5395 5396 5391 5390
f 5396 5397 5392 5391
f 5397 5398 5393 5392
f 5398 5394 5389 5393
f 5396 5395 5394
f 5397 5396 5394
f 5398 5397 5394
f 5390 5391 5389
f 5391 5392 5389
f 5392 5393 5389
usemtl tronco
f 5405 5406 5400 5399
f 5406 5407 5401 5400
f 5407 5408 5402 5401
f 5408 5409 5403 5402
f 5409 5410 5404 5403
f 5410 5405 5399 5404
f 5407 5406 5405
f 5408 5407 5405
f 5409 5408 5405
f 5410 5409 5405
f 5400 5401 5399
f 5401 5402 5399
f 5402 5403 5399
f 5403 5404 5399
usemtl copaClara
f 5416 5417 5412 5411
f 5417 5418 5413 5412
f 5418 5419 5414 5413
f 5419 5420 5415 5414
f 5420 5416 5411 5415
f 5418 5417 5416
f 5419 5418 5416
f 5420 5419 5416
f 5412 5413 5411
f 5413 5414 5411
f 5414 5415 5411
f 5426 5427 5422 5421
f 5427 5428 5423 5422
f 5428 5429 5424 5423
f 5429 5430 5425 5424
f 5430 5426 5421 5425
f 5428 5427 5426
f 5429 5428 5426
f 5430 5429 5426
f 5422 5423 5421
f 5423 5424 5421
f 5424 5425 5421
